	U+0E000	pom-clean_code
	U+0E001	pom-pomodoro_done
	U+0E002	pom-pomodoro_estimated
	U+0E003	pom-pomodoro_ticking
	U+0E004	pom-pomodoro_squashed
	U+0E005	pom-short_pause
	U+0E006	pom-long_pause
	U+0E007	pom-away
	U+0E008	pom-pair_programming
	U+0E009	pom-internal_interruption
	U+0E00A	pom-external_interruption
	U+0E0A0	pl-branch
	U+0E0A1	pl-line_number
	U+0E0A2	pl-readonly
	U+0E0A3	ple-current_column
	U+0E0B0	pl-left_hard_divider
	U+0E0B1	pl-left_soft_divider
	U+0E0B2	pl-right_hard_divider
	U+0E0B3	pl-right_soft_divider
	U+0E0B4	ple-right_half_circle_thick
	U+0E0B5	ple-right_half_circle_thin
	U+0E0B6	ple-left_half_circle_thick
	U+0E0B7	ple-left_half_circle_thin
	U+0E0B8	ple-lower_left_triangle
	U+0E0B9	ple-backslash_separator
	U+0E0BA	ple-lower_right_triangle
	U+0E0BB	ple-forwardslash_separator
	U+0E0BC	ple-upper_left_triangle
	U+0E0BD	ple-forwardslash_separator_redundant
	U+0E0BE	ple-upper_right_triangle
	U+0E0BF	ple-backslash_separator_redundant
	U+0E0C0	ple-flame_thick
	U+0E0C1	ple-flame_thin
	U+0E0C2	ple-flame_thick_mirrored
	U+0E0C3	ple-flame_thin_mirrored
	U+0E0C4	ple-pixelated_squares_small
	U+0E0C5	ple-pixelated_squares_small_mirrored
	U+0E0C6	ple-pixelated_squares_big
	U+0E0C7	ple-pixelated_squares_big_mirrored
	U+0E0C8	ple-ice_waveform
	U+0E0CA	ple-ice_waveform_mirrored
	U+0E0CC	ple-honeycomb
	U+0E0CD	ple-honeycomb_outline
	U+0E0CE	ple-lego_separator
	U+0E0CF	ple-lego_separator_thin
	U+0E0D0	ple-lego_block_facing
	U+0E0D1	ple-lego_block_sideways
	U+0E0D2	ple-trapezoid_top_bottom
	U+0E0D4	ple-trapezoid_top_bottom_mirrored
	U+0E0D6	ple-right_hard_divider_inverse
	U+0E0D7	ple-left_hard_divider_inverse
	U+0E200	fae-smaller
	U+0E201	fae-snowing
	U+0E202	fae-soda
	U+0E203	fae-sofa
	U+0E204	fae-soup
	U+0E205	fae-spermatozoon
	U+0E206	fae-spin_double
	U+0E207	fae-stomach
	U+0E208	fae-storm
	U+0E209	fae-telescope
	U+0E20A	fae-thermometer
	U+0E20B	fae-thermometer_high
	U+0E20C	fae-thermometer_low
	U+0E20D	fae-thin_close
	U+0E20E	fae-toilet
	U+0E20F	fae-tools
	U+0E210	fae-tooth
	U+0E211	fae-uterus
	U+0E212	fae-w3c
	U+0E213	fae-walking
	U+0E214	fae-virus
	U+0E215	fae-telegram_circle
	U+0E216	fae-slash
	U+0E217	fae-telegram
	U+0E218	fae-shirt
	U+0E219	fae-tacos
	U+0E21A	fae-sushi
	U+0E21B	fae-triangle_ruler
	U+0E21C	fae-tree
	U+0E21D	fae-sun_cloud
	U+0E21E	fae-ruby_o
	U+0E21F	fae-ruler
	U+0E220	fae-umbrella
	U+0E221	fae-medicine
	U+0E222	fae-microscope
	U+0E223	fae-milk_bottle
	U+0E224	fae-minimize
	U+0E225	fae-molecule
	U+0E226	fae-moon_cloud
	U+0E227	fae-mushroom
	U+0E228	fae-mustache
	U+0E229	fae-mysql
	U+0E22A	fae-nintendo
	U+0E22B	fae-palette_color
	U+0E22C	fae-pi
	U+0E22D	fae-pizza
	U+0E22E	fae-planet
	U+0E22F	fae-plant
	U+0E230	fae-playstation
	U+0E231	fae-poison
	U+0E232	fae-popcorn
	U+0E233	fae-popsicle
	U+0E234	fae-pulse
	U+0E235	fae-python
	U+0E236	fae-quora_circle
	U+0E237	fae-quora_square
	U+0E238	fae-radioactive
	U+0E239	fae-raining
	U+0E23A	fae-real_heart
	U+0E23B	fae-refrigerator
	U+0E23C	fae-restore
	U+0E23D	fae-ring
	U+0E23E	fae-ruby
	U+0E23F	fae-fingerprint
	U+0E240	fae-floppy
	U+0E241	fae-footprint
	U+0E242	fae-freecodecamp
	U+0E243	fae-galaxy
	U+0E244	fae-galery
	U+0E245	fae-glass
	U+0E246	fae-google_drive
	U+0E247	fae-google_play
	U+0E248	fae-gps
	U+0E249	fae-grav
	U+0E24A	fae-guitar
	U+0E24B	fae-gut
	U+0E24C	fae-halter
	U+0E24D	fae-hamburger
	U+0E24E	fae-hat
	U+0E24F	fae-hexagon
	U+0E250	fae-high_heel
	U+0E251	fae-hotdog
	U+0E252	fae-ice_cream
	U+0E253	fae-id_card
	U+0E254	fae-imdb
	U+0E255	fae-infinity
	U+0E256	fae-java
	U+0E257	fae-layers
	U+0E258	fae-lips
	U+0E259	fae-lipstick
	U+0E25A	fae-liver
	U+0E25B	fae-lung
	U+0E25C	fae-makeup_brushes
	U+0E25D	fae-maximize
	U+0E25E	fae-wallet
	U+0E25F	fae-chess_horse
	U+0E260	fae-chess_king
	U+0E261	fae-chess_pawn
	U+0E262	fae-chess_queen
	U+0E263	fae-chess_tower
	U+0E264	fae-cheese
	U+0E265	fae-chilli
	U+0E266	fae-chip
	U+0E267	fae-cicling
	U+0E268	fae-cloud
	U+0E269	fae-cockroach
	U+0E26A	fae-coffe_beans
	U+0E26B	fae-coins
	U+0E26C	fae-comb
	U+0E26D	fae-comet
	U+0E26E	fae-crown
	U+0E26F	fae-cup_coffe
	U+0E270	fae-dice
	U+0E271	fae-disco
	U+0E272	fae-dna
	U+0E273	fae-donut
	U+0E274	fae-dress
	U+0E275	fae-drop
	U+0E276	fae-ello
	U+0E277	fae-envelope_open
	U+0E278	fae-envelope_open_o
	U+0E279	fae-equal
	U+0E27A	fae-equal_bigger
	U+0E27B	fae-feedly
	U+0E27C	fae-file_export
	U+0E27D	fae-file_import
	U+0E27E	fae-wind
	U+0E27F	fae-atom
	U+0E280	fae-bacteria
	U+0E281	fae-banana
	U+0E282	fae-bath
	U+0E283	fae-bed
	U+0E284	fae-benzene
	U+0E285	fae-bigger
	U+0E286	fae-biohazard
	U+0E287	fae-blogger_circle
	U+0E288	fae-blogger_square
	U+0E289	fae-bones
	U+0E28A	fae-book_open
	U+0E28B	fae-book_open_o
	U+0E28C	fae-brain
	U+0E28D	fae-bread
	U+0E28E	fae-butterfly
	U+0E28F	fae-carot
	U+0E290	fae-cc_by
	U+0E291	fae-cc_cc
	U+0E292	fae-cc_nc
	U+0E293	fae-cc_nc_eu
	U+0E294	fae-cc_nc_jp
	U+0E295	fae-cc_nd
	U+0E296	fae-cc_remix
	U+0E297	fae-cc_sa
	U+0E298	fae-cc_share
	U+0E299	fae-cc_zero
	U+0E29A	fae-checklist_o
	U+0E29B	fae-cherry
	U+0E29C	fae-chess_bishop
	U+0E29D	fae-xbox
	U+0E29E	fae-apple_fruit
	U+0E29F	fae-chicken_thigh
	U+0E2A0	fae-gift_card
	U+0E2A1	fae-injection
	U+0E2A2	fae-isle
	U+0E2A3	fae-lollipop
	U+0E2A4	fae-loyalty_card
	U+0E2A5	fae-meat
	U+0E2A6	fae-mountains
	U+0E2A7	fae-orange
	U+0E2A8	fae-peach
	U+0E2A9	fae-pear
	U+0E300	weather-day_cloudy_gusts
	U+0E301	weather-day_cloudy_windy
	U+0E302	weather-day_cloudy
	U+0E303	weather-day_fog
	U+0E304	weather-day_hail
	U+0E305	weather-day_lightning
	U+0E306	weather-day_rain_mix
	U+0E307	weather-day_rain_wind
	U+0E308	weather-day_rain
	U+0E309	weather-day_showers
	U+0E30A	weather-day_snow
	U+0E30B	weather-day_sprinkle
	U+0E30C	weather-day_sunny_overcast
	U+0E30D	weather-day_sunny
	U+0E30E	weather-day_storm_showers
	U+0E30F	weather-day_thunderstorm
	U+0E310	weather-cloudy_gusts
	U+0E311	weather-cloudy_windy
	U+0E312	weather-cloudy
	U+0E313	weather-fog
	U+0E314	weather-hail
	U+0E315	weather-lightning
	U+0E316	weather-rain_mix
	U+0E317	weather-rain_wind
	U+0E318	weather-rain
	U+0E319	weather-showers
	U+0E31A	weather-snow
	U+0E31B	weather-sprinkle
	U+0E31C	weather-storm_showers
	U+0E31D	weather-thunderstorm
	U+0E31E	weather-windy
	U+0E31F	weather-night_alt_cloudy_gusts
	U+0E320	weather-night_alt_cloudy_windy
	U+0E321	weather-night_alt_hail
	U+0E322	weather-night_alt_lightning
	U+0E323	weather-night_alt_rain_mix
	U+0E324	weather-night_alt_rain_wind
	U+0E325	weather-night_alt_rain
	U+0E326	weather-night_alt_showers
	U+0E327	weather-night_alt_snow
	U+0E328	weather-night_alt_sprinkle
	U+0E329	weather-night_alt_storm_showers
	U+0E32A	weather-night_alt_thunderstorm
	U+0E32B	weather-night_clear
	U+0E32C	weather-night_cloudy_gusts
	U+0E32D	weather-night_cloudy_windy
	U+0E32E	weather-night_cloudy
	U+0E32F	weather-night_hail
	U+0E330	weather-night_lightning
	U+0E331	weather-night_rain_mix
	U+0E332	weather-night_rain_wind
	U+0E333	weather-night_rain
	U+0E334	weather-night_showers
	U+0E335	weather-night_snow
	U+0E336	weather-night_sprinkle
	U+0E337	weather-night_storm_showers
	U+0E338	weather-night_thunderstorm
	U+0E339	weather-celsius
	U+0E33A	weather-cloud_down
	U+0E33B	weather-cloud_refresh
	U+0E33C	weather-cloud_up
	U+0E33D	weather-cloud
	U+0E33E	weather-degrees
	U+0E33F	weather-direction_down_left
	U+0E340	weather-direction_down
	U+0E341	weather-fahrenheit
	U+0E342	weather-horizon_alt
	U+0E343	weather-horizon
	U+0E344	weather-direction_left
	U+0E345	weather-aliens
	U+0E346	weather-night_fog
	U+0E347	weather-refresh_alt
	U+0E348	weather-refresh
	U+0E349	weather-direction_right
	U+0E34A	weather-raindrops
	U+0E34B	weather-strong_wind
	U+0E34C	weather-sunrise
	U+0E34D	weather-sunset
	U+0E34E	weather-thermometer_exterior
	U+0E34F	weather-thermometer_internal
	U+0E350	weather-thermometer
	U+0E351	weather-tornado
	U+0E352	weather-direction_up_right
	U+0E353	weather-direction_up
	U+0E354	weather-wind_west
	U+0E355	weather-wind_south_west
	U+0E356	weather-wind_south_east
	U+0E357	weather-wind_south
	U+0E358	weather-wind_north_west
	U+0E359	weather-wind_north_east
	U+0E35A	weather-wind_north
	U+0E35B	weather-wind_east
	U+0E35C	weather-smoke
	U+0E35D	weather-dust
	U+0E35E	weather-snow_wind
	U+0E35F	weather-day_snow_wind
	U+0E360	weather-night_snow_wind
	U+0E361	weather-night_alt_snow_wind
	U+0E362	weather-day_sleet_storm
	U+0E363	weather-night_sleet_storm
	U+0E364	weather-night_alt_sleet_storm
	U+0E365	weather-day_snow_thunderstorm
	U+0E366	weather-night_snow_thunderstorm
	U+0E367	weather-night_alt_snow_thunderstorm
	U+0E368	weather-solar_eclipse
	U+0E369	weather-lunar_eclipse
	U+0E36A	weather-meteor
	U+0E36B	weather-hot
	U+0E36C	weather-hurricane
	U+0E36D	weather-smog
	U+0E36E	weather-alien
	U+0E36F	weather-snowflake_cold
	U+0E370	weather-stars
	U+0E371	weather-raindrop
	U+0E372	weather-barometer
	U+0E373	weather-humidity
	U+0E374	weather-na
	U+0E375	weather-flood
	U+0E376	weather-day_cloudy_high
	U+0E377	weather-night_alt_cloudy_high
	U+0E378	weather-night_cloudy_high
	U+0E379	weather-night_alt_partly_cloudy
	U+0E37A	weather-sandstorm
	U+0E37B	weather-night_partly_cloudy
	U+0E37C	weather-umbrella
	U+0E37D	weather-day_windy
	U+0E37E	weather-night_alt_cloudy
	U+0E37F	weather-direction_up_left
	U+0E380	weather-direction_down_right
	U+0E381	weather-time_12
	U+0E382	weather-time_1
	U+0E383	weather-time_2
	U+0E384	weather-time_3
	U+0E385	weather-time_4
	U+0E386	weather-time_5
	U+0E387	weather-time_6
	U+0E388	weather-time_7
	U+0E389	weather-time_8
	U+0E38A	weather-time_9
	U+0E38B	weather-time_10
	U+0E38C	weather-time_11
	U+0E38D	weather-moon_new
	U+0E38E	weather-moon_waxing_crescent_1
	U+0E38F	weather-moon_waxing_crescent_2
	U+0E390	weather-moon_waxing_crescent_3
	U+0E391	weather-moon_waxing_crescent_4
	U+0E392	weather-moon_waxing_crescent_5
	U+0E393	weather-moon_waxing_crescent_6
	U+0E394	weather-moon_first_quarter
	U+0E395	weather-moon_waxing_gibbous_1
	U+0E396	weather-moon_waxing_gibbous_2
	U+0E397	weather-moon_waxing_gibbous_3
	U+0E398	weather-moon_waxing_gibbous_4
	U+0E399	weather-moon_waxing_gibbous_5
	U+0E39A	weather-moon_waxing_gibbous_6
	U+0E39B	weather-moon_full
	U+0E39C	weather-moon_waning_gibbous_1
	U+0E39D	weather-moon_waning_gibbous_2
	U+0E39E	weather-moon_waning_gibbous_3
	U+0E39F	weather-moon_waning_gibbous_4
	U+0E3A0	weather-moon_waning_gibbous_5
	U+0E3A1	weather-moon_waning_gibbous_6
	U+0E3A2	weather-moon_third_quarter
	U+0E3A3	weather-moon_waning_crescent_1
	U+0E3A4	weather-moon_waning_crescent_2
	U+0E3A5	weather-moon_waning_crescent_3
	U+0E3A6	weather-moon_waning_crescent_4
	U+0E3A7	weather-moon_waning_crescent_5
	U+0E3A8	weather-moon_waning_crescent_6
	U+0E3A9	weather-wind_direction
	U+0E3AA	weather-day_sleet
	U+0E3AB	weather-night_sleet
	U+0E3AC	weather-night_alt_sleet
	U+0E3AD	weather-sleet
	U+0E3AE	weather-day_haze
	U+0E3AF	weather-wind_beaufort_0
	U+0E3B0	weather-wind_beaufort_1
	U+0E3B1	weather-wind_beaufort_2
	U+0E3B2	weather-wind_beaufort_3
	U+0E3B3	weather-wind_beaufort_4
	U+0E3B4	weather-wind_beaufort_5
	U+0E3B5	weather-wind_beaufort_6
	U+0E3B6	weather-wind_beaufort_7
	U+0E3B7	weather-wind_beaufort_8
	U+0E3B8	weather-wind_beaufort_9
	U+0E3B9	weather-wind_beaufort_10
	U+0E3BA	weather-wind_beaufort_11
	U+0E3BB	weather-wind_beaufort_12
	U+0E3BC	weather-day_light_wind
	U+0E3BD	weather-tsunami
	U+0E3BE	weather-earthquake
	U+0E3BF	weather-fire
	U+0E3C0	weather-volcano
	U+0E3C1	weather-moonrise
	U+0E3C2	weather-moonset
	U+0E3C3	weather-train
	U+0E3C4	weather-small_craft_advisory
	U+0E3C5	weather-gale_warning
	U+0E3C6	weather-storm_warning
	U+0E3C7	weather-hurricane_warning
	U+0E3C8	weather-moon_alt_waxing_crescent_1
	U+0E3C9	weather-moon_alt_waxing_crescent_2
	U+0E3CA	weather-moon_alt_waxing_crescent_3
	U+0E3CB	weather-moon_alt_waxing_crescent_4
	U+0E3CC	weather-moon_alt_waxing_crescent_5
	U+0E3CD	weather-moon_alt_waxing_crescent_6
	U+0E3CE	weather-moon_alt_first_quarter
	U+0E3CF	weather-moon_alt_waxing_gibbous_1
	U+0E3D0	weather-moon_alt_waxing_gibbous_2
	U+0E3D1	weather-moon_alt_waxing_gibbous_3
	U+0E3D2	weather-moon_alt_waxing_gibbous_4
	U+0E3D3	weather-moon_alt_waxing_gibbous_5
	U+0E3D4	weather-moon_alt_waxing_gibbous_6
	U+0E3D5	weather-moon_alt_full
	U+0E3D6	weather-moon_alt_waning_gibbous_1
	U+0E3D7	weather-moon_alt_waning_gibbous_2
	U+0E3D8	weather-moon_alt_waning_gibbous_3
	U+0E3D9	weather-moon_alt_waning_gibbous_4
	U+0E3DA	weather-moon_alt_waning_gibbous_5
	U+0E3DB	weather-moon_alt_waning_gibbous_6
	U+0E3DC	weather-moon_alt_third_quarter
	U+0E3DD	weather-moon_alt_waning_crescent_1
	U+0E3DE	weather-moon_alt_waning_crescent_2
	U+0E3DF	weather-moon_alt_waning_crescent_3
	U+0E3E0	weather-moon_alt_waning_crescent_4
	U+0E3E1	weather-moon_alt_waning_crescent_5
	U+0E3E2	weather-moon_alt_waning_crescent_6
	U+0E3E3	weather-moon_alt_new
	U+0E5FA	custom-folder_npm
	U+0E5FB	custom-folder_git_branch
	U+0E5FC	custom-folder_config
	U+0E5FD	custom-folder_github
	U+0E5FE	custom-folder_open
	U+0E5FF	custom-folder
	U+0E600	seti-stylus
	U+0E601	seti-project
	U+0E602	seti-play_arrow
	U+0E603	seti-sass
	U+0E604	seti-rails
	U+0E605	seti-ruby
	U+0E606	seti-python
	U+0E607	seti-heroku
	U+0E608	seti-php
	U+0E609	seti-markdown
	U+0E60A	seti-license
	U+0E60B	seti-less
	U+0E60C	seti-javascript
	U+0E60D	seti-image
	U+0E60E	seti-html
	U+0E60F	seti-mustache
	U+0E610	seti-gulp
	U+0E611	seti-grunt
	U+0E612	custom-default
	U+0E613	seti-folder
	U+0E614	seti-css
	U+0E615	seti-config
	U+0E616	seti-npm_ignored
	U+0E617	seti-home
	U+0E618	seti-ejs
	U+0E619	seti-xml
	U+0E61A	seti-bower
	U+0E61B	seti-coffee
	U+0E61C	seti-twig
	U+0E61D	custom-cpp
	U+0E61E	custom-c
	U+0E61F	seti-haskell
	U+0E620	seti-lua
	U+0E621	indentation-line
	U+0E622	seti-karma
	U+0E623	seti-favicon
	U+0E624	seti-julia
	U+0E625	seti-react
	U+0E626	custom-go
	U+0E627	seti-go
	U+0E628	seti-typescript
	U+0E629	custom-msdos
	U+0E62A	custom-windows
	U+0E62B	custom-vim
	U+0E62C	seti-elm
	U+0E62D	seti-elixir
	U+0E62E	custom-electron
	U+0E62F	seti-crystal
	U+0E630	seti-purescript
	U+0E631	seti-puppet
	U+0E632	custom-emacs
	U+0E633	custom-orgmode
	U+0E634	seti-kotlin
	U+0E635	seti-apple
	U+0E636	seti-argdown
	U+0E637	seti-asm
	U+0E638	seti-audio
	U+0E639	seti-babel
	U+0E63A	seti-bazel
	U+0E63B	seti-bicep
	U+0E63C	seti-bsl
	U+0E63D	seti-cake_php
	U+0E63E	seti-cake
	U+0E63F	seti-checkbox
	U+0E640	seti-checkbox_unchecked
	U+0E641	seti-time_cop
	U+0E642	seti-clojure
	U+0E643	seti-code_climate
	U+0E644	seti-code_search
	U+0E645	seti-coldfusion
	U+0E646	seti-cpp
	U+0E647	seti-crystal_embedded
	U+0E648	seti-c_sharp
	U+0E649	seti-c
	U+0E64A	seti-csv
	U+0E64B	seti-cu
	U+0E64C	seti-dart
	U+0E64D	seti-db
	U+0E64E	seti-text
	U+0E64F	seti-deprecation_cop
	U+0E650	seti-docker
	U+0E651	seti-d
	U+0E652	seti-editorconfig
	U+0E653	seti-elixir_script
	U+0E654	seti-error
	U+0E655	seti-eslint
	U+0E656	seti-ethereum
	U+0E657	seti-firebase
	U+0E658	seti-firefox
	U+0E659	seti-font
	U+0E65A	seti-f_sharp
	U+0E65B	seti-github
	U+0E65C	seti-gitlab
	U+0E65D	seti-git_ignore
	U+0E65E	seti-go2
	U+0E65F	seti-godot
	U+0E660	seti-gradle
	U+0E661	seti-grails
	U+0E662	seti-graphql
	U+0E663	seti-hacklang
	U+0E664	seti-haml
	U+0E665	seti-happenings
	U+0E666	seti-haxe
	U+0E667	seti-hex
	U+0E668	seti-ignored
	U+0E669	seti-illustrator
	U+0E66A	seti-info
	U+0E66B	seti-ionic
	U+0E66C	seti-jade
	U+0E66D	seti-java
	U+0E66E	seti-jenkins
	U+0E66F	seti-jinja
	U+0E670	seti-liquid
	U+0E671	seti-livescript
	U+0E672	seti-lock
	U+0E673	seti-makefile
	U+0E674	seti-maven
	U+0E675	seti-mdo
	U+0E676	seti-new_file
	U+0E677	seti-nim
	U+0E678	seti-notebook
	U+0E679	seti-nunjucks
	U+0E67A	seti-ocaml
	U+0E67B	seti-odata
	U+0E67C	seti-pddl
	U+0E67D	seti-pdf
	U+0E67E	seti-perl
	U+0E67F	seti-photoshop
	U+0E680	seti-pipeline
	U+0E681	seti-plan
	U+0E682	seti-platformio
	U+0E683	seti-powershell
	U+0E684	seti-prisma
	U+0E685	seti-prolog
	U+0E686	seti-pug
	U+0E687	seti-reasonml
	U+0E688	seti-rescript
	U+0E689	seti-rollup
	U+0E68A	seti-r
	U+0E68B	seti-rust
	U+0E68C	seti-salesforce
	U+0E68D	seti-sbt
	U+0E68E	seti-scala
	U+0E68F	seti-search
	U+0E690	seti-settings
	U+0E691	seti-shell
	U+0E692	seti-slim
	U+0E693	seti-smarty
	U+0E694	seti-spring
	U+0E695	seti-stylelint
	U+0E696	seti-sublime
	U+0E697	seti-svelte
	U+0E698	seti-svg
	U+0E699	seti-swift
	U+0E69A	seti-terraform
	U+0E69B	seti-tex
	U+0E69C	seti-todo
	U+0E69D	seti-tsconfig
	U+0E69E	seti-vala
	U+0E69F	seti-video
	U+0E6A0	seti-vue
	U+0E6A1	seti-wasm
	U+0E6A2	seti-wat
	U+0E6A3	seti-webpack
	U+0E6A4	seti-wgt
	U+0E6A5	seti-word
	U+0E6A6	seti-xls
	U+0E6A7	seti-yarn
	U+0E6A8	seti-yml
	U+0E6A9	seti-zig
	U+0E6AA	seti-zip
	U+0E6AB	custom-asm
	U+0E6AC	custom-v_lang
	U+0E6AD	custom-folder_oct
	U+0E6AE	custom-neovim
	U+0E6AF	custom-fennel
	U+0E6B0	custom-common_lisp
	U+0E6B1	custom-scheme
	U+0E6B2	custom-toml
	U+0E6B3	custom-astro
	U+0E6B4	custom-prettier
	U+0E6B5	custom-ada
	U+0E6B6	custom-chuck
	U+0E6B7	custom-vitruvian
	U+0E6B8	custom-css
	U+0E6B9	custom-zsh
	U+0E6BA	custom-wireshark
	U+0E6BB	custom-obsidian
	U+0E700	dev-aarch64
	U+0E701	dev-adonisjs
	U+0E702	dev-git
	U+0E703	dev-bitbucket
	U+0E704	dev-mysql
	U+0E705	dev-aftereffects
	U+0E706	dev-database
	U+0E707	dev-dropbox
	U+0E708	dev-akka
	U+0E709	dev-github_badge
	U+0E70A	dev-algolia
	U+0E70B	dev-wordpress
	U+0E70C	dev-visualstudio
	U+0E70D	dev-jekyll_small
	U+0E70E	dev-android
	U+0E70F	dev-windows
	U+0E710	dev-stackoverflow
	U+0E711	dev-apple
	U+0E712	dev-linux
	U+0E713	dev-alpinejs
	U+0E714	dev-ghost_small
	U+0E715	dev-anaconda
	U+0E716	dev-codepen
	U+0E717	dev-github_full
	U+0E718	dev-nodejs_small
	U+0E719	dev-nodejs
	U+0E71A	dev-androidstudio
	U+0E71B	dev-ember
	U+0E71C	dev-angularjs
	U+0E71D	dev-django
	U+0E71E	dev-npm
	U+0E71F	dev-ghost
	U+0E720	dev-angularmaterial
	U+0E721	dev-unity_small
	U+0E722	dev-raspberry_pi
	U+0E723	dev-ansible
	U+0E724	dev-go
	U+0E725	dev-git_branch
	U+0E726	dev-git_pull_request
	U+0E727	dev-git_merge
	U+0E728	dev-git_compare
	U+0E729	dev-git_commit
	U+0E72A	dev-antdesign
	U+0E72B	dev-apache
	U+0E72C	dev-apacheairflow
	U+0E72D	dev-smashing_magazine
	U+0E72E	dev-apachekafka
	U+0E72F	dev-apachespark
	U+0E730	dev-apl
	U+0E731	dev-appwrite
	U+0E732	dev-archlinux
	U+0E733	dev-arduino
	U+0E734	dev-argocd
	U+0E735	dev-astro
	U+0E736	dev-html5
	U+0E737	dev-scala
	U+0E738	dev-java
	U+0E739	dev-ruby
	U+0E73A	dev-ubuntu
	U+0E73B	dev-ruby_on_rails
	U+0E73C	dev-python
	U+0E73D	dev-php
	U+0E73E	dev-markdown
	U+0E73F	dev-laravel
	U+0E740	dev-magento
	U+0E741	dev-awk
	U+0E742	dev-drupal
	U+0E743	dev-chrome
	U+0E744	dev-ie
	U+0E745	dev-firefox
	U+0E746	dev-opera
	U+0E747	dev-bootstrap
	U+0E748	dev-safari
	U+0E749	dev-css3
	U+0E74A	dev-css3_full
	U+0E74B	dev-sass
	U+0E74C	dev-grunt
	U+0E74D	dev-bower
	U+0E74E	dev-javascript_alt
	U+0E74F	dev-axios
	U+0E750	dev-jquery
	U+0E751	dev-coffeescript
	U+0E752	dev-backbonejs
	U+0E753	dev-angular
	U+0E754	dev-azure
	U+0E755	dev-swift
	U+0E756	dev-azuredevops
	U+0E757	dev-symfony_badge
	U+0E758	dev-less
	U+0E759	dev-stylus
	U+0E75A	dev-trello
	U+0E75B	dev-azuresqldatabase
	U+0E75C	dev-jira
	U+0E75D	dev-babel
	U+0E75E	dev-ballerina
	U+0E75F	dev-bamboo
	U+0E760	dev-bash
	U+0E761	dev-beats
	U+0E762	dev-behance
	U+0E763	dev-gulp
	U+0E764	dev-atom
	U+0E765	dev-blazor
	U+0E766	dev-blender
	U+0E767	dev-jenkins
	U+0E768	dev-clojure
	U+0E769	dev-perl
	U+0E76A	dev-clojure_alt
	U+0E76B	dev-browserstack
	U+0E76C	dev-bulma
	U+0E76D	dev-redis
	U+0E76E	dev-postgresql
	U+0E76F	dev-bun
	U+0E770	dev-requirejs
	U+0E771	dev-c_lang
	U+0E772	dev-typo3
	U+0E773	dev-cairo
	U+0E774	dev-doctrine
	U+0E775	dev-groovy
	U+0E776	dev-nginx
	U+0E777	dev-haskell
	U+0E778	dev-zend
	U+0E779	dev-gnu
	U+0E77A	dev-cakephp
	U+0E77B	dev-heroku
	U+0E77C	dev-canva
	U+0E77D	dev-debian
	U+0E77E	dev-travis
	U+0E77F	dev-dotnet
	U+0E780	dev-codeigniter
	U+0E781	dev-javascript_badge
	U+0E782	dev-yii
	U+0E783	dev-composer
	U+0E784	dev-krakenjs_badge
	U+0E785	dev-capacitor
	U+0E786	dev-mozilla
	U+0E787	dev-firebase
	U+0E788	dev-carbon
	U+0E789	dev-cassandra
	U+0E78A	dev-centos
	U+0E78B	dev-ceylon
	U+0E78C	dev-circleci
	U+0E78D	dev-clarity
	U+0E78E	dev-clion
	U+0E78F	dev-mootools_badge
	U+0E790	dev-clojurescript
	U+0E791	dev-ruby_rough
	U+0E792	dev-cloudflare
	U+0E793	dev-cloudflareworkers
	U+0E794	dev-cmake
	U+0E795	dev-terminal
	U+0E796	dev-codeac
	U+0E797	dev-codecov
	U+0E798	dev-dart
	U+0E799	dev-confluence
	U+0E79A	dev-consul
	U+0E79B	dev-contao
	U+0E79C	dev-dreamweaver
	U+0E79D	dev-corejs
	U+0E79E	dev-eclipse
	U+0E79F	dev-cosmosdb
	U+0E7A0	dev-couchbase
	U+0E7A1	dev-prolog
	U+0E7A2	dev-couchdb
	U+0E7A3	dev-cplusplus
	U+0E7A4	dev-mongodb
	U+0E7A5	dev-meteor
	U+0E7A6	dev-meteorfull
	U+0E7A7	dev-fsharp
	U+0E7A8	dev-rust
	U+0E7A9	dev-ionic
	U+0E7AA	dev-sublime
	U+0E7AB	dev-appcelerator
	U+0E7AC	dev-crystal
	U+0E7AD	dev-aws
	U+0E7AE	dev-digitalocean
	U+0E7AF	dev-dlang
	U+0E7B0	dev-docker
	U+0E7B1	dev-erlang
	U+0E7B2	dev-csharp
	U+0E7B3	dev-grails
	U+0E7B4	dev-illustrator
	U+0E7B5	dev-intellij
	U+0E7B6	dev-materializecss
	U+0E7B7	dev-cucumber
	U+0E7B8	dev-photoshop
	U+0E7B9	dev-cypressio
	U+0E7BA	dev-react
	U+0E7BB	dev-redhat
	U+0E7BC	dev-d3js
	U+0E7BD	dev-datagrip
	U+0E7BE	dev-dataspell
	U+0E7BF	dev-dbeaver
	U+0E7C0	dev-denojs
	U+0E7C1	dev-devicon
	U+0E7C2	dev-discordjs
	U+0E7C3	dev-djangorest
	U+0E7C4	dev-sqlite
	U+0E7C5	dev-vim
	U+0E7C6	dev-dotnetcore
	U+0E7C7	dev-dropwizard
	U+0E7C8	dev-dynamodb
	U+0E7C9	dev-ecto
	U+0E7CA	dev-elasticsearch
	U+0E7CB	dev-electron
	U+0E7CC	dev-eleventy
	U+0E7CD	dev-elixir
	U+0E7CE	dev-elm
	U+0E7CF	dev-emacs
	U+0E7D0	dev-embeddedc
	U+0E7D1	dev-envoy
	U+0E7D2	dev-eslint
	U+0E7D3	dev-express
	U+0E7D4	dev-facebook
	U+0E7D5	dev-fastapi
	U+0E7D6	dev-fastify
	U+0E7D7	dev-faunadb
	U+0E7D8	dev-feathersjs
	U+0E7D9	dev-fedora
	U+0E7DA	dev-figma
	U+0E7DB	dev-filezilla
	U+0E7DC	dev-flask
	U+0E7DD	dev-flutter
	U+0E7DE	dev-fortran
	U+0E7DF	dev-foundation
	U+0E7E0	dev-framermotion
	U+0E7E1	dev-framework7
	U+0E7E2	dev-gatling
	U+0E7E3	dev-gatsby
	U+0E7E4	dev-gazebo
	U+0E7E5	dev-gcc
	U+0E7E6	dev-gentoo
	U+0E7E7	dev-gimp
	U+0E7E8	dev-gitbook
	U+0E7E9	dev-githubactions
	U+0E7EA	dev-githubcodespaces
	U+0E7EB	dev-gitlab
	U+0E7EC	dev-gitpod
	U+0E7ED	dev-gitter
	U+0E7EE	dev-godot
	U+0E7EF	dev-goland
	U+0E7F0	dev-google
	U+0E7F1	dev-googlecloud
	U+0E7F2	dev-gradle
	U+0E7F3	dev-grafana
	U+0E7F4	dev-graphql
	U+0E7F5	dev-grpc
	U+0E7F6	dev-hadoop
	U+0E7F7	dev-handlebars
	U+0E7F8	dev-hardhat
	U+0E7F9	dev-harvester
	U+0E7FA	dev-haxe
	U+0E7FB	dev-helm
	U+0E7FC	dev-hibernate
	U+0E7FD	dev-homebrew
	U+0E7FE	dev-hugo
	U+0E7FF	dev-ifttt
	U+0E800	dev-influxdb
	U+0E801	dev-inkscape
	U+0E802	dev-insomnia
	U+0E803	dev-jaegertracing
	U+0E804	dev-jamstack
	U+0E805	dev-jasmine
	U+0E806	dev-jeet
	U+0E807	dev-jest
	U+0E808	dev-jetbrains
	U+0E809	dev-jetpackcompose
	U+0E80A	dev-jiraalign
	U+0E80B	dev-json
	U+0E80C	dev-jule
	U+0E80D	dev-julia
	U+0E80E	dev-junit
	U+0E80F	dev-jupyter
	U+0E810	dev-k3os
	U+0E811	dev-k3s
	U+0E812	dev-k6
	U+0E813	dev-kaggle
	U+0E814	dev-karatelabs
	U+0E815	dev-karma
	U+0E816	dev-kdeneon
	U+0E817	dev-keras
	U+0E818	dev-kibana
	U+0E819	dev-knexjs
	U+0E81A	dev-knockout
	U+0E81B	dev-kotlin
	U+0E81C	dev-ktor
	U+0E81D	dev-kubernetes
	U+0E81E	dev-labview
	U+0E81F	dev-latex
	U+0E820	dev-linkedin
	U+0E821	dev-liquibase
	U+0E822	dev-livewire
	U+0E823	dev-llvm
	U+0E824	dev-lodash
	U+0E825	dev-logstash
	U+0E826	dev-lua
	U+0E827	dev-lumen
	U+0E828	dev-mariadb
	U+0E829	dev-materialui
	U+0E82A	dev-matlab
	U+0E82B	dev-matplotlib
	U+0E82C	dev-maven
	U+0E82D	dev-maya
	U+0E82E	dev-microsoftsqlserver
	U+0E82F	dev-minitab
	U+0E830	dev-mithril
	U+0E831	dev-mobx
	U+0E832	dev-mocha
	U+0E833	dev-modx
	U+0E834	dev-moleculer
	U+0E835	dev-mongoose
	U+0E836	dev-moodle
	U+0E837	dev-msdos
	U+0E838	dev-nano
	U+0E839	dev-neo4j
	U+0E83A	dev-neovim
	U+0E83B	dev-nestjs
	U+0E83C	dev-netlify
	U+0E83D	dev-networkx
	U+0E83E	dev-nextjs
	U+0E83F	dev-ngrx
	U+0E840	dev-nhibernate
	U+0E841	dev-nim
	U+0E842	dev-nimble
	U+0E843	dev-nixos
	U+0E844	dev-nodemon
	U+0E845	dev-nodewebkit
	U+0E846	dev-nomad
	U+0E847	dev-norg
	U+0E848	dev-notion
	U+0E849	dev-nuget
	U+0E84A	dev-numpy
	U+0E84B	dev-nuxtjs
	U+0E84C	dev-oauth
	U+0E84D	dev-objectivec
	U+0E84E	dev-ocaml
	U+0E84F	dev-ohmyzsh
	U+0E850	dev-okta
	U+0E851	dev-openal
	U+0E852	dev-openapi
	U+0E853	dev-opencl
	U+0E854	dev-opencv
	U+0E855	dev-opengl
	U+0E856	dev-openstack
	U+0E857	dev-opensuse
	U+0E858	dev-opentelemetry
	U+0E859	dev-oracle
	U+0E85A	dev-ory
	U+0E85B	dev-p5js
	U+0E85C	dev-packer
	U+0E85D	dev-pandas
	U+0E85E	dev-pfsense
	U+0E85F	dev-phalcon
	U+0E860	dev-phoenix
	U+0E861	dev-photonengine
	U+0E862	dev-phpstorm
	U+0E863	dev-playwright
	U+0E864	dev-plotly
	U+0E865	dev-pnpm
	U+0E866	dev-podman
	U+0E867	dev-poetry
	U+0E868	dev-polygon
	U+0E869	dev-portainer
	U+0E86A	dev-postcss
	U+0E86B	dev-postman
	U+0E86C	dev-powershell
	U+0E86D	dev-premierepro
	U+0E86E	dev-prisma
	U+0E86F	dev-processing
	U+0E870	dev-prometheus
	U+0E871	dev-protractor
	U+0E872	dev-pulsar
	U+0E873	dev-pulumi
	U+0E874	dev-puppeteer
	U+0E875	dev-purescript
	U+0E876	dev-putty
	U+0E877	dev-pycharm
	U+0E878	dev-pypi
	U+0E879	dev-pyscript
	U+0E87A	dev-pytest
	U+0E87B	dev-pytorch
	U+0E87C	dev-qodana
	U+0E87D	dev-qt
	U+0E87E	dev-quarkus
	U+0E87F	dev-quasar
	U+0E880	dev-qwik
	U+0E881	dev-r
	U+0E882	dev-rabbitmq
	U+0E883	dev-railway
	U+0E884	dev-rancher
	U+0E885	dev-reach
	U+0E886	dev-reactbootstrap
	U+0E887	dev-reactnavigation
	U+0E888	dev-reactrouter
	U+0E889	dev-readthedocs
	U+0E88A	dev-realm
	U+0E88B	dev-rect
	U+0E88C	dev-redux
	U+0E88D	dev-renpy
	U+0E88E	dev-replit
	U+0E88F	dev-rider
	U+0E890	dev-rocksdb
	U+0E891	dev-rockylinux
	U+0E892	dev-rollup
	U+0E893	dev-ros
	U+0E894	dev-rspec
	U+0E895	dev-rstudio
	U+0E896	dev-rubymine
	U+0E897	dev-rxjs
	U+0E898	dev-salesforce
	U+0E899	dev-sanity
	U+0E89A	dev-scalingo
	U+0E89B	dev-scikitlearn
	U+0E89C	dev-sdl
	U+0E89D	dev-selenium
	U+0E89E	dev-sema
	U+0E89F	dev-sentry
	U+0E8A0	dev-sequelize
	U+0E8A1	dev-shopware
	U+0E8A2	dev-shotgrid
	U+0E8A3	dev-sketch
	U+0E8A4	dev-slack
	U+0E8A5	dev-socketio
	U+0E8A6	dev-solidity
	U+0E8A7	dev-solidjs
	U+0E8A8	dev-sonarqube
	U+0E8A9	dev-sourcetree
	U+0E8AA	dev-spack
	U+0E8AB	dev-splunk
	U+0E8AC	dev-spring
	U+0E8AD	dev-spss
	U+0E8AE	dev-spyder
	U+0E8AF	dev-sqlalchemy
	U+0E8B0	dev-sqldeveloper
	U+0E8B1	dev-ssh
	U+0E8B2	dev-stata
	U+0E8B3	dev-storybook
	U+0E8B4	dev-streamlit
	U+0E8B5	dev-subversion
	U+0E8B6	dev-supabase
	U+0E8B7	dev-svelte
	U+0E8B8	dev-swagger
	U+0E8B9	dev-swiper
	U+0E8BA	dev-tailwindcss
	U+0E8BB	dev-tauri
	U+0E8BC	dev-tensorflow
	U+0E8BD	dev-terraform
	U+0E8BE	dev-tex
	U+0E8BF	dev-thealgorithms
	U+0E8C0	dev-threedsmax
	U+0E8C1	dev-threejs
	U+0E8C2	dev-titaniumsdk
	U+0E8C3	dev-tomcat
	U+0E8C4	dev-tortoisegit
	U+0E8C5	dev-towergit
	U+0E8C6	dev-traefikmesh
	U+0E8C7	dev-traefikproxy
	U+0E8C8	dev-trpc
	U+0E8C9	dev-twitter
	U+0E8CA	dev-typescript
	U+0E8CB	dev-unifiedmodelinglanguage
	U+0E8CC	dev-unix
	U+0E8CD	dev-unrealengine
	U+0E8CE	dev-uwsgi
	U+0E8CF	dev-v8
	U+0E8D0	dev-vagrant
	U+0E8D1	dev-vala
	U+0E8D2	dev-vault
	U+0E8D3	dev-vercel
	U+0E8D4	dev-vertx
	U+0E8D5	dev-visualbasic
	U+0E8D6	dev-vite
	U+0E8D7	dev-vitejs
	U+0E8D8	dev-vitess
	U+0E8D9	dev-vitest
	U+0E8DA	dev-vscode
	U+0E8DB	dev-vsphere
	U+0E8DC	dev-vuejs
	U+0E8DD	dev-vuestorefront
	U+0E8DE	dev-vuetify
	U+0E8DF	dev-vyper
	U+0E8E0	dev-wasm
	U+0E8E1	dev-webflow
	U+0E8E2	dev-weblate
	U+0E8E3	dev-webpack
	U+0E8E4	dev-webstorm
	U+0E8E5	dev-windows11
	U+0E8E6	dev-woocommerce
	U+0E8E7	dev-xamarin
	U+0E8E8	dev-xcode
	U+0E8E9	dev-xd
	U+0E8EA	dev-xml
	U+0E8EB	dev-yaml
	U+0E8EC	dev-yarn
	U+0E8ED	dev-yugabytedb
	U+0E8EE	dev-yunohost
	U+0E8EF	dev-zig
	U+0E8F0	dev-nats
	U+0E8F1	dev-aerospike
	U+0E8F2	dev-aframe
	U+0E8F3	dev-almalinux
	U+0E8F4	dev-ansys
	U+0E8F5	dev-apex
	U+0E8F6	dev-apollographql
	U+0E8F7	dev-artixlinux
	U+0E8F8	dev-babylonjs
	U+0E8F9	dev-bazel
	U+0E8FA	dev-bevyengine
	U+0E8FB	dev-biome
	U+0E8FC	dev-chakraui
	U+0E8FD	dev-chartjs
	U+0E8FE	dev-clickhouse
	U+0E8FF	dev-cloudrun
	U+0E900	dev-cobol
	U+0E901	dev-cpanel
	U+0E902	dev-datadog
	U+0E903	dev-datatables
	U+0E904	dev-delphi
	U+0E905	dev-detaspace
	U+0E906	dev-discloud
	U+0E907	dev-dovecot
	U+0E908	dev-duckdb
	U+0E909	dev-dyalog
	U+0E90A	dev-dynatrace
	U+0E90B	dev-entityframeworkcore
	U+0E90C	dev-expo
	U+0E90D	dev-fiber
	U+0E90E	dev-filamentphp
	U+0E90F	dev-firebird
	U+0E910	dev-forgejo
	U+0E911	dev-fusion
	U+0E912	dev-gardener
	U+0E913	dev-gitkraken
	U+0E914	dev-gleam
	U+0E915	dev-glitch
	U+0E916	dev-googlecolab
	U+0E917	dev-harbor
	U+0E918	dev-hoppscotch
	U+0E919	dev-htmx
	U+0E91A	dev-hyperv
	U+0E91B	dev-inertiajs
	U+0E91C	dev-jhipster
	U+0E91D	dev-kaldi
	U+0E91E	dev-kalilinux
	U+0E91F	dev-kubeflow
	U+0E920	dev-laminas
	U+0E921	dev-laraveljetstream
	U+0E922	dev-leetcode
	U+0E923	dev-libgdx
	U+0E924	dev-linuxmint
	U+0E925	dev-love2d
	U+0E926	dev-mapbox
	U+0E927	dev-mattermost
	U+0E928	dev-memcached
	U+0E929	dev-mercurial
	U+0E92A	dev-monogame
	U+0E92B	dev-netbeans
	U+0E92C	dev-netbox
	U+0E92D	dev-newrelic
	U+0E92E	dev-ngrok
	U+0E92F	dev-nodered
	U+0E930	dev-npss
	U+0E931	dev-nuxt
	U+0E932	dev-passport
	U+0E933	dev-pixijs
	U+0E934	dev-pm2
	U+0E935	dev-primeng
	U+0E936	dev-processwire
	U+0E937	dev-proxmox
	U+0E938	dev-pug
	U+0E939	dev-qtest
	U+0E93A	dev-racket
	U+0E93B	dev-radstudio
	U+0E93C	dev-reactnative
	U+0E93D	dev-reflex
	U+0E93E	dev-remix
	U+0E93F	dev-rexx
	U+0E940	dev-sourceengine
	U+0E941	dev-spicedb
	U+0E942	dev-stackblitz
	U+0E943	dev-stenciljs
	U+0E944	dev-styledcomponents
	U+0E945	dev-sulu
	U+0E946	dev-surrealdb
	U+0E947	dev-svgo
	U+0E948	dev-talos
	U+0E949	dev-teleport
	U+0E94A	dev-terramate
	U+0E94B	dev-thymeleaf
	U+0E94C	dev-tmux
	U+0E94D	dev-turbo
	U+0E94E	dev-twilio
	U+0E94F	dev-vaadin
	U+0E950	dev-veevalidate
	U+0E951	dev-vscodium
	U+0E952	dev-vulkan
	U+0E953	dev-waku
	U+0E954	dev-web3js
	U+0E955	dev-webgpu
	U+0E956	dev-wolfram
	U+0E957	dev-zsh
	U+0E958	dev-zustand
	U+0EA60	cod-add
	U+0EA61	cod-lightbulb
	U+0EA62	cod-repo
	U+0EA63	cod-repo_forked
	U+0EA64	cod-git_pull_request
	U+0EA65	cod-record_keys
	U+0EA66	cod-tag
	U+0EA67	cod-person
	U+0EA68	cod-source_control
	U+0EA69	cod-mirror
	U+0EA6A	cod-star_empty
	U+0EA6B	cod-comment
	U+0EA6C	cod-warning
	U+0EA6D	cod-search
	U+0EA6E	cod-sign_out
	U+0EA6F	cod-sign_in
	U+0EA70	cod-eye
	U+0EA71	cod-circle_filled
	U+0EA72	cod-primitive_square
	U+0EA73	cod-edit
	U+0EA74	cod-info
	U+0EA75	cod-lock
	U+0EA76	cod-close
	U+0EA77	cod-sync
	U+0EA78	cod-desktop_download
	U+0EA79	cod-beaker
	U+0EA7A	cod-vm
	U+0EA7B	cod-file
	U+0EA7C	cod-ellipsis
	U+0EA7D	cod-reply
	U+0EA7E	cod-organization
	U+0EA7F	cod-new_file
	U+0EA80	cod-new_folder
	U+0EA81	cod-trash
	U+0EA82	cod-history
	U+0EA83	cod-folder
	U+0EA84	cod-github
	U+0EA85	cod-terminal
	U+0EA86	cod-symbol_event
	U+0EA87	cod-error
	U+0EA88	cod-symbol_variable
	U+0EA8A	cod-symbol_array
	U+0EA8B	cod-symbol_namespace
	U+0EA8C	cod-symbol_method
	U+0EA8F	cod-symbol_boolean
	U+0EA90	cod-symbol_numeric
	U+0EA91	cod-symbol_structure
	U+0EA92	cod-symbol_parameter
	U+0EA93	cod-symbol_key
	U+0EA94	cod-go_to_file
	U+0EA95	cod-symbol_enum
	U+0EA96	cod-symbol_ruler
	U+0EA97	cod-activate_breakpoints
	U+0EA98	cod-archive
	U+0EA99	cod-arrow_both
	U+0EA9A	cod-arrow_down
	U+0EA9B	cod-arrow_left
	U+0EA9C	cod-arrow_right
	U+0EA9D	cod-arrow_small_down
	U+0EA9E	cod-arrow_small_left
	U+0EA9F	cod-arrow_small_right
	U+0EAA0	cod-arrow_small_up
	U+0EAA1	cod-arrow_up
	U+0EAA2	cod-bell
	U+0EAA3	cod-bold
	U+0EAA4	cod-book
	U+0EAA5	cod-bookmark
	U+0EAA6	cod-debug_breakpoint_conditional_unverified
	U+0EAA7	cod-debug_breakpoint_conditional
	U+0EAA8	cod-debug_breakpoint_data_unverified
	U+0EAA9	cod-debug_breakpoint_data
	U+0EAAA	cod-debug_breakpoint_log_unverified
	U+0EAAB	cod-debug_breakpoint_log
	U+0EAAC	cod-briefcase
	U+0EAAD	cod-broadcast
	U+0EAAE	cod-browser
	U+0EAAF	cod-bug
	U+0EAB0	cod-calendar
	U+0EAB1	cod-case_sensitive
	U+0EAB2	cod-check
	U+0EAB3	cod-checklist
	U+0EAB4	cod-chevron_down
	U+0EAB5	cod-chevron_left
	U+0EAB6	cod-chevron_right
	U+0EAB7	cod-chevron_up
	U+0EAB8	cod-chrome_close
	U+0EAB9	cod-chrome_maximize
	U+0EABA	cod-chrome_minimize
	U+0EABB	cod-chrome_restore
	U+0EABC	cod-circle
	U+0EABD	cod-circle_slash
	U+0EABE	cod-circuit_board
	U+0EABF	cod-clear_all
	U+0EAC0	cod-clippy
	U+0EAC1	cod-close_all
	U+0EAC2	cod-cloud_download
	U+0EAC3	cod-cloud_upload
	U+0EAC4	cod-code
	U+0EAC5	cod-collapse_all
	U+0EAC6	cod-color_mode
	U+0EAC7	cod-comment_discussion
	U+0EAC9	cod-credit_card
	U+0EACC	cod-dash
	U+0EACD	cod-dashboard
	U+0EACE	cod-database
	U+0EACF	cod-debug_continue
	U+0EAD0	cod-debug_disconnect
	U+0EAD1	cod-debug_pause
	U+0EAD2	cod-debug_restart
	U+0EAD3	cod-debug_start
	U+0EAD4	cod-debug_step_into
	U+0EAD5	cod-debug_step_out
	U+0EAD6	cod-debug_step_over
	U+0EAD7	cod-debug_stop
	U+0EAD8	cod-debug
	U+0EAD9	cod-device_camera_video
	U+0EADA	cod-device_camera
	U+0EADB	cod-device_mobile
	U+0EADC	cod-diff_added
	U+0EADD	cod-diff_ignored
	U+0EADE	cod-diff_modified
	U+0EADF	cod-diff_removed
	U+0EAE0	cod-diff_renamed
	U+0EAE1	cod-diff
	U+0EAE2	cod-discard
	U+0EAE3	cod-editor_layout
	U+0EAE4	cod-empty_window
	U+0EAE5	cod-exclude
	U+0EAE6	cod-extensions
	U+0EAE7	cod-eye_closed
	U+0EAE8	cod-file_binary
	U+0EAE9	cod-file_code
	U+0EAEA	cod-file_media
	U+0EAEB	cod-file_pdf
	U+0EAEC	cod-file_submodule
	U+0EAED	cod-file_symlink_directory
	U+0EAEE	cod-file_symlink_file
	U+0EAEF	cod-file_zip
	U+0EAF0	cod-files
	U+0EAF1	cod-filter
	U+0EAF2	cod-flame
	U+0EAF3	cod-fold_down
	U+0EAF4	cod-fold_up
	U+0EAF5	cod-fold
	U+0EAF6	cod-folder_active
	U+0EAF7	cod-folder_opened
	U+0EAF8	cod-gear
	U+0EAF9	cod-gift
	U+0EAFA	cod-gist_secret
	U+0EAFB	cod-gist
	U+0EAFC	cod-git_commit
	U+0EAFD	cod-git_compare
	U+0EAFE	cod-git_merge
	U+0EAFF	cod-github_action
	U+0EB00	cod-github_alt
	U+0EB01	cod-globe
	U+0EB02	cod-grabber
	U+0EB03	cod-graph
	U+0EB04	cod-gripper
	U+0EB05	cod-heart
	U+0EB06	cod-home
	U+0EB07	cod-horizontal_rule
	U+0EB08	cod-hubot
	U+0EB09	cod-inbox
	U+0EB0B	cod-issue_reopened
	U+0EB0C	cod-issues
	U+0EB0D	cod-italic
	U+0EB0E	cod-jersey
	U+0EB0F	cod-json
	U+0EB10	cod-kebab_vertical
	U+0EB11	cod-key
	U+0EB12	cod-law
	U+0EB13	cod-lightbulb_autofix
	U+0EB14	cod-link_external
	U+0EB15	cod-link
	U+0EB16	cod-list_ordered
	U+0EB17	cod-list_unordered
	U+0EB18	cod-live_share
	U+0EB19	cod-loading
	U+0EB1A	cod-location
	U+0EB1B	cod-mail_read
	U+0EB1C	cod-mail
	U+0EB1D	cod-markdown
	U+0EB1E	cod-megaphone
	U+0EB1F	cod-mention
	U+0EB20	cod-milestone
	U+0EB21	cod-mortar_board
	U+0EB22	cod-move
	U+0EB23	cod-multiple_windows
	U+0EB24	cod-mute
	U+0EB25	cod-no_newline
	U+0EB26	cod-note
	U+0EB27	cod-octoface
	U+0EB28	cod-open_preview
	U+0EB29	cod-package
	U+0EB2A	cod-paintcan
	U+0EB2B	cod-pin
	U+0EB2C	cod-play
	U+0EB2D	cod-plug
	U+0EB2E	cod-preserve_case
	U+0EB2F	cod-preview
	U+0EB30	cod-project
	U+0EB31	cod-pulse
	U+0EB32	cod-question
	U+0EB33	cod-quote
	U+0EB34	cod-radio_tower
	U+0EB35	cod-reactions
	U+0EB36	cod-references
	U+0EB37	cod-refresh
	U+0EB38	cod-regex
	U+0EB39	cod-remote_explorer
	U+0EB3A	cod-remote
	U+0EB3B	cod-remove
	U+0EB3C	cod-replace_all
	U+0EB3D	cod-replace
	U+0EB3E	cod-repo_clone
	U+0EB3F	cod-repo_force_push
	U+0EB40	cod-repo_pull
	U+0EB41	cod-repo_push
	U+0EB42	cod-report
	U+0EB43	cod-request_changes
	U+0EB44	cod-rocket
	U+0EB45	cod-root_folder_opened
	U+0EB46	cod-root_folder
	U+0EB47	cod-rss
	U+0EB48	cod-ruby
	U+0EB49	cod-save_all
	U+0EB4A	cod-save_as
	U+0EB4B	cod-save
	U+0EB4C	cod-screen_full
	U+0EB4D	cod-screen_normal
	U+0EB4E	cod-search_stop
	U+0EB50	cod-server
	U+0EB51	cod-settings_gear
	U+0EB52	cod-settings
	U+0EB53	cod-shield
	U+0EB54	cod-smiley
	U+0EB55	cod-sort_precedence
	U+0EB56	cod-split_horizontal
	U+0EB57	cod-split_vertical
	U+0EB58	cod-squirrel
	U+0EB59	cod-star_full
	U+0EB5A	cod-star_half
	U+0EB5B	cod-symbol_class
	U+0EB5C	cod-symbol_color
	U+0EB5D	cod-symbol_constant
	U+0EB5E	cod-symbol_enum_member
	U+0EB5F	cod-symbol_field
	U+0EB60	cod-symbol_file
	U+0EB61	cod-symbol_interface
	U+0EB62	cod-symbol_keyword
	U+0EB63	cod-symbol_misc
	U+0EB64	cod-symbol_operator
	U+0EB65	cod-symbol_property
	U+0EB66	cod-symbol_snippet
	U+0EB67	cod-tasklist
	U+0EB68	cod-telescope
	U+0EB69	cod-text_size
	U+0EB6A	cod-three_bars
	U+0EB6B	cod-thumbsdown
	U+0EB6C	cod-thumbsup
	U+0EB6D	cod-tools
	U+0EB6E	cod-triangle_down
	U+0EB6F	cod-triangle_left
	U+0EB70	cod-triangle_right
	U+0EB71	cod-triangle_up
	U+0EB72	cod-twitter
	U+0EB73	cod-unfold
	U+0EB74	cod-unlock
	U+0EB75	cod-unmute
	U+0EB76	cod-unverified
	U+0EB77	cod-verified
	U+0EB78	cod-versions
	U+0EB79	cod-vm_active
	U+0EB7A	cod-vm_outline
	U+0EB7B	cod-vm_running
	U+0EB7C	cod-watch
	U+0EB7D	cod-whitespace
	U+0EB7E	cod-whole_word
	U+0EB7F	cod-window
	U+0EB80	cod-word_wrap
	U+0EB81	cod-zoom_in
	U+0EB82	cod-zoom_out
	U+0EB83	cod-list_filter
	U+0EB84	cod-list_flat
	U+0EB85	cod-list_selection
	U+0EB86	cod-list_tree
	U+0EB87	cod-debug_breakpoint_function_unverified
	U+0EB88	cod-debug_breakpoint_function
	U+0EB89	cod-debug_stackframe_active
	U+0EB8A	cod-circle_small_filled
	U+0EB8B	cod-debug_stackframe
	U+0EB8C	cod-debug_breakpoint_unsupported
	U+0EB8D	cod-symbol_string
	U+0EB8E	cod-debug_reverse_continue
	U+0EB8F	cod-debug_step_back
	U+0EB90	cod-debug_restart_frame
	U+0EB91	cod-debug_alt
	U+0EB92	cod-call_incoming
	U+0EB93	cod-call_outgoing
	U+0EB94	cod-menu
	U+0EB95	cod-expand_all
	U+0EB96	cod-feedback
	U+0EB97	cod-group_by_ref_type
	U+0EB98	cod-ungroup_by_ref_type
	U+0EB99	cod-account
	U+0EB9A	cod-bell_dot
	U+0EB9B	cod-debug_console
	U+0EB9C	cod-library
	U+0EB9D	cod-output
	U+0EB9E	cod-run_all
	U+0EB9F	cod-sync_ignored
	U+0EBA0	cod-pinned
	U+0EBA1	cod-github_inverted
	U+0EBA2	cod-server_process
	U+0EBA3	cod-server_environment
	U+0EBA4	cod-pass
	U+0EBA5	cod-stop_circle
	U+0EBA6	cod-play_circle
	U+0EBA7	cod-record
	U+0EBA8	cod-debug_alt_small
	U+0EBA9	cod-vm_connect
	U+0EBAA	cod-cloud
	U+0EBAB	cod-merge
	U+0EBAC	cod-export
	U+0EBAD	cod-graph_left
	U+0EBAE	cod-magnet
	U+0EBAF	cod-notebook
	U+0EBB0	cod-redo
	U+0EBB1	cod-check_all
	U+0EBB2	cod-pinned_dirty
	U+0EBB3	cod-pass_filled
	U+0EBB4	cod-circle_large_filled
	U+0EBB5	cod-circle_large
	U+0EBB6	cod-combine
	U+0EBB7	cod-table
	U+0EBB8	cod-variable_group
	U+0EBB9	cod-type_hierarchy
	U+0EBBA	cod-type_hierarchy_sub
	U+0EBBB	cod-type_hierarchy_super
	U+0EBBC	cod-git_pull_request_create
	U+0EBBD	cod-run_above
	U+0EBBE	cod-run_below
	U+0EBBF	cod-notebook_template
	U+0EBC0	cod-debug_rerun
	U+0EBC1	cod-workspace_trusted
	U+0EBC2	cod-workspace_untrusted
	U+0EBC3	cod-workspace_unknown
	U+0EBC4	cod-terminal_cmd
	U+0EBC5	cod-terminal_debian
	U+0EBC6	cod-terminal_linux
	U+0EBC7	cod-terminal_powershell
	U+0EBC8	cod-terminal_tmux
	U+0EBC9	cod-terminal_ubuntu
	U+0EBCA	cod-terminal_bash
	U+0EBCB	cod-arrow_swap
	U+0EBCC	cod-copy
	U+0EBCD	cod-person_add
	U+0EBCE	cod-filter_filled
	U+0EBCF	cod-wand
	U+0EBD0	cod-debug_line_by_line
	U+0EBD1	cod-inspect
	U+0EBD2	cod-layers
	U+0EBD3	cod-layers_dot
	U+0EBD4	cod-layers_active
	U+0EBD5	cod-compass
	U+0EBD6	cod-compass_dot
	U+0EBD7	cod-compass_active
	U+0EBD8	cod-azure
	U+0EBD9	cod-issue_draft
	U+0EBDA	cod-git_pull_request_closed
	U+0EBDB	cod-git_pull_request_draft
	U+0EBDC	cod-debug_all
	U+0EBDD	cod-debug_coverage
	U+0EBDE	cod-run_errors
	U+0EBDF	cod-folder_library
	U+0EBE0	cod-debug_continue_small
	U+0EBE1	cod-beaker_stop
	U+0EBE2	cod-graph_line
	U+0EBE3	cod-graph_scatter
	U+0EBE4	cod-pie_chart
	U+0EBE5	cod-bracket_dot
	U+0EBE6	cod-bracket_error
	U+0EBE7	cod-lock_small
	U+0EBE8	cod-azure_devops
	U+0EBE9	cod-verified_filled
	U+0EBEA	cod-newline
	U+0EBEB	cod-layout
	U+0EBEC	cod-layout_activitybar_left
	U+0EBED	cod-layout_activitybar_right
	U+0EBEE	cod-layout_panel_left
	U+0EBEF	cod-layout_panel_center
	U+0EBF0	cod-layout_panel_justify
	U+0EBF1	cod-layout_panel_right
	U+0EBF2	cod-layout_panel
	U+0EBF3	cod-layout_sidebar_left
	U+0EBF4	cod-layout_sidebar_right
	U+0EBF5	cod-layout_statusbar
	U+0EBF6	cod-layout_menubar
	U+0EBF7	cod-layout_centered
	U+0EBF8	cod-target
	U+0EBF9	cod-indent
	U+0EBFA	cod-record_small
	U+0EBFB	cod-error_small
	U+0EBFC	cod-arrow_circle_down
	U+0EBFD	cod-arrow_circle_left
	U+0EBFE	cod-arrow_circle_right
	U+0EBFF	cod-arrow_circle_up
	U+0EC00	cod-layout_sidebar_right_off
	U+0EC01	cod-layout_panel_off
	U+0EC02	cod-layout_sidebar_left_off
	U+0EC03	cod-blank
	U+0EC04	cod-heart_filled
	U+0EC05	cod-map
	U+0EC06	cod-map_filled
	U+0EC07	cod-circle_small
	U+0EC08	cod-bell_slash
	U+0EC09	cod-bell_slash_dot
	U+0EC0A	cod-comment_unresolved
	U+0EC0B	cod-git_pull_request_go_to_changes
	U+0EC0C	cod-git_pull_request_new_changes
	U+0EC0D	cod-search_fuzzy
	U+0EC0E	cod-comment_draft
	U+0EC0F	cod-send
	U+0EC10	cod-sparkle
	U+0EC11	cod-insert
	U+0EC12	cod-mic
	U+0EC13	cod-thumbsdown_filled
	U+0EC14	cod-thumbsup_filled
	U+0EC15	cod-coffee
	U+0EC16	cod-snake
	U+0EC17	cod-game
	U+0EC18	cod-vr
	U+0EC19	cod-chip
	U+0EC1A	cod-piano
	U+0EC1B	cod-music
	U+0EC1C	cod-mic_filled
	U+0EC1D	cod-git_fetch
	U+0EC1E	cod-copilot
	U+0EC1F	cod-lightbulb_sparkle
	U+0EC20	cod-robot
	U+0EC21	cod-sparkle_filled
	U+0EC22	cod-diff_single
	U+0EC23	cod-diff_multiple
	U+0EC24	cod-surround_with
	U+0EC25	cod-share
	U+0EC26	cod-git_stash
	U+0EC27	cod-git_stash_apply
	U+0EC28	cod-git_stash_pop
	U+0EC29	cod-vscode
	U+0EC2A	cod-vscode_insiders
	U+0EC2B	cod-code_oss
	U+0EC2C	cod-run_coverage
	U+0EC2D	cod-run_all_coverage
	U+0EC2E	cod-coverage
	U+0EC2F	cod-github_project
	U+0EC30	cod-map_vertical
	U+0EC31	cod-map_vertical_filled
	U+0EC32	cod-go_to_search
	U+0EC33	cod-percentage
	U+0EC34	cod-attach
	U+0EC35	cod-go_to_editing_session
	U+0EC36	cod-edit_session
	U+0EC37	cod-code_review
	U+0EC38	cod-copilot_warning
	U+0EC39	cod-python
	U+0EC3A	cod-copilot_large
	U+0EC3B	cod-copilot_warning_large
	U+0EC3C	cod-keyboard_tab
	U+0EC3D	cod-copilot_blocked
	U+0EC3E	cod-copilot_not_connected
	U+0EC3F	cod-flag
	U+0EC40	cod-lightbulb_empty
	U+0EC41	cod-symbol_method_arrow
	U+0EC42	cod-copilot_unavailable
	U+0EC43	cod-repo_pinned
	U+0EC44	cod-keyboard_tab_above
	U+0EC45	cod-keyboard_tab_below
	U+0EC46	cod-git_pull_request_done
	U+0EC47	cod-mcp
	U+0EC48	cod-extensions_large
	U+0EC49	cod-layout_panel_dock
	U+0EC4A	cod-layout_sidebar_left_dock
	U+0EC4B	cod-layout_sidebar_right_dock
	U+0EC4C	cod-copilot_in_progress
	U+0EC4D	cod-copilot_error
	U+0EC4E	cod-copilot_success
	U+0EC4F	cod-chat_sparkle
	U+0EC50	cod-search_sparkle
	U+0EC51	cod-edit_sparkle
	U+0EC52	cod-copilot_snooze
	U+0EC53	cod-send_to_remote_agent
	U+0EC54	cod-comment_discussion_sparkle
	U+0EC55	cod-chat_sparkle_warning
	U+0EC56	cod-chat_sparkle_error
	U+0EC57	cod-collection
	U+0EC58	cod-new_collection
	U+0EC59	cod-thinking
	U+0EC5A	cod-build
	U+0EC5B	cod-comment_discussion_quote
	U+0EC5C	cod-cursor
	U+0EC5D	cod-eraser
	U+0EC5E	cod-file_text
	U+0EC60	cod-quotes
	U+0EC61	cod-rename
	U+0EC62	cod-run_with_deps
	U+0EC63	cod-debug_connected
	U+0EC64	cod-strikethrough
	U+0EC65	cod-open_in_product
	U+0EC66	cod-index_zero
	U+0EC67	cod-agent
	U+0EC68	cod-edit_code
	U+0EC69	cod-repo_selected
	U+0EC6A	cod-skip
	U+0EC6B	cod-merge_into
	U+0EC6C	cod-git_branch_changes
	U+0EC6D	cod-git_branch_staged_changes
	U+0EC6E	cod-git_branch_conflicts
	U+0EC6F	cod-git_branch
	U+0EC70	cod-search_large
	U+0EC71	cod-terminal_git_bash
	U+0EC72	cod-window_active
	U+0EC73	cod-forward
	U+0EC74	cod-download
	U+0EC75	cod-clockface
	U+0EC76	cod-unarchive
	U+0EC77	cod-session_in_progress
	U+0EC78	cod-collection_small
	U+0EC79	cod-vm_small
	U+0EC7A	cod-cloud_small
	U+0EC7B	cod-add_small
	U+0EC7C	cod-remove_small
	U+0EC7D	cod-worktree_small
	U+0EC7E	cod-worktree
	U+0EC7F	cod-screen_cut
	U+0EC80	cod-ask
	U+0EC81	cod-openai
	U+0EC82	cod-claude
	U+0EC83	cod-open_in_window
	U+0EC84	cod-new_session
	U+0ED00	fa-location_dot
	U+0ED01	fa-medapps
	U+0ED02	fa-medrt
	U+0ED03	fa-microphone_lines
	U+0ED04	fa-microsoft
	U+0ED05	fa-mix
	U+0ED06	fa-mizuni
	U+0ED07	fa-mobile_button
	U+0ED08	fa-mobile
	U+0ED09	fa-mobile_screen
	U+0ED0A	fa-monero
	U+0ED0B	fa-money_bill_1
	U+0ED0C	fa-napster
	U+0ED0D	fa-node_js
	U+0ED0E	fa-npm
	U+0ED0F	fa-ns8
	U+0ED10	fa-nutritionix
	U+0ED11	fa-page4
	U+0ED12	fa-palfed
	U+0ED13	fa-patreon
	U+0ED14	fa-periscope
	U+0ED15	fa-phabricator
	U+0ED16	fa-phoenix_framework
	U+0ED17	fa-phone_slash
	U+0ED18	fa-playstation
	U+0ED19	fa-image_portrait
	U+0ED1A	fa-pushed
	U+0ED1B	fa-python
	U+0ED1C	fa-red_river
	U+0ED1D	fa-wpressr
	U+0ED1E	fa-replyd
	U+0ED1F	fa-resolving
	U+0ED20	fa-rocketchat
	U+0ED21	fa-rockrms
	U+0ED22	fa-schlix
	U+0ED23	fa-searchengin
	U+0ED24	fa-servicestack
	U+0ED25	fa-shield_halved
	U+0ED26	fa-sistrix
	U+0ED27	fa-speakap
	U+0ED28	fa-staylinked
	U+0ED29	fa-steam_symbol
	U+0ED2A	fa-sticker_mule
	U+0ED2B	fa-studiovinari
	U+0ED2C	fa-supple
	U+0ED2D	fa-tablet_button
	U+0ED2E	fa-tablet
	U+0ED2F	fa-gauge_high
	U+0ED30	fa-ticket_simple
	U+0ED31	fa-uber
	U+0ED32	fa-uikit
	U+0ED33	fa-uniregistry
	U+0ED34	fa-untappd
	U+0ED35	fa-user_large
	U+0ED36	fa-ussunnah
	U+0ED37	fa-vaadin
	U+0ED38	fa-viber
	U+0ED39	fa-vimeo
	U+0ED3A	fa-vnv
	U+0ED3B	fa-square_whatsapp
	U+0ED3C	fa-whmcs
	U+0ED3D	fa-wordpress_simple
	U+0ED3E	fa-xbox
	U+0ED3F	fa-yandex
	U+0ED40	fa-yandex_international
	U+0ED41	fa-apple_pay
	U+0ED42	fa-cc_apple_pay
	U+0ED43	fa-fly
	U+0ED44	fa-node
	U+0ED45	fa-osi
	U+0ED46	fa-react
	U+0ED47	fa-autoprefixer
	U+0ED48	fa-less
	U+0ED49	fa-sass
	U+0ED4A	fa-vuejs
	U+0ED4B	fa-angular
	U+0ED4C	fa-aviato
	U+0ED4D	fa-down_left_and_up_right_to_center
	U+0ED4E	fa-ember
	U+0ED4F	fa-up_right_and_down_left_from_center
	U+0ED50	fa-gitter
	U+0ED51	fa-hooli
	U+0ED52	fa-strava
	U+0ED53	fa-stripe
	U+0ED54	fa-stripe_s
	U+0ED55	fa-typo3
	U+0ED56	fa-amazon_pay
	U+0ED57	fa-cc_amazon_pay
	U+0ED58	fa-ethereum
	U+0ED59	fa-korvue
	U+0ED5A	fa-elementor
	U+0ED5B	fa-baseball_bat_ball
	U+0ED5C	fa-baseball
	U+0ED5D	fa-basketball
	U+0ED5E	fa-bowling_ball
	U+0ED5F	fa-chess
	U+0ED60	fa-chess_bishop
	U+0ED61	fa-chess_board
	U+0ED62	fa-chess_king
	U+0ED63	fa-chess_knight
	U+0ED64	fa-chess_pawn
	U+0ED65	fa-chess_queen
	U+0ED66	fa-chess_rook
	U+0ED67	fa-dumbbell
	U+0ED68	fa-flipboard
	U+0ED69	fa-football
	U+0ED6A	fa-golf_ball_tee
	U+0ED6B	fa-hips
	U+0ED6C	fa-hockey_puck
	U+0ED6D	fa-php
	U+0ED6E	fa-broom_ball
	U+0ED6F	fa-quinscape
	U+0ED70	fa-square_full
	U+0ED71	fa-table_tennis_paddle_ball
	U+0ED72	fa-volleyball
	U+0ED73	fa-hand_dots
	U+0ED74	fa-bandage
	U+0ED75	fa-box
	U+0ED76	fa-boxes_stacked
	U+0ED77	fa-briefcase_medical
	U+0ED78	fa-fire_flame_simple
	U+0ED79	fa-capsules
	U+0ED7A	fa-clipboard_check
	U+0ED7B	fa-clipboard_list
	U+0ED7C	fa-person_dots_from_line
	U+0ED7D	fa-dna
	U+0ED7E	fa-dolly
	U+0ED7F	fa-cart_flatbed
	U+0ED80	fa-file_medical
	U+0ED81	fa-file_waveform
	U+0ED82	fa-kit_medical
	U+0ED83	fa-circle_h
	U+0ED84	fa-id_card_clip
	U+0ED85	fa-notes_medical
	U+0ED86	fa-pallet
	U+0ED87	fa-pills
	U+0ED88	fa-prescription_bottle
	U+0ED89	fa-prescription_bottle_medical
	U+0ED8A	fa-bed_pulse
	U+0ED8B	fa-truck_fast
	U+0ED8C	fa-smoking
	U+0ED8D	fa-syringe
	U+0ED8E	fa-tablets
	U+0ED8F	fa-thermometer_alt
	U+0ED90	fa-vial
	U+0ED91	fa-vials
	U+0ED92	fa-warehouse
	U+0ED93	fa-weight_scale
	U+0ED94	fa-x_ray
	U+0ED95	fa-box_open
	U+0ED96	fa-comment_slash
	U+0ED97	fa-couch
	U+0ED98	fa-circle_dollar_to_slot
	U+0ED99	fa-dove
	U+0ED9A	fa-hand_holding
	U+0ED9B	fa-hand_holding_heart
	U+0ED9C	fa-hand_holding_dollar
	U+0ED9D	fa-hand_holding_droplet
	U+0ED9E	fa-hands_holding
	U+0ED9F	fa-handshake_angle
	U+0EDA0	fa-handshake_simple
	U+0EDA1	fa-parachute_box
	U+0EDA2	fa-people_carry_box
	U+0EDA3	fa-piggy_bank
	U+0EDA4	fa-readme
	U+0EDA5	fa-ribbon
	U+0EDA6	fa-route
	U+0EDA7	fa-seedling
	U+0EDA8	fa-sign_hanging
	U+0EDA9	fa-face_smile_wink
	U+0EDAA	fa-tape
	U+0EDAB	fa-truck_ramp_box
	U+0EDAC	fa-truck_moving
	U+0EDAD	fa-video_slash
	U+0EDAE	fa-wine_glass
	U+0EDAF	fa-java
	U+0EDB0	fa-pied_piper_hat
	U+0EDB1	fa-creative_commons_by
	U+0EDB2	fa-creative_commons_nc
	U+0EDB3	fa-creative_commons_nc_eu
	U+0EDB4	fa-creative_commons_nc_jp
	U+0EDB5	fa-creative_commons_nd
	U+0EDB6	fa-creative_commons_pd
	U+0EDB7	fa-creative_commons_pd_alt
	U+0EDB8	fa-creative_commons_remix
	U+0EDB9	fa-creative_commons_sa
	U+0EDBA	fa-creative_commons_sampling
	U+0EDBB	fa-creative_commons_sampling_plus
	U+0EDBC	fa-creative_commons_share
	U+0EDBD	fa-creative_commons_zero
	U+0EDBE	fa-ebay
	U+0EDBF	fa-keybase
	U+0EDC0	fa-mastodon
	U+0EDC1	fa-r_project
	U+0EDC2	fa-researchgate
	U+0EDC3	fa-teamspeak
	U+0EDC4	fa-user_large_slash
	U+0EDC5	fa-user_astronaut
	U+0EDC6	fa-user_check
	U+0EDC7	fa-user_clock
	U+0EDC8	fa-user_gear
	U+0EDC9	fa-user_pen
	U+0EDCA	fa-user_group
	U+0EDCB	fa-user_graduate
	U+0EDCC	fa-user_lock
	U+0EDCD	fa-user_minus
	U+0EDCE	fa-user_ninja
	U+0EDCF	fa-user_shield
	U+0EDD0	fa-user_slash
	U+0EDD1	fa-user_tag
	U+0EDD2	fa-user_tie
	U+0EDD3	fa-users_gear
	U+0EDD4	fa-first_order_alt
	U+0EDD5	fa-fulcrum
	U+0EDD6	fa-galactic_republic
	U+0EDD7	fa-galactic_senate
	U+0EDD8	fa-jedi_order
	U+0EDD9	fa-mandalorian
	U+0EDDA	fa-old_republic
	U+0EDDB	fa-phoenix_squadron
	U+0EDDC	fa-sith
	U+0EDDD	fa-trade_federation
	U+0EDDE	fa-wolf_pack_battalion
	U+0EDDF	fa-scale_unbalanced
	U+0EDE0	fa-scale_unbalanced_flip
	U+0EDE1	fa-blender
	U+0EDE2	fa-book_open
	U+0EDE3	fa-tower_broadcast
	U+0EDE4	fa-broom
	U+0EDE5	fa-chalkboard
	U+0EDE6	fa-chalkboard_user
	U+0EDE7	fa-church
	U+0EDE8	fa-coins
	U+0EDE9	fa-compact_disc
	U+0EDEA	fa-crow
	U+0EDEB	fa-crown
	U+0EDEC	fa-dice
	U+0EDED	fa-dice_five
	U+0EDEE	fa-dice_four
	U+0EDEF	fa-dice_one
	U+0EDF0	fa-dice_six
	U+0EDF1	fa-dice_three
	U+0EDF2	fa-dice_two
	U+0EDF3	fa-divide
	U+0EDF4	fa-door_closed
	U+0EDF5	fa-door_open
	U+0EDF6	fa-equals
	U+0EDF7	fa-feather
	U+0EDF8	fa-frog
	U+0EDF9	fa-gas_pump
	U+0EDFA	fa-glasses
	U+0EDFB	fa-greater_than
	U+0EDFC	fa-greater_than_equal
	U+0EDFD	fa-helicopter
	U+0EDFE	fa-infinity
	U+0EDFF	fa-kiwi_bird
	U+0EE00	extra-progress_empty_left
	U+0EE01	extra-progress_empty_mid
	U+0EE02	extra-progress_empty_right
	U+0EE03	extra-progress_full_left
	U+0EE04	extra-progress_full_mid
	U+0EE05	extra-progress_full_right
	U+0EE06	extra-progress_spinner_1
	U+0EE07	extra-progress_spinner_2
	U+0EE08	extra-progress_spinner_3
	U+0EE09	extra-progress_spinner_4
	U+0EE0A	extra-progress_spinner_5
	U+0EE0B	extra-progress_spinner_6
	U+0EE0C	fa-receipt
	U+0EE0D	fa-robot
	U+0EE0E	fa-ruler
	U+0EE0F	fa-ruler_combined
	U+0EE10	fa-ruler_horizontal
	U+0EE11	fa-ruler_vertical
	U+0EE12	fa-school
	U+0EE13	fa-screwdriver
	U+0EE14	fa-shoe_prints
	U+0EE15	fa-skull
	U+0EE16	fa-ban_smoking
	U+0EE17	fa-store
	U+0EE18	fa-shop
	U+0EE19	fa-bars_staggered
	U+0EE1A	fa-stroopwafel
	U+0EE1B	fa-toolbox
	U+0EE1C	fa-shirt
	U+0EE1D	fa-person_walking
	U+0EE1E	fa-wallet
	U+0EE1F	fa-face_angry
	U+0EE20	fa-archway
	U+0EE21	fa-book_atlas
	U+0EE22	fa-award
	U+0EE23	fa-delete_left
	U+0EE24	fa-bezier_curve
	U+0EE25	fa-bong
	U+0EE26	fa-brush
	U+0EE27	fa-bus_simple
	U+0EE28	fa-cannabis
	U+0EE29	fa-check_double
	U+0EE2A	fa-martini_glass_citrus
	U+0EE2B	fa-bell_concierge
	U+0EE2C	fa-cookie
	U+0EE2D	fa-cookie_bite
	U+0EE2E	fa-crop_simple
	U+0EE2F	fa-tachograph_digital
	U+0EE30	fa-face_dizzy
	U+0EE31	fa-compass_drafting
	U+0EE32	fa-drum
	U+0EE33	fa-drum_steelpan
	U+0EE34	fa-feather_pointed
	U+0EE35	fa-file_contract
	U+0EE36	fa-file_arrow_down
	U+0EE37	fa-file_export
	U+0EE38	fa-file_import
	U+0EE39	fa-file_invoice
	U+0EE3A	fa-file_invoice_dollar
	U+0EE3B	fa-file_prescription
	U+0EE3C	fa-file_signature
	U+0EE3D	fa-file_arrow_up
	U+0EE3E	fa-fill
	U+0EE3F	fa-fill_drip
	U+0EE40	fa-fingerprint
	U+0EE41	fa-fish
	U+0EE42	fa-face_flushed
	U+0EE43	fa-face_frown_open
	U+0EE44	fa-martini_glass
	U+0EE45	fa-earth_africa
	U+0EE46	fa-earth_americas
	U+0EE47	fa-earth_asia
	U+0EE48	fa-face_grimace
	U+0EE49	fa-face_grin
	U+0EE4A	fa-face_grin_wide
	U+0EE4B	fa-face_grin_beam
	U+0EE4C	fa-face_grin_beam_sweat
	U+0EE4D	fa-face_grin_hearts
	U+0EE4E	fa-face_grin_squint
	U+0EE4F	fa-face_grin_squint_tears
	U+0EE50	fa-face_grin_stars
	U+0EE51	fa-face_grin_tears
	U+0EE52	fa-face_grin_tongue
	U+0EE53	fa-face_grin_tongue_squint
	U+0EE54	fa-face_grin_tongue_wink
	U+0EE55	fa-face_grin_wink
	U+0EE56	fa-grip
	U+0EE57	fa-grip_vertical
	U+0EE58	fa-headphones_simple
	U+0EE59	fa-headset
	U+0EE5A	fa-highlighter
	U+0EE5B	fa-hornbill
	U+0EE5C	fa-hot_tub_person
	U+0EE5D	fa-hotel_building
	U+0EE5E	fa-joint
	U+0EE5F	fa-face_kiss
	U+0EE60	fa-face_kiss_beam
	U+0EE61	fa-face_kiss_wink_heart
	U+0EE62	fa-face_laugh
	U+0EE63	fa-face_laugh_beam
	U+0EE64	fa-face_laugh_squint
	U+0EE65	fa-face_laugh_wink
	U+0EE66	fa-cart_flatbed_suitcase
	U+0EE67	fa-mailchimp
	U+0EE68	fa-map_location
	U+0EE69	fa-map_location_dot
	U+0EE6A	fa-marker
	U+0EE6B	fa-medal
	U+0EE6C	fa-megaport
	U+0EE6D	fa-face_meh_blank
	U+0EE6E	fa-face_rolling_eyes
	U+0EE6F	fa-monument
	U+0EE70	fa-mortar_pestle
	U+0EE71	fa-nimblr
	U+0EE72	fa-paint_roller
	U+0EE73	fa-passport
	U+0EE74	fa-pen_fancy
	U+0EE75	fa-pen_nib
	U+0EE76	fa-pen_ruler
	U+0EE77	fa-plane_arrival
	U+0EE78	fa-plane_departure
	U+0EE79	fa-prescription
	U+0EE7A	fa-rev
	U+0EE7B	fa-face_sad_cry
	U+0EE7C	fa-face_sad_tear
	U+0EE7D	fa-shopware
	U+0EE7E	fa-van_shuttle
	U+0EE7F	fa-signature
	U+0EE80	fa-face_smile_beam
	U+0EE81	fa-solar_panel
	U+0EE82	fa-spa
	U+0EE83	fa-splotch
	U+0EE84	fa-spray_can
	U+0EE85	fa-squarespace
	U+0EE86	fa-stamp
	U+0EE87	fa-star_half_stroke
	U+0EE88	fa-suitcase_rolling
	U+0EE89	fa-face_surprise
	U+0EE8A	fa-swatchbook
	U+0EE8B	fa-person_swimming
	U+0EE8C	fa-water_ladder
	U+0EE8D	fa-themeco
	U+0EE8E	fa-droplet_slash
	U+0EE8F	fa-face_tired
	U+0EE90	fa-tooth
	U+0EE91	fa-umbrella_beach
	U+0EE92	fa-vector_square
	U+0EE93	fa-weebly
	U+0EE94	fa-weight_hanging
	U+0EE95	fa-wine_glass_empty
	U+0EE96	fa-wix
	U+0EE97	fa-spray_can_sparkles
	U+0EE98	fa-apple_whole
	U+0EE99	fa-atom
	U+0EE9A	fa-bone
	U+0EE9B	fa-book_open_reader
	U+0EE9C	fa-brain
	U+0EE9D	fa-car_rear
	U+0EE9E	fa-car_battery
	U+0EE9F	fa-car_burst
	U+0EEA0	fa-car_side
	U+0EEA1	fa-charging_station
	U+0EEA2	fa-diamond_turn_right
	U+0EEA3	fa-draw_polygon
	U+0EEA4	fa-ello
	U+0EEA5	fa-hackerrank
	U+0EEA6	fa-kaggle
	U+0EEA7	fa-laptop_code
	U+0EEA8	fa-layer_group
	U+0EEA9	fa-location_crosshairs
	U+0EEAA	fa-lungs
	U+0EEAB	fa-markdown
	U+0EEAC	fa-microscope
	U+0EEAD	fa-neos
	U+0EEAE	fa-oil_can
	U+0EEAF	fa-poop
	U+0EEB0	fa-shapes
	U+0EEB1	fa-star_of_life
	U+0EEB2	fa-gauge
	U+0EEB3	fa-gauge_simple
	U+0EEB4	fa-teeth
	U+0EEB5	fa-teeth_open
	U+0EEB6	fa-masks_theater
	U+0EEB7	fa-traffic_light
	U+0EEB8	fa-truck_monster
	U+0EEB9	fa-truck_pickup
	U+0EEBA	fa-zhihu
	U+0EEBB	fa-rectangle_ad
	U+0EEBC	fa-alipay
	U+0EEBD	fa-ankh
	U+0EEBE	fa-book_bible
	U+0EEBF	fa-business_time
	U+0EEC0	fa-city
	U+0EEC1	fa-comment_dollar
	U+0EEC2	fa-comments_dollar
	U+0EEC3	fa-cross
	U+0EEC4	fa-dharmachakra
	U+0EEC5	fa-envelope_open_text
	U+0EEC6	fa-folder_minus
	U+0EEC7	fa-folder_plus
	U+0EEC8	fa-filter_circle_dollar
	U+0EEC9	fa-gopuram
	U+0EECA	fa-hamsa
	U+0EECB	fa-bahai
	U+0EECC	fa-jedi
	U+0EECD	fa-book_journal_whills
	U+0EECE	fa-kaaba
	U+0EECF	fa-khanda
	U+0EED0	fa-landmark
	U+0EED1	fa-envelopes_bulk
	U+0EED2	fa-menorah
	U+0EED3	fa-mosque
	U+0EED4	fa-om
	U+0EED5	fa-spaghetti_monster_flying
	U+0EED6	fa-peace
	U+0EED7	fa-place_of_worship
	U+0EED8	fa-square_poll_vertical
	U+0EED9	fa-square_poll_horizontal
	U+0EEDA	fa-person_praying
	U+0EEDB	fa-hands_praying
	U+0EEDC	fa-book_quran
	U+0EEDD	fa-magnifying_glass_dollar
	U+0EEDE	fa-magnifying_glass_location
	U+0EEDF	fa-socks
	U+0EEE0	fa-square_root_variable
	U+0EEE1	fa-star_and_crescent
	U+0EEE2	fa-star_of_david
	U+0EEE3	fa-synagogue
	U+0EEE4	fa-the_red_yeti
	U+0EEE5	fa-scroll_torah
	U+0EEE6	fa-torii_gate
	U+0EEE7	fa-vihara
	U+0EEE8	fa-volume_xmark
	U+0EEE9	fa-yin_yang
	U+0EEEA	fa-blender_phone
	U+0EEEB	fa-book_skull
	U+0EEEC	fa-campground
	U+0EEED	fa-cat
	U+0EEEE	fa-chair
	U+0EEEF	fa-cloud_moon
	U+0EEF0	fa-cloud_sun
	U+0EEF1	fa-cow
	U+0EEF2	fa-critical_role
	U+0EEF3	fa-d_and_d_beyond
	U+0EEF4	fa-dev
	U+0EEF5	fa-dice_d20
	U+0EEF6	fa-dice_d6
	U+0EEF7	fa-dog
	U+0EEF8	fa-dragon
	U+0EEF9	fa-drumstick_bite
	U+0EEFA	fa-dungeon
	U+0EEFB	fa-fantasy_flight_games
	U+0EEFC	fa-file_csv
	U+0EEFD	fa-hand_fist
	U+0EEFE	fa-ghost
	U+0EEFF	fa-hammer
	U+0EF00	fa-hanukiah
	U+0EF01	fa-hat_wizard
	U+0EF02	fa-person_hiking
	U+0EF03	fa-hippo
	U+0EF04	fa-horse
	U+0EF05	fa-house_chimney_crack
	U+0EF06	fa-hryvnia_sign
	U+0EF07	fa-mask
	U+0EF08	fa-mountain
	U+0EF09	fa-network_wired
	U+0EF0A	fa-otter
	U+0EF0B	fa-ring
	U+0EF0C	fa-person_running
	U+0EF0D	fa-scroll
	U+0EF0E	fa-skull_crossbones
	U+0EF0F	fa-slash
	U+0EF10	fa-spider
	U+0EF11	fa-toilet_paper
	U+0EF12	fa-tractor
	U+0EF13	fa-user_injured
	U+0EF14	fa-vr_cardboard
	U+0EF15	fa-wand_sparkles
	U+0EF16	fa-wind
	U+0EF17	fa-wine_bottle
	U+0EF18	fa-wizards_of_the_coast
	U+0EF19	fa-think_peaks
	U+0EF1A	fa-cloud_meatball
	U+0EF1B	fa-cloud_moon_rain
	U+0EF1C	fa-cloud_rain
	U+0EF1D	fa-cloud_showers_heavy
	U+0EF1E	fa-cloud_sun_rain
	U+0EF1F	fa-democrat
	U+0EF20	fa-flag_usa
	U+0EF21	fa-hurricane
	U+0EF22	fa-landmark_dome
	U+0EF23	fa-meteor
	U+0EF24	fa-person_booth
	U+0EF25	fa-poo_storm
	U+0EF26	fa-rainbow
	U+0EF27	fa-reacteurope
	U+0EF28	fa-republican
	U+0EF29	fa-smog
	U+0EF2A	fa-temperature_high
	U+0EF2B	fa-temperature_low
	U+0EF2C	fa-cloud_bolt
	U+0EF2D	fa-tornado
	U+0EF2E	fa-volcano
	U+0EF2F	fa-check_to_slot
	U+0EF30	fa-water
	U+0EF31	fa-artstation
	U+0EF32	fa-atlassian
	U+0EF33	fa-baby
	U+0EF34	fa-baby_carriage
	U+0EF35	fa-biohazard
	U+0EF36	fa-blog
	U+0EF37	fa-calendar_day
	U+0EF38	fa-calendar_week
	U+0EF39	fa-canadian_maple_leaf
	U+0EF3A	fa-candy_cane
	U+0EF3B	fa-carrot
	U+0EF3C	fa-cash_register
	U+0EF3D	fa-centos
	U+0EF3E	fa-minimize
	U+0EF3F	fa-confluence
	U+0EF40	fa-dhl
	U+0EF41	fa-diaspora
	U+0EF42	fa-dumpster
	U+0EF43	fa-dumpster_fire
	U+0EF44	fa-ethernet
	U+0EF45	fa-fedex
	U+0EF46	fa-fedora
	U+0EF47	fa-figma
	U+0EF48	fa-gifts
	U+0EF49	fa-champagne_glasses
	U+0EF4A	fa-whiskey_glass
	U+0EF4B	fa-earth_europe
	U+0EF4C	fa-grip_lines
	U+0EF4D	fa-grip_lines_vertical
	U+0EF4E	fa-guitar
	U+0EF4F	fa-heart_crack
	U+0EF50	fa-holly_berry
	U+0EF51	fa-horse_head
	U+0EF52	fa-icicles
	U+0EF53	fa-igloo
	U+0EF54	fa-intercom
	U+0EF55	fa-invision
	U+0EF56	fa-jira
	U+0EF57	fa-mendeley
	U+0EF58	fa-mitten
	U+0EF59	fa-mug_hot
	U+0EF5A	fa-radiation
	U+0EF5B	fa-circle_radiation
	U+0EF5C	fa-raspberry_pi
	U+0EF5D	fa-redhat
	U+0EF5E	fa-restroom
	U+0EF5F	fa-satellite
	U+0EF60	fa-satellite_dish
	U+0EF61	fa-sd_card
	U+0EF62	fa-sim_card
	U+0EF63	fa-person_skating
	U+0EF64	fa-sketch
	U+0EF65	fa-person_skiing
	U+0EF66	fa-person_skiing_nordic
	U+0EF67	fa-sleigh
	U+0EF68	fa-comment_sms
	U+0EF69	fa-person_snowboarding
	U+0EF6A	fa-snowman
	U+0EF6B	fa-snowplow
	U+0EF6C	fa-sourcetree
	U+0EF6D	fa-suse
	U+0EF6E	fa-tenge_sign
	U+0EF6F	fa-toilet
	U+0EF70	fa-screwdriver_wrench
	U+0EF71	fa-cable_car
	U+0EF72	fa-ubuntu
	U+0EF73	fa-ups
	U+0EF74	fa-usps
	U+0EF75	fa-yarn
	U+0EF76	fa-fire_flame_curved
	U+0EF77	fa-bacon
	U+0EF78	fa-book_medical
	U+0EF79	fa-bread_slice
	U+0EF7A	fa-cheese
	U+0EF7B	fa-house_chimney_medical
	U+0EF7C	fa-clipboard_user
	U+0EF7D	fa-comment_medical
	U+0EF7E	fa-crutch
	U+0EF7F	fa-disease
	U+0EF80	fa-egg
	U+0EF81	fa-folder_tree
	U+0EF82	fa-burger
	U+0EF83	fa-hand_middle_finger
	U+0EF84	fa-helmet_safety
	U+0EF85	fa-house_chimney
	U+0EF86	fa-hospital_user
	U+0EF87	fa-hotdog
	U+0EF88	fa-ice_cream
	U+0EF89	fa-laptop_medical
	U+0EF8A	fa-pager
	U+0EF8B	fa-pepper_hot
	U+0EF8C	fa-pizza_slice
	U+0EF8D	fa-sack_dollar
	U+0EF8E	fa-book_tanakh
	U+0EF8F	fa-bars_progress
	U+0EF90	fa-trash_arrow_up
	U+0EF91	fa-trash_can_arrow_up
	U+0EF92	fa-user_nurse
	U+0EF93	fa-airbnb
	U+0EF94	fa-battle_net
	U+0EF95	fa-bootstrap
	U+0EF96	fa-buffer
	U+0EF97	fa-chromecast
	U+0EF98	fa-evernote
	U+0EF99	fa-itch_io
	U+0EF9A	fa-salesforce
	U+0EF9B	fa-speaker_deck
	U+0EF9C	fa-symfony
	U+0EF9D	fa-wave_square
	U+0EF9E	fa-waze
	U+0EF9F	fa-yammer
	U+0EFA0	fa-git_alt
	U+0EFA1	fa-stackpath
	U+0EFA2	fa-person_biking
	U+0EFA3	fa-border_all
	U+0EFA4	fa-border_none
	U+0EFA5	fa-border_top_left
	U+0EFA6	fa-person_digging
	U+0EFA7	fa-fan
	U+0EFA8	fa-icons
	U+0EFA9	fa-phone_flip
	U+0EFAA	fa-square_phone_flip
	U+0EFAB	fa-photo_film
	U+0EFAC	fa-text_slash
	U+0EFAD	fa-arrow_down_z_a
	U+0EFAE	fa-arrow_up_z_a
	U+0EFAF	fa-arrow_down_short_wide
	U+0EFB0	fa-arrow_up_short_wide
	U+0EFB1	fa-arrow_down_9_1
	U+0EFB2	fa-arrow_up_9_1
	U+0EFB3	fa-spell_check
	U+0EFB4	fa-voicemail
	U+0EFB5	fa-cotton_bureau
	U+0EFB6	fa-buy_n_large
	U+0EFB7	fa-hat_cowboy
	U+0EFB8	fa-hat_cowboy_side
	U+0EFB9	fa-mdb
	U+0EFBA	fa-computer_mouse
	U+0EFBB	fa-orcid
	U+0EFBC	fa-radio
	U+0EFBD	fa-record_vinyl
	U+0EFBE	fa-swift
	U+0EFBF	fa-umbraco
	U+0EFC0	fa-walkie_talkie
	U+0EFC1	fa-caravan
	U+0EFC2	fa-avianex
	U+0EFC3	fa-less_than
	U+0EFC4	fa-less_than_equal
	U+0EFC5	fa-memory
	U+0EFC6	fa-microphone_lines_slash
	U+0EFC7	fa-money_bill_wave
	U+0EFC8	fa-money_bill_1_wave
	U+0EFC9	fa-money_check
	U+0EFCA	fa-money_check_dollar
	U+0EFCB	fa-not_equal
	U+0EFCC	fa-palette
	U+0EFCD	fa-square_parking
	U+0EFCE	fa-diagram_project
	U+0EFCF	fa-volume
	U+0F000	fa-martini_glass_empty
	U+0F001	fa-music
	U+0F002	fa-search
	U+0F003	fa-envelope_o
	U+0F004	fa-heart
	U+0F005	fa-star
	U+0F006	fa-star_o
	U+0F007	fa-user
	U+0F008	fa-film
	U+0F009	fa-th_large
	U+0F00A	fa-th
	U+0F00B	fa-th_list
	U+0F00C	fa-check
	U+0F00D	fa-xmark
	U+0F00E	fa-search_plus
	U+0F00F	fa-images
	U+0F010	fa-search_minus
	U+0F011	fa-power_off
	U+0F012	fa-signal
	U+0F013	fa-gear
	U+0F014	fa-trash_o
	U+0F015	fa-house
	U+0F016	fa-file_o
	U+0F017	fa-clock_o
	U+0F018	fa-road
	U+0F019	fa-download
	U+0F01A	fa-circle_down
	U+0F01B	fa-circle_up
	U+0F01C	fa-inbox
	U+0F01D	fa-play_circle_o
	U+0F01E	fa-repeat
	U+0F01F	fa-pen
	U+0F020	fa-pen_clip
	U+0F021	fa-refresh
	U+0F022	fa-rectangle_list
	U+0F023	fa-lock
	U+0F024	fa-flag
	U+0F025	fa-headphones
	U+0F026	fa-volume_off
	U+0F027	fa-volume_low
	U+0F028	fa-volume_up
	U+0F029	fa-qrcode
	U+0F02A	fa-barcode
	U+0F02B	fa-tag
	U+0F02C	fa-tags
	U+0F02D	fa-book
	U+0F02E	fa-bookmark
	U+0F02F	fa-print
	U+0F030	fa-camera
	U+0F031	fa-font
	U+0F032	fa-bold
	U+0F033	fa-italic
	U+0F034	fa-text_height
	U+0F035	fa-text_width
	U+0F036	fa-align_left
	U+0F037	fa-align_center
	U+0F038	fa-align_right
	U+0F039	fa-align_justify
	U+0F03A	fa-list
	U+0F03B	fa-outdent
	U+0F03C	fa-indent
	U+0F03D	fa-video_camera
	U+0F03E	fa-picture_o
	U+0F03F	fa-down_long
	U+0F040	fa-pencil
	U+0F041	fa-map_marker
	U+0F042	fa-circle_half_stroke
	U+0F043	fa-tint
	U+0F044	fa-pencil_square_o
	U+0F045	fa-share_square_o
	U+0F046	fa-check_square_o
	U+0F047	fa-arrows_up_down_left_right
	U+0F048	fa-step_backward
	U+0F049	fa-fast_backward
	U+0F04A	fa-backward
	U+0F04B	fa-play
	U+0F04C	fa-pause
	U+0F04D	fa-stop
	U+0F04E	fa-forward
	U+0F04F	fa-left_long
	U+0F050	fa-forward_fast
	U+0F051	fa-step_forward
	U+0F052	fa-eject
	U+0F053	fa-chevron_left
	U+0F054	fa-chevron_right
	U+0F055	fa-plus_circle
	U+0F056	fa-minus_circle
	U+0F057	fa-times_circle
	U+0F058	fa-ok_sign
	U+0F059	fa-question_circle
	U+0F05A	fa-info_circle
	U+0F05B	fa-crosshairs
	U+0F05C	fa-times_circle_o
	U+0F05D	fa-circle_check
	U+0F05E	fa-ban
	U+0F05F	fa-file_pen
	U+0F060	fa-arrow_left
	U+0F061	fa-arrow_right
	U+0F062	fa-arrow_up
	U+0F063	fa-arrow_down
	U+0F064	fa-share
	U+0F065	fa-expand
	U+0F066	fa-compress
	U+0F067	fa-plus
	U+0F068	fa-minus
	U+0F069	fa-asterisk
	U+0F06A	fa-exclamation_circle
	U+0F06B	fa-gift
	U+0F06C	fa-leaf
	U+0F06D	fa-fire
	U+0F06E	fa-eye
	U+0F06F	fa-maximize
	U+0F070	fa-eye_slash
	U+0F071	fa-warning
	U+0F072	fa-plane
	U+0F073	fa-calendar_days
	U+0F074	fa-shuffle
	U+0F075	fa-comment
	U+0F076	fa-magnet
	U+0F077	fa-chevron_up
	U+0F078	fa-chevron_down
	U+0F079	fa-retweet
	U+0F07A	fa-shopping_cart
	U+0F07B	fa-folder
	U+0F07C	fa-folder_open
	U+0F07D	fa-arrows_v
	U+0F07E	fa-arrows_left_right
	U+0F07F	fa-clipboard_alt
	U+0F080	fa-chart_bar
	U+0F081	fa-twitter_square
	U+0F082	fa-square_facebook
	U+0F083	fa-camera_retro
	U+0F084	fa-key
	U+0F085	fa-gears
	U+0F086	fa-comments
	U+0F087	fa-thumbs_o_up
	U+0F088	fa-thumbs_o_down
	U+0F089	fa-star_half
	U+0F08A	fa-heart_o
	U+0F08B	fa-sign_out
	U+0F08C	fa-linkedin_square
	U+0F08D	fa-thumbtack
	U+0F08E	fa-external_link
	U+0F08F	fa-left_right
	U+0F090	fa-sign_in
	U+0F091	fa-trophy
	U+0F092	fa-square_github
	U+0F093	fa-upload
	U+0F094	fa-lemon_o
	U+0F095	fa-phone
	U+0F096	fa-square_o
	U+0F097	fa-bookmark_o
	U+0F098	fa-square_phone
	U+0F099	fa-twitter
	U+0F09A	fa-facebook
	U+0F09B	fa-github
	U+0F09C	fa-unlock
	U+0F09D	fa-credit_card
	U+0F09E	fa-rss
	U+0F09F	fa-up_down
	U+0F0A0	fa-hdd_o
	U+0F0A1	fa-bullhorn
	U+0F0A2	fa-bell_o
	U+0F0A3	fa-certificate
	U+0F0A4	fa-hand_point_right
	U+0F0A5	fa-hand_point_left
	U+0F0A6	fa-hand_point_up
	U+0F0A7	fa-hand_point_down
	U+0F0A8	fa-circle_arrow_left
	U+0F0A9	fa-circle_arrow_right
	U+0F0AA	fa-circle_arrow_up
	U+0F0AB	fa-circle_arrow_down
	U+0F0AC	fa-globe
	U+0F0AD	fa-wrench
	U+0F0AE	fa-tasks
	U+0F0AF	fa-square_font_awesome_stroke
	U+0F0B0	fa-filter
	U+0F0B1	fa-briefcase
	U+0F0B2	fa-up_down_left_right
	U+0F0B3	fa-up_right_from_square
	U+0F0B4	fa-square_up_right
	U+0F0B5	fa-right_left
	U+0F0B6	fa-repeat_alt
	U+0F0B7	fa-accusoft
	U+0F0B8	fa-adversal
	U+0F0B9	fa-affiliatetheme
	U+0F0BA	fa-algolia
	U+0F0BB	fa-amilia
	U+0F0BC	fa-angrycreative
	U+0F0BD	fa-app_store
	U+0F0BE	fa-app_store_ios
	U+0F0BF	fa-apper
	U+0F0C0	fa-users
	U+0F0C1	fa-link
	U+0F0C2	fa-cloud
	U+0F0C3	fa-flask
	U+0F0C4	fa-scissors
	U+0F0C5	fa-files_o
	U+0F0C6	fa-paperclip
	U+0F0C7	fa-save
	U+0F0C8	fa-square
	U+0F0C9	fa-reorder
	U+0F0CA	fa-list_ul
	U+0F0CB	fa-list_ol
	U+0F0CC	fa-strikethrough
	U+0F0CD	fa-underline
	U+0F0CE	fa-table
	U+0F0CF	fa-asymmetrik
	U+0F0D0	fa-wand_magic
	U+0F0D1	fa-truck
	U+0F0D2	fa-pinterest
	U+0F0D3	fa-square_pinterest
	U+0F0D4	fa-square_google_plus
	U+0F0D5	fa-google_plus
	U+0F0D6	fa-money_bill
	U+0F0D7	fa-caret_down
	U+0F0D8	fa-caret_up
	U+0F0D9	fa-caret_left
	U+0F0DA	fa-caret_right
	U+0F0DB	fa-table_columns
	U+0F0DC	fa-unsorted
	U+0F0DD	fa-sort_down
	U+0F0DE	fa-sort_up
	U+0F0DF	fa-audible
	U+0F0E0	fa-envelope
	U+0F0E1	fa-linkedin_in
	U+0F0E2	fa-undo
	U+0F0E3	fa-legal
	U+0F0E4	fa-tachometer
	U+0F0E5	fa-comment_o
	U+0F0E6	fa-comments_o
	U+0F0E7	fa-flash
	U+0F0E8	fa-sitemap
	U+0F0E9	fa-umbrella
	U+0F0EA	fa-paste
	U+0F0EB	fa-lightbulb_o
	U+0F0EC	fa-exchange
	U+0F0ED	fa-cloud_download
	U+0F0EE	fa-cloud_upload
	U+0F0EF	fa-aws
	U+0F0F0	fa-user_md
	U+0F0F1	fa-stethoscope
	U+0F0F2	fa-suitcase
	U+0F0F3	fa-bell
	U+0F0F4	fa-mug_saucer
	U+0F0F5	fa-utensils
	U+0F0F6	fa-file_text_o
	U+0F0F7	fa-building_o
	U+0F0F8	fa-hospital_o
	U+0F0F9	fa-truck_medical
	U+0F0FA	fa-suitcase_medical
	U+0F0FB	fa-jet_fighter
	U+0F0FC	fa-beer_mug_empty
	U+0F0FD	fa-square_h
	U+0F0FE	fa-square_plus
	U+0F0FF	fa-bimobject
	U+0F100	fa-angles_left
	U+0F101	fa-angles_right
	U+0F102	fa-angles_up
	U+0F103	fa-angles_down
	U+0F104	fa-angle_left
	U+0F105	fa-angle_right
	U+0F106	fa-angle_up
	U+0F107	fa-angle_down
	U+0F108	fa-desktop
	U+0F109	fa-laptop
	U+0F10A	fa-tablet_screen_button
	U+0F10B	fa-mobile_screen_button
	U+0F10C	fa-circle_o
	U+0F10D	fa-quote_left
	U+0F10E	fa-quote_right
	U+0F10F	fa-bitcoin
	U+0F110	fa-spinner
	U+0F111	fa-circle
	U+0F112	fa-reply
	U+0F113	fa-github_alt
	U+0F114	fa-folder_o
	U+0F115	fa-folder_open_o
	U+0F116	fa-bity
	U+0F117	fa-blackberry
	U+0F118	fa-smile_o
	U+0F119	fa-frown_o
	U+0F11A	fa-meh_o
	U+0F11B	fa-gamepad
	U+0F11C	fa-keyboard_o
	U+0F11D	fa-flag_o
	U+0F11E	fa-flag_checkered
	U+0F11F	fa-blogger
	U+0F120	fa-terminal
	U+0F121	fa-code
	U+0F122	fa-reply_all
	U+0F123	fa-star_half_o
	U+0F124	fa-location_arrow
	U+0F125	fa-crop
	U+0F126	fa-code_fork
	U+0F127	fa-unlink
	U+0F128	fa-question
	U+0F129	fa-info
	U+0F12A	fa-exclamation
	U+0F12B	fa-superscript
	U+0F12C	fa-subscript
	U+0F12D	fa-eraser
	U+0F12E	fa-puzzle_piece
	U+0F12F	fa-blogger_b
	U+0F130	fa-microphone
	U+0F131	fa-microphone_slash
	U+0F132	fa-shield
	U+0F133	fa-calendar_o
	U+0F134	fa-fire_extinguisher
	U+0F135	fa-rocket
	U+0F136	fa-maxcdn
	U+0F137	fa-circle_chevron_left
	U+0F138	fa-circle_chevron_right
	U+0F139	fa-circle_chevron_up
	U+0F13A	fa-circle_chevron_down
	U+0F13B	fa-html5
	U+0F13C	fa-css3
	U+0F13D	fa-anchor
	U+0F13E	fa-unlock_keyhole
	U+0F13F	fa-buromobelexperte
	U+0F140	fa-bullseye
	U+0F141	fa-ellipsis_h
	U+0F142	fa-ellipsis_vertical
	U+0F143	fa-square_rss
	U+0F144	fa-play_circle
	U+0F145	fa-ticket
	U+0F146	fa-square_minus
	U+0F147	fa-minus_square_o
	U+0F148	fa-level_up
	U+0F149	fa-level_down
	U+0F14A	fa-square_check
	U+0F14B	fa-square_pen
	U+0F14C	fa-square_arrow_up_right
	U+0F14D	fa-share_square
	U+0F14E	fa-compass
	U+0F14F	fa-centercode
	U+0F150	fa-toggle_down
	U+0F151	fa-toggle_up
	U+0F152	fa-toggle_right
	U+0F153	fa-euro_sign
	U+0F154	fa-sterling_sign
	U+0F155	fa-usd
	U+0F156	fa-rupee_sign
	U+0F157	fa-yen_sign
	U+0F158	fa-ruble_sign
	U+0F159	fa-won_sign
	U+0F15A	fa-btc
	U+0F15B	fa-file
	U+0F15C	fa-file_text
	U+0F15D	fa-sort_alpha_asc
	U+0F15E	fa-sort_alpha_desc
	U+0F15F	fa-cloudscale
	U+0F160	fa-sort_amount_asc
	U+0F161	fa-sort_amount_desc
	U+0F162	fa-sort_numeric_asc
	U+0F163	fa-sort_numeric_desc
	U+0F164	fa-thumbs_up
	U+0F165	fa-thumbs_down
	U+0F166	fa-youtube_square
	U+0F167	fa-cloudsmith
	U+0F168	fa-xing
	U+0F169	fa-xing_square
	U+0F16A	fa-youtube_play
	U+0F16B	fa-dropbox
	U+0F16C	fa-stack_overflow
	U+0F16D	fa-instagram
	U+0F16E	fa-flickr
	U+0F16F	fa-cloudversify
	U+0F170	fa-adn
	U+0F171	fa-bitbucket
	U+0F172	fa-code_commit
	U+0F173	fa-tumblr
	U+0F174	fa-tumblr_square
	U+0F175	fa-long_arrow_down
	U+0F176	fa-long_arrow_up
	U+0F177	fa-long_arrow_left
	U+0F178	fa-long_arrow_right
	U+0F179	fa-apple
	U+0F17A	fa-windows
	U+0F17B	fa-android
	U+0F17C	fa-linux
	U+0F17D	fa-dribbble
	U+0F17E	fa-skype
	U+0F17F	fa-code_merge
	U+0F180	fa-foursquare
	U+0F181	fa-trello
	U+0F182	fa-person_dress
	U+0F183	fa-person
	U+0F184	fa-gratipay
	U+0F185	fa-sun_o
	U+0F186	fa-moon_o
	U+0F187	fa-box_archive
	U+0F188	fa-bug
	U+0F189	fa-vk
	U+0F18A	fa-weibo
	U+0F18B	fa-renren
	U+0F18C	fa-pagelines
	U+0F18D	fa-stack_exchange
	U+0F18E	fa-circle_right
	U+0F18F	fa-cpanel
	U+0F190	fa-circle_left
	U+0F191	fa-toggle_left
	U+0F192	fa-dot_circle_o
	U+0F193	fa-wheelchair
	U+0F194	fa-vimeo_square
	U+0F195	fa-turkish_lira
	U+0F196	fa-plus_square_o
	U+0F197	fa-space_shuttle
	U+0F198	fa-slack
	U+0F199	fa-square_envelope
	U+0F19A	fa-wordpress
	U+0F19B	fa-openid
	U+0F19C	fa-university
	U+0F19D	fa-mortar_board
	U+0F19E	fa-yahoo
	U+0F19F	fa-css3_alt
	U+0F1A0	fa-google
	U+0F1A1	fa-reddit
	U+0F1A2	fa-square_reddit
	U+0F1A3	fa-stumbleupon_circle
	U+0F1A4	fa-stumbleupon
	U+0F1A5	fa-delicious
	U+0F1A6	fa-digg
	U+0F1A7	fa-pied_piper_pp
	U+0F1A8	fa-pied_piper_alt
	U+0F1A9	fa-drupal
	U+0F1AA	fa-joomla
	U+0F1AB	fa-language
	U+0F1AC	fa-fax
	U+0F1AD	fa-building
	U+0F1AE	fa-child
	U+0F1AF	fa-cuttlefish
	U+0F1B0	fa-paw
	U+0F1B1	fa-spoon
	U+0F1B2	fa-cube
	U+0F1B3	fa-cubes
	U+0F1B4	fa-behance
	U+0F1B5	fa-square_behance
	U+0F1B6	fa-steam
	U+0F1B7	fa-steam_square
	U+0F1B8	fa-recycle
	U+0F1B9	fa-car
	U+0F1BA	fa-taxi
	U+0F1BB	fa-tree
	U+0F1BC	fa-spotify
	U+0F1BD	fa-deviantart
	U+0F1BE	fa-soundcloud
	U+0F1BF	fa-d_and_d
	U+0F1C0	fa-database
	U+0F1C1	fa-file_pdf_o
	U+0F1C2	fa-file_word_o
	U+0F1C3	fa-file_excel_o
	U+0F1C4	fa-file_powerpoint_o
	U+0F1C5	fa-file_picture_o
	U+0F1C6	fa-file_zipper
	U+0F1C7	fa-file_sound_o
	U+0F1C8	fa-file_video_o
	U+0F1C9	fa-file_code_o
	U+0F1CA	fa-vine
	U+0F1CB	fa-codepen
	U+0F1CC	fa-jsfiddle
	U+0F1CD	fa-support
	U+0F1CE	fa-circle_o_notch
	U+0F1CF	fa-deploydog
	U+0F1D0	fa-resistance
	U+0F1D1	fa-ge
	U+0F1D2	fa-square_git
	U+0F1D3	fa-git
	U+0F1D4	fa-yc_square
	U+0F1D5	fa-tencent_weibo
	U+0F1D6	fa-qq
	U+0F1D7	fa-weixin
	U+0F1D8	fa-send
	U+0F1D9	fa-send_o
	U+0F1DA	fa-history
	U+0F1DB	fa-circle_thin
	U+0F1DC	fa-heading
	U+0F1DD	fa-paragraph
	U+0F1DE	fa-sliders
	U+0F1DF	fa-deskpro
	U+0F1E0	fa-share_nodes
	U+0F1E1	fa-square_share_nodes
	U+0F1E2	fa-bomb
	U+0F1E3	fa-soccer_ball_o
	U+0F1E4	fa-tty
	U+0F1E5	fa-binoculars
	U+0F1E6	fa-plug
	U+0F1E7	fa-slideshare
	U+0F1E8	fa-twitch
	U+0F1E9	fa-yelp
	U+0F1EA	fa-newspaper_o
	U+0F1EB	fa-wifi
	U+0F1EC	fa-calculator
	U+0F1ED	fa-paypal
	U+0F1EE	fa-google_wallet
	U+0F1EF	fa-digital_ocean
	U+0F1F0	fa-cc_visa
	U+0F1F1	fa-cc_mastercard
	U+0F1F2	fa-cc_discover
	U+0F1F3	fa-cc_amex
	U+0F1F4	fa-cc_paypal
	U+0F1F5	fa-cc_stripe
	U+0F1F6	fa-bell_slash
	U+0F1F7	fa-bell_slash_o
	U+0F1F8	fa-trash
	U+0F1F9	fa-copyright
	U+0F1FA	fa-at
	U+0F1FB	fa-eyedropper
	U+0F1FC	fa-paintbrush
	U+0F1FD	fa-cake_candles
	U+0F1FE	fa-chart_area
	U+0F1FF	fa-discord
	U+0F200	fa-pie_chart
	U+0F201	fa-line_chart
	U+0F202	fa-lastfm
	U+0F203	fa-square_lastfm
	U+0F204	fa-toggle_off
	U+0F205	fa-toggle_on
	U+0F206	fa-bicycle
	U+0F207	fa-bus
	U+0F208	fa-ioxhost
	U+0F209	fa-angellist
	U+0F20A	fa-closed_captioning
	U+0F20B	fa-sheqel
	U+0F20C	fa-meanpath
	U+0F20D	fa-buysellads
	U+0F20E	fa-connectdevelop
	U+0F20F	fa-dochub
	U+0F210	fa-dashcube
	U+0F211	fa-forumbee
	U+0F212	fa-leanpub
	U+0F213	fa-sellsy
	U+0F214	fa-shirtsinbulk
	U+0F215	fa-simplybuilt
	U+0F216	fa-skyatlas
	U+0F217	fa-cart_plus
	U+0F218	fa-cart_arrow_down
	U+0F219	fa-gem
	U+0F21A	fa-ship
	U+0F21B	fa-user_secret
	U+0F21C	fa-motorcycle
	U+0F21D	fa-street_view
	U+0F21E	fa-heartbeat
	U+0F21F	fa-docker
	U+0F220	fa-draft2digital
	U+0F221	fa-venus
	U+0F222	fa-mars
	U+0F223	fa-mercury
	U+0F224	fa-transgender
	U+0F225	fa-transgender_alt
	U+0F226	fa-venus_double
	U+0F227	fa-mars_double
	U+0F228	fa-venus_mars
	U+0F229	fa-mars_stroke
	U+0F22A	fa-mars_stroke_v
	U+0F22B	fa-mars_stroke_right
	U+0F22C	fa-neuter
	U+0F22D	fa-genderless
	U+0F22E	fa-square_dribbble
	U+0F22F	fa-dyalog
	U+0F230	fa-facebook_official
	U+0F231	fa-pinterest_p
	U+0F232	fa-whatsapp
	U+0F233	fa-server
	U+0F234	fa-user_plus
	U+0F235	fa-user_xmark
	U+0F236	fa-hotel
	U+0F237	fa-viacoin
	U+0F238	fa-train
	U+0F239	fa-train_subway
	U+0F23A	fa-medium
	U+0F23B	fa-yc
	U+0F23C	fa-optin_monster
	U+0F23D	fa-opencart
	U+0F23E	fa-expeditedssl
	U+0F23F	fa-erlang
	U+0F240	fa-battery_full
	U+0F241	fa-battery_three_quarters
	U+0F242	fa-battery_half
	U+0F243	fa-battery_quarter
	U+0F244	fa-battery_empty
	U+0F245	fa-mouse_pointer
	U+0F246	fa-i_cursor
	U+0F247	fa-object_group
	U+0F248	fa-object_ungroup
	U+0F249	fa-sticky_note
	U+0F24A	fa-sticky_note_o
	U+0F24B	fa-cc_jcb
	U+0F24C	fa-cc_diners_club
	U+0F24D	fa-clone
	U+0F24E	fa-scale_balanced
	U+0F24F	fa-facebook_f
	U+0F250	fa-hourglass_o
	U+0F251	fa-hourglass_start
	U+0F252	fa-hourglass_half
	U+0F253	fa-hourglass_end
	U+0F254	fa-hourglass
	U+0F255	fa-hand_rock_o
	U+0F256	fa-hand_stop_o
	U+0F257	fa-hand_scissors_o
	U+0F258	fa-hand_lizard_o
	U+0F259	fa-hand_spock_o
	U+0F25A	fa-hand_pointer_o
	U+0F25B	fa-hand_peace_o
	U+0F25C	fa-trademark
	U+0F25D	fa-registered
	U+0F25E	fa-creative_commons
	U+0F25F	fa-facebook_messenger
	U+0F260	fa-gg
	U+0F261	fa-gg_circle
	U+0F262	fa-tripadvisor
	U+0F263	fa-odnoklassniki
	U+0F264	fa-square_odnoklassniki
	U+0F265	fa-get_pocket
	U+0F266	fa-wikipedia_w
	U+0F267	fa-safari
	U+0F268	fa-chrome
	U+0F269	fa-firefox
	U+0F26A	fa-opera
	U+0F26B	fa-internet_explorer
	U+0F26C	fa-tv
	U+0F26D	fa-contao
	U+0F26E	fa-500px
	U+0F26F	fa-fonticons_fi
	U+0F270	fa-amazon
	U+0F271	fa-calendar_plus_o
	U+0F272	fa-calendar_minus_o
	U+0F273	fa-calendar_xmark
	U+0F274	fa-calendar_check_o
	U+0F275	fa-industry
	U+0F276	fa-map_pin
	U+0F277	fa-signs_post
	U+0F278	fa-map_o
	U+0F279	fa-map
	U+0F27A	fa-message
	U+0F27B	fa-commenting_o
	U+0F27C	fa-houzz
	U+0F27D	fa-vimeo_v
	U+0F27E	fa-black_tie
	U+0F27F	fa-fort_awesome_alt
	U+0F280	fa-fonticons
	U+0F281	fa-reddit_alien
	U+0F282	fa-edge
	U+0F283	fa-credit_card_alt
	U+0F284	fa-codiepie
	U+0F285	fa-modx
	U+0F286	fa-fort_awesome
	U+0F287	fa-usb
	U+0F288	fa-product_hunt
	U+0F289	fa-mixcloud
	U+0F28A	fa-scribd
	U+0F28B	fa-pause_circle
	U+0F28C	fa-pause_circle_o
	U+0F28D	fa-stop_circle
	U+0F28E	fa-stop_circle_o
	U+0F28F	fa-freebsd
	U+0F290	fa-shopping_bag
	U+0F291	fa-shopping_basket
	U+0F292	fa-hashtag
	U+0F293	fa-bluetooth
	U+0F294	fa-bluetooth_b
	U+0F295	fa-percent
	U+0F296	fa-gitlab
	U+0F297	fa-wpbeginner
	U+0F298	fa-wpforms
	U+0F299	fa-envira
	U+0F29A	fa-universal_access
	U+0F29B	fa-wheelchair_alt
	U+0F29C	fa-question_circle_o
	U+0F29D	fa-person_walking_with_cane
	U+0F29E	fa-audio_description
	U+0F29F	fa-diamond
	U+0F2A0	fa-volume_control_phone
	U+0F2A1	fa-braille
	U+0F2A2	fa-ear_listen
	U+0F2A3	fa-hands_asl_interpreting
	U+0F2A4	fa-hard_of_hearing
	U+0F2A5	fa-glide
	U+0F2A6	fa-glide_g
	U+0F2A7	fa-signing
	U+0F2A8	fa-low_vision
	U+0F2A9	fa-viadeo
	U+0F2AA	fa-viadeo_square
	U+0F2AB	fa-snapchat
	U+0F2AC	fa-snapchat_ghost
	U+0F2AD	fa-square_snapchat
	U+0F2AE	fa-pied_piper
	U+0F2AF	fa-gofore
	U+0F2B0	fa-first_order
	U+0F2B1	fa-yoast
	U+0F2B2	fa-themeisle
	U+0F2B3	fa-google_plus_official
	U+0F2B4	fa-font_awesome
	U+0F2B5	fa-handshake_o
	U+0F2B6	fa-envelope_open
	U+0F2B7	fa-envelope_open_o
	U+0F2B8	fa-linode
	U+0F2B9	fa-address_book
	U+0F2BA	fa-address_book_o
	U+0F2BB	fa-vcard
	U+0F2BC	fa-vcard_o
	U+0F2BD	fa-user_circle
	U+0F2BE	fa-user_circle_o
	U+0F2BF	fa-goodreads
	U+0F2C0	fa-user_o
	U+0F2C1	fa-id_badge
	U+0F2C2	fa-id_card
	U+0F2C3	fa-id_card_o
	U+0F2C4	fa-quora
	U+0F2C5	fa-free_code_camp
	U+0F2C6	fa-telegram
	U+0F2C7	fa-thermometer_full
	U+0F2C8	fa-thermometer_three_quarters
	U+0F2C9	fa-thermometer_half
	U+0F2CA	fa-thermometer_quarter
	U+0F2CB	fa-thermometer_empty
	U+0F2CC	fa-shower
	U+0F2CD	fa-s15
	U+0F2CE	fa-podcast
	U+0F2CF	fa-goodreads_g
	U+0F2D0	fa-window_maximize
	U+0F2D1	fa-window_minimize
	U+0F2D2	fa-window_restore
	U+0F2D3	fa-window_close
	U+0F2D4	fa-window_close_o
	U+0F2D5	fa-bandcamp
	U+0F2D6	fa-grav
	U+0F2D7	fa-etsy
	U+0F2D8	fa-imdb
	U+0F2D9	fa-ravelry
	U+0F2DA	fa-sellcast
	U+0F2DB	fa-microchip
	U+0F2DC	fa-snowflake_o
	U+0F2DD	fa-superpowers
	U+0F2DE	fa-wpexplorer
	U+0F2DF	fa-google_drive
	U+0F2E0	fa-meetup
	U+0F2E1	fa-google_play
	U+0F2E2	fa-gripfire
	U+0F2E3	fa-grunt
	U+0F2E4	fa-gulp
	U+0F2E5	fa-square_hacker_news
	U+0F2E6	fa-hire_a_helper
	U+0F2E7	fa-hotjar
	U+0F2E8	fa-hubspot
	U+0F2E9	fa-itunes
	U+0F2EA	fa-rotate_left
	U+0F2EB	fa-itunes_note
	U+0F2EC	fa-jenkins
	U+0F2ED	fa-joget
	U+0F2EE	fa-js
	U+0F2EF	fa-square_js
	U+0F2F0	fa-keycdn
	U+0F2F1	fa-rotate
	U+0F2F2	fa-stopwatch
	U+0F2F3	fa-kickstarter
	U+0F2F4	fa-kickstarter_k
	U+0F2F5	fa-right_from_bracket
	U+0F2F6	fa-right_to_bracket
	U+0F2F7	fa-laravel
	U+0F2F8	fa-turn_down
	U+0F2F9	fa-rotate_right
	U+0F2FA	fa-turn_up
	U+0F2FB	fa-line
	U+0F2FC	fa-lock_open
	U+0F2FD	fa-lyft
	U+0F2FE	fa-poo
	U+0F2FF	fa-magento
	U+0F300	linux-alpine
	U+0F301	linux-aosc
	U+0F302	linux-apple
	U+0F303	linux-archlinux
	U+0F304	linux-centos
	U+0F305	linux-coreos
	U+0F306	linux-debian
	U+0F307	linux-devuan
	U+0F308	linux-docker
	U+0F309	linux-elementary
	U+0F30A	linux-fedora
	U+0F30B	linux-fedora_inverse
	U+0F30C	linux-freebsd
	U+0F30D	linux-gentoo
	U+0F30E	linux-linuxmint
	U+0F30F	linux-linuxmint_inverse
	U+0F310	linux-mageia
	U+0F311	linux-mandriva
	U+0F312	linux-manjaro
	U+0F313	linux-nixos
	U+0F314	linux-opensuse
	U+0F315	linux-raspberry_pi
	U+0F316	linux-redhat
	U+0F317	linux-sabayon
	U+0F318	linux-slackware
	U+0F319	linux-slackware_inverse
	U+0F31A	linux-tux
	U+0F31B	linux-ubuntu
	U+0F31C	linux-ubuntu_inverse
	U+0F31D	linux-almalinux
	U+0F31E	linux-archlabs
	U+0F31F	linux-artix
	U+0F320	linux-budgie
	U+0F321	linux-deepin
	U+0F322	linux-endeavour
	U+0F323	linux-ferris
	U+0F324	linux-flathub
	U+0F325	linux-gnu_guix
	U+0F326	linux-illumos
	U+0F327	linux-kali_linux
	U+0F328	linux-openbsd
	U+0F329	linux-parrot
	U+0F32A	linux-pop_os
	U+0F32B	linux-rocky_linux
	U+0F32C	linux-snappy
	U+0F32D	linux-solus
	U+0F32E	linux-void
	U+0F32F	linux-zorin
	U+0F330	linux-codeberg
	U+0F331	linux-kde_neon
	U+0F332	linux-kde_plasma
	U+0F333	linux-kubuntu
	U+0F334	linux-kubuntu_inverse
	U+0F335	linux-forgejo
	U+0F336	linux-freecad
	U+0F337	linux-garuda
	U+0F338	linux-gimp
	U+0F339	linux-gitea
	U+0F33A	linux-hyperbola
	U+0F33B	linux-inkscape
	U+0F33C	linux-kdenlive
	U+0F33D	linux-krita
	U+0F33E	linux-lxle
	U+0F33F	linux-mxlinux
	U+0F340	linux-parabola
	U+0F341	linux-puppy
	U+0F342	linux-qubesos
	U+0F343	linux-tails
	U+0F344	linux-trisquel
	U+0F345	linux-archcraft
	U+0F346	linux-arcolinux
	U+0F347	linux-biglinux
	U+0F348	linux-crystal
	U+0F349	linux-locos
	U+0F34A	linux-xerolinux
	U+0F34B	linux-arduino
	U+0F34C	linux-kicad
	U+0F34D	linux-octoprint
	U+0F34E	linux-openscad
	U+0F34F	linux-osh
	U+0F350	linux-oshwa
	U+0F351	linux-prusaslicer
	U+0F352	linux-reprap
	U+0F353	linux-riscv
	U+0F354	linux-awesome
	U+0F355	linux-bspwm
	U+0F356	linux-dwm
	U+0F357	linux-enlightenment
	U+0F358	linux-fluxbox
	U+0F359	linux-hyprland
	U+0F35A	linux-i3
	U+0F35B	linux-jwm
	U+0F35C	linux-qtile
	U+0F35D	linux-sway
	U+0F35E	linux-xmonad
	U+0F35F	linux-cinnamon
	U+0F360	linux-freedesktop
	U+0F361	linux-gnome
	U+0F362	linux-gtk
	U+0F363	linux-lxde
	U+0F364	linux-lxqt
	U+0F365	linux-mate
	U+0F366	linux-vanilla
	U+0F367	linux-wayland
	U+0F368	linux-xfce
	U+0F369	linux-xorg
	U+0F36A	linux-fdroid
	U+0F36B	linux-fosdem
	U+0F36C	linux-osi
	U+0F36D	linux-wikimedia
	U+0F36E	linux-mpv
	U+0F36F	linux-neovim
	U+0F370	linux-thunderbird
	U+0F371	linux-tor
	U+0F372	linux-vscodium
	U+0F373	linux-kde
	U+0F374	linux-postmarketos
	U+0F375	linux-qt
	U+0F376	linux-libreoffice
	U+0F377	linux-libreofficebase
	U+0F378	linux-libreofficecalc
	U+0F379	linux-libreofficedraw
	U+0F37A	linux-libreofficeimpress
	U+0F37B	linux-libreofficemath
	U+0F37C	linux-libreofficewriter
	U+0F37D	linux-tumbleweed
	U+0F37E	linux-leap
	U+0F37F	linux-typst
	U+0F380	linux-nobara
	U+0F381	linux-river
	U+0F382	linux-openwrt
	U+0F383	linux-wireguard
	U+0F384	linux-ffmpeg
	U+0F385	linux-cachyos
	U+0F400	oct-light_bulb
	U+0F401	oct-repo
	U+0F402	oct-repo_forked
	U+0F403	oct-repo_push
	U+0F404	oct-repo_pull
	U+0F405	oct-book
	U+0F406	oct-accessibility
	U+0F407	oct-git_pull_request
	U+0F408	oct-mark_github
	U+0F409	oct-download
	U+0F40A	oct-upload
	U+0F40B	oct-accessibility_inset
	U+0F40C	oct-alert_fill
	U+0F40D	oct-file_code
	U+0F40E	oct-apps
	U+0F40F	oct-file_media
	U+0F410	oct-file_zip
	U+0F411	oct-archive
	U+0F412	oct-tag
	U+0F413	oct-file_directory
	U+0F414	oct-file_submodule
	U+0F415	oct-person
	U+0F416	oct-arrow_both
	U+0F417	oct-git_commit
	U+0F418	oct-git_branch
	U+0F419	oct-git_merge
	U+0F41A	oct-mirror
	U+0F41B	oct-issue_opened
	U+0F41C	oct-issue_reopened
	U+0F41D	oct-issue_closed
	U+0F41E	oct-star
	U+0F41F	oct-comment
	U+0F420	oct-question
	U+0F421	oct-alert
	U+0F422	oct-search
	U+0F423	oct-gear
	U+0F424	oct-arrow_down_left
	U+0F425	oct-tools
	U+0F426	oct-sign_out
	U+0F427	oct-rocket
	U+0F428	oct-rss
	U+0F429	oct-paste
	U+0F42A	oct-sign_in
	U+0F42B	oct-organization
	U+0F42C	oct-device_mobile
	U+0F42D	oct-unfold
	U+0F42E	oct-check
	U+0F42F	oct-mail
	U+0F430	oct-read
	U+0F431	oct-arrow_up
	U+0F432	oct-arrow_right
	U+0F433	oct-arrow_down
	U+0F434	oct-arrow_left
	U+0F435	oct-pin
	U+0F436	oct-gift
	U+0F437	oct-graph
	U+0F438	oct-triangle_left
	U+0F439	oct-credit_card
	U+0F43A	oct-clock
	U+0F43B	oct-ruby
	U+0F43C	oct-broadcast
	U+0F43D	oct-key
	U+0F43E	oct-arrow_down_right
	U+0F43F	oct-repo_clone
	U+0F440	oct-diff
	U+0F441	oct-eye
	U+0F442	oct-comment_discussion
	U+0F443	oct-arrow_switch
	U+0F444	oct-dot_fill
	U+0F445	oct-square_fill
	U+0F446	oct-device_camera
	U+0F447	oct-device_camera_video
	U+0F448	oct-pencil
	U+0F449	oct-info
	U+0F44A	oct-triangle_right
	U+0F44B	oct-triangle_down
	U+0F44C	oct-link
	U+0F44D	oct-plus
	U+0F44E	oct-three_bars
	U+0F44F	oct-code
	U+0F450	oct-location
	U+0F451	oct-list_unordered
	U+0F452	oct-list_ordered
	U+0F453	oct-quote
	U+0F454	oct-versions
	U+0F455	oct-calendar
	U+0F456	oct-lock
	U+0F457	oct-diff_added
	U+0F458	oct-diff_removed
	U+0F459	oct-diff_modified
	U+0F45A	oct-diff_renamed
	U+0F45B	oct-horizontal_rule
	U+0F45C	oct-arrow_up_left
	U+0F45D	oct-milestone
	U+0F45E	oct-checklist
	U+0F45F	oct-megaphone
	U+0F460	oct-chevron_right
	U+0F461	oct-bookmark
	U+0F462	oct-sliders
	U+0F463	oct-meter
	U+0F464	oct-history
	U+0F465	oct-link_external
	U+0F466	oct-mute
	U+0F467	oct-x
	U+0F468	oct-circle_slash
	U+0F469	oct-pulse
	U+0F46A	oct-sync
	U+0F46B	oct-telescope
	U+0F46C	oct-arrow_up_right
	U+0F46D	oct-home
	U+0F46E	oct-stop
	U+0F46F	oct-bug
	U+0F470	oct-logo_github
	U+0F471	oct-file_binary
	U+0F472	oct-database
	U+0F473	oct-server
	U+0F474	oct-diff_ignored
	U+0F475	oct-ellipsis
	U+0F476	oct-bell_fill
	U+0F477	oct-hubot
	U+0F478	oct-bell_slash
	U+0F479	oct-blocked
	U+0F47A	oct-bookmark_fill
	U+0F47B	oct-chevron_up
	U+0F47C	oct-chevron_down
	U+0F47D	oct-chevron_left
	U+0F47E	oct-triangle_up
	U+0F47F	oct-git_compare
	U+0F480	oct-logo_gist
	U+0F481	oct-file_symlink_file
	U+0F482	oct-file_symlink_directory
	U+0F483	oct-squirrel
	U+0F484	oct-globe
	U+0F485	oct-unmute
	U+0F486	oct-mention
	U+0F487	oct-package
	U+0F488	oct-browser
	U+0F489	oct-terminal
	U+0F48A	oct-markdown
	U+0F48B	oct-dash
	U+0F48C	oct-fold
	U+0F48D	oct-inbox
	U+0F48E	oct-trash
	U+0F48F	oct-paintbrush
	U+0F490	oct-flame
	U+0F491	oct-briefcase
	U+0F492	oct-plug
	U+0F493	oct-bookmark_slash_fill
	U+0F494	oct-mortar_board
	U+0F495	oct-law
	U+0F496	oct-thumbsup
	U+0F497	oct-thumbsdown
	U+0F498	oct-desktop_download
	U+0F499	oct-beaker
	U+0F49A	oct-bell
	U+0F49B	oct-cache
	U+0F49C	oct-shield
	U+0F49D	oct-bold
	U+0F49E	oct-check_circle
	U+0F49F	oct-italic
	U+0F4A0	oct-tasklist
	U+0F4A1	oct-verified
	U+0F4A2	oct-smiley
	U+0F4A3	oct-unverified
	U+0F4A4	oct-check_circle_fill
	U+0F4A5	oct-file
	U+0F4A6	oct-grabber
	U+0F4A7	oct-checkbox
	U+0F4A8	oct-reply
	U+0F4A9	oct-device_desktop
	U+0F4AA	oct-circle
	U+0F4AB	oct-clock_fill
	U+0F4AC	oct-cloud
	U+0F4AD	oct-cloud_offline
	U+0F4AE	oct-code_of_conduct
	U+0F4AF	oct-code_review
	U+0F4B0	oct-code_square
	U+0F4B1	oct-codescan
	U+0F4B2	oct-codescan_checkmark
	U+0F4B3	oct-codespaces
	U+0F4B4	oct-columns
	U+0F4B5	oct-command_palette
	U+0F4B6	oct-commit
	U+0F4B7	oct-container
	U+0F4B8	oct-copilot
	U+0F4B9	oct-copilot_error
	U+0F4BA	oct-copilot_warning
	U+0F4BB	oct-copy
	U+0F4BC	oct-cpu
	U+0F4BD	oct-cross_reference
	U+0F4BE	oct-dependabot
	U+0F4BF	oct-diamond
	U+0F4C0	oct-discussion_closed
	U+0F4C1	oct-discussion_duplicate
	U+0F4C2	oct-discussion_outdated
	U+0F4C3	oct-dot
	U+0F4C4	oct-duplicate
	U+0F4C5	oct-eye_closed
	U+0F4C6	oct-feed_discussion
	U+0F4C7	oct-feed_forked
	U+0F4C8	oct-feed_heart
	U+0F4C9	oct-feed_merged
	U+0F4CA	oct-feed_person
	U+0F4CB	oct-feed_repo
	U+0F4CC	oct-feed_rocket
	U+0F4CD	oct-feed_star
	U+0F4CE	oct-feed_tag
	U+0F4CF	oct-feed_trophy
	U+0F4D0	oct-file_added
	U+0F4D1	oct-file_badge
	U+0F4D2	oct-file_diff
	U+0F4D3	oct-file_directory_fill
	U+0F4D4	oct-file_directory_open_fill
	U+0F4D5	oct-file_moved
	U+0F4D6	oct-file_removed
	U+0F4D7	oct-filter
	U+0F4D8	oct-fiscal_host
	U+0F4D9	oct-fold_down
	U+0F4DA	oct-fold_up
	U+0F4DB	oct-git_merge_queue
	U+0F4DC	oct-git_pull_request_closed
	U+0F4DD	oct-git_pull_request_draft
	U+0F4DE	oct-goal
	U+0F4DF	oct-hash
	U+0F4E0	oct-heading
	U+0F4E1	oct-heart_fill
	U+0F4E2	oct-home_fill
	U+0F4E3	oct-hourglass
	U+0F4E4	oct-id_badge
	U+0F4E5	oct-image
	U+0F4E6	oct-infinity
	U+0F4E7	oct-issue_draft
	U+0F4E8	oct-issue_tracked_by
	U+0F4E9	oct-issue_tracks
	U+0F4EA	oct-iterations
	U+0F4EB	oct-kebab_horizontal
	U+0F4EC	oct-key_asterisk
	U+0F4ED	oct-log
	U+0F4EE	oct-moon
	U+0F4EF	oct-move_to_bottom
	U+0F4F0	oct-move_to_end
	U+0F4F1	oct-move_to_start
	U+0F4F2	oct-move_to_top
	U+0F4F3	oct-multi_select
	U+0F4F4	oct-no_entry
	U+0F4F5	oct-north_star
	U+0F4F6	oct-note
	U+0F4F7	oct-number
	U+0F4F8	oct-package_dependencies
	U+0F4F9	oct-package_dependents
	U+0F4FA	oct-paper_airplane
	U+0F4FB	oct-paperclip
	U+0F4FC	oct-passkey_fill
	U+0F4FD	oct-people
	U+0F4FE	oct-person_add
	U+0F4FF	oct-person_fill
	U+0F500	oct-play
	U+0F501	oct-plus_circle
	U+0F502	oct-project
	U+0F503	oct-project_roadmap
	U+0F504	oct-project_symlink
	U+0F505	oct-project_template
	U+0F506	oct-rel_file_path
	U+0F507	oct-repo_deleted
	U+0F508	oct-repo_locked
	U+0F509	oct-repo_template
	U+0F50A	oct-report
	U+0F50B	oct-rows
	U+0F50C	oct-screen_full
	U+0F50D	oct-screen_normal
	U+0F50E	oct-share
	U+0F50F	oct-share_android
	U+0F510	oct-shield_check
	U+0F511	oct-shield_lock
	U+0F512	oct-shield_slash
	U+0F513	oct-shield_x
	U+0F514	oct-sidebar_collapse
	U+0F515	oct-sidebar_expand
	U+0F516	oct-single_select
	U+0F517	oct-skip
	U+0F518	oct-skip_fill
	U+0F519	oct-sort_asc
	U+0F51A	oct-sort_desc
	U+0F51B	oct-sparkle_fill
	U+0F51C	oct-sponsor_tiers
	U+0F51D	oct-square
	U+0F51E	oct-stack
	U+0F51F	oct-star_fill
	U+0F520	oct-stopwatch
	U+0F521	oct-strikethrough
	U+0F522	oct-sun
	U+0F523	oct-tab
	U+0F524	oct-tab_external
	U+0F525	oct-table
	U+0F526	oct-telescope_fill
	U+0F527	oct-trophy
	U+0F528	oct-typography
	U+0F529	oct-unlink
	U+0F52A	oct-unlock
	U+0F52B	oct-unread
	U+0F52C	oct-video
	U+0F52D	oct-webhook
	U+0F52E	oct-workflow
	U+0F52F	oct-x_circle
	U+0F530	oct-x_circle_fill
	U+0F531	oct-zoom_in
	U+0F532	oct-zoom_out
	U+0F533	oct-bookmark_slash
󰀁	U+F0001	md-vector_square
󰀂	U+F0002	md-access_point_network
󰀃	U+F0003	md-access_point
󰀄	U+F0004	md-account
󰀅	U+F0005	md-account_alert
󰀆	U+F0006	md-account_box
󰀇	U+F0007	md-account_box_outline
󰀈	U+F0008	md-account_check
󰀉	U+F0009	md-account_circle
󰀊	U+F000A	md-account_convert
󰀋	U+F000B	md-account_key
󰀌	U+F000C	md-tooltip_account
󰀍	U+F000D	md-account_minus
󰀎	U+F000E	md-account_multiple
󰀏	U+F000F	md-account_multiple_outline
󰀐	U+F0010	md-account_multiple_plus
󰀑	U+F0011	md-account_network
󰀒	U+F0012	md-account_off
󰀓	U+F0013	md-account_outline
󰀔	U+F0014	md-account_plus
󰀕	U+F0015	md-account_remove
󰀖	U+F0016	md-account_search
󰀗	U+F0017	md-account_star
󰀘	U+F0018	md-orbit
󰀙	U+F0019	md-account_switch
󰀚	U+F001A	md-adjust
󰀛	U+F001B	md-air_conditioner
󰀜	U+F001C	md-airballoon
󰀝	U+F001D	md-airplane
󰀞	U+F001E	md-airplane_off
󰀟	U+F001F	md-cast_variant
󰀠	U+F0020	md-alarm
󰀡	U+F0021	md-alarm_check
󰀢	U+F0022	md-alarm_multiple
󰀣	U+F0023	md-alarm_off
󰀤	U+F0024	md-alarm_plus
󰀥	U+F0025	md-album
󰀦	U+F0026	md-alert
󰀧	U+F0027	md-alert_box
󰀨	U+F0028	md-alert_circle
󰀩	U+F0029	md-alert_octagon
󰀪	U+F002A	md-alert_outline
󰀫	U+F002B	md-alpha
󰀬	U+F002C	md-alphabetical
󰀭	U+F002D	md-greenhouse
󰀮	U+F002E	md-rollerblade_off
󰀯	U+F002F	md-ambulance
󰀰	U+F0030	md-amplifier
󰀱	U+F0031	md-anchor
󰀲	U+F0032	md-android
󰀳	U+F0033	md-web_plus
󰀴	U+F0034	md-android_studio
󰀵	U+F0035	md-apple
󰀶	U+F0036	md-apple_finder
󰀷	U+F0037	md-apple_ios
󰀸	U+F0038	md-apple_icloud
󰀹	U+F0039	md-apple_safari
󰀺	U+F003A	md-font_awesome
󰀻	U+F003B	md-apps
󰀼	U+F003C	md-archive
󰀽	U+F003D	md-arrange_bring_forward
󰀾	U+F003E	md-arrange_bring_to_front
󰀿	U+F003F	md-arrange_send_backward
󰁀	U+F0040	md-arrange_send_to_back
󰁁	U+F0041	md-arrow_all
󰁂	U+F0042	md-arrow_bottom_left
󰁃	U+F0043	md-arrow_bottom_right
󰁄	U+F0044	md-arrow_collapse_all
󰁅	U+F0045	md-arrow_down
󰁆	U+F0046	md-arrow_down_thick
󰁇	U+F0047	md-arrow_down_bold_circle
󰁈	U+F0048	md-arrow_down_bold_circle_outline
󰁉	U+F0049	md-arrow_down_bold_hexagon_outline
󰁊	U+F004A	md-arrow_down_drop_circle
󰁋	U+F004B	md-arrow_down_drop_circle_outline
󰁌	U+F004C	md-arrow_expand_all
󰁍	U+F004D	md-arrow_left
󰁎	U+F004E	md-arrow_left_thick
󰁏	U+F004F	md-arrow_left_bold_circle
󰁐	U+F0050	md-arrow_left_bold_circle_outline
󰁑	U+F0051	md-arrow_left_bold_hexagon_outline
󰁒	U+F0052	md-arrow_left_drop_circle
󰁓	U+F0053	md-arrow_left_drop_circle_outline
󰁔	U+F0054	md-arrow_right
󰁕	U+F0055	md-arrow_right_thick
󰁖	U+F0056	md-arrow_right_bold_circle
󰁗	U+F0057	md-arrow_right_bold_circle_outline
󰁘	U+F0058	md-arrow_right_bold_hexagon_outline
󰁙	U+F0059	md-arrow_right_drop_circle
󰁚	U+F005A	md-arrow_right_drop_circle_outline
󰁛	U+F005B	md-arrow_top_left
󰁜	U+F005C	md-arrow_top_right
󰁝	U+F005D	md-arrow_up
󰁞	U+F005E	md-arrow_up_thick
󰁟	U+F005F	md-arrow_up_bold_circle
󰁠	U+F0060	md-arrow_up_bold_circle_outline
󰁡	U+F0061	md-arrow_up_bold_hexagon_outline
󰁢	U+F0062	md-arrow_up_drop_circle
󰁣	U+F0063	md-arrow_up_drop_circle_outline
󰁤	U+F0064	md-assistant
󰁥	U+F0065	md-at
󰁦	U+F0066	md-attachment
󰁧	U+F0067	md-book_music
󰁨	U+F0068	md-auto_fix
󰁩	U+F0069	md-auto_upload
󰁪	U+F006A	md-autorenew
󰁫	U+F006B	md-av_timer
󰁬	U+F006C	md-baby
󰁭	U+F006D	md-backburger
󰁮	U+F006E	md-backspace
󰁯	U+F006F	md-backup_restore
󰁰	U+F0070	md-bank
󰁱	U+F0071	md-barcode
󰁲	U+F0072	md-barcode_scan
󰁳	U+F0073	md-barley
󰁴	U+F0074	md-barrel
󰁵	U+F0075	md-incognito_off
󰁶	U+F0076	md-basket
󰁷	U+F0077	md-basket_fill
󰁸	U+F0078	md-basket_unfill
󰁹	U+F0079	md-battery
󰁺	U+F007A	md-battery_10
󰁻	U+F007B	md-battery_20
󰁼	U+F007C	md-battery_30
󰁽	U+F007D	md-battery_40
󰁾	U+F007E	md-battery_50
󰁿	U+F007F	md-battery_60
󰂀	U+F0080	md-battery_70
󰂁	U+F0081	md-battery_80
󰂂	U+F0082	md-battery_90
󰂃	U+F0083	md-battery_alert
󰂄	U+F0084	md-battery_charging
󰂅	U+F0085	md-battery_charging_100
󰂆	U+F0086	md-battery_charging_20
󰂇	U+F0087	md-battery_charging_30
󰂈	U+F0088	md-battery_charging_40
󰂉	U+F0089	md-battery_charging_60
󰂊	U+F008A	md-battery_charging_80
󰂋	U+F008B	md-battery_charging_90
󰂌	U+F008C	md-battery_minus_variant
󰂍	U+F008D	md-battery_negative
󰂎	U+F008E	md-battery_outline
󰂏	U+F008F	md-battery_plus_variant
󰂐	U+F0090	md-battery_positive
󰂑	U+F0091	md-battery_unknown
󰂒	U+F0092	md-beach
󰂓	U+F0093	md-flask
󰂔	U+F0094	md-flask_empty
󰂕	U+F0095	md-flask_empty_outline
󰂖	U+F0096	md-flask_outline
󰂗	U+F0097	md-bunk_bed_outline
󰂘	U+F0098	md-beer
󰂙	U+F0099	md-bed_outline
󰂚	U+F009A	md-bell
󰂛	U+F009B	md-bell_off
󰂜	U+F009C	md-bell_outline
󰂝	U+F009D	md-bell_plus
󰂞	U+F009E	md-bell_ring
󰂟	U+F009F	md-bell_ring_outline
󰂠	U+F00A0	md-bell_sleep
󰂡	U+F00A1	md-beta
󰂢	U+F00A2	md-book_cross
󰂣	U+F00A3	md-bike
󰂤	U+F00A4	md-microsoft_bing
󰂥	U+F00A5	md-binoculars
󰂦	U+F00A6	md-bio
󰂧	U+F00A7	md-biohazard
󰂨	U+F00A8	md-bitbucket
󰂩	U+F00A9	md-black_mesa
󰂪	U+F00AA	md-shield_refresh
󰂫	U+F00AB	md-blender_software
󰂬	U+F00AC	md-blinds
󰂭	U+F00AD	md-block_helper
󰂮	U+F00AE	md-application_edit
󰂯	U+F00AF	md-bluetooth
󰂰	U+F00B0	md-bluetooth_audio
󰂱	U+F00B1	md-bluetooth_connect
󰂲	U+F00B2	md-bluetooth_off
󰂳	U+F00B3	md-bluetooth_settings
󰂴	U+F00B4	md-bluetooth_transfer
󰂵	U+F00B5	md-blur
󰂶	U+F00B6	md-blur_linear
󰂷	U+F00B7	md-blur_off
󰂸	U+F00B8	md-blur_radial
󰂹	U+F00B9	md-bone
󰂺	U+F00BA	md-book
󰂻	U+F00BB	md-book_multiple
󰂼	U+F00BC	md-book_variant_multiple
󰂽	U+F00BD	md-book_open
󰂾	U+F00BE	md-book_open_blank_variant
󰂿	U+F00BF	md-book_variant
󰃀	U+F00C0	md-bookmark
󰃁	U+F00C1	md-bookmark_check
󰃂	U+F00C2	md-bookmark_music
󰃃	U+F00C3	md-bookmark_outline
󰃄	U+F00C4	md-bookmark_plus_outline
󰃅	U+F00C5	md-bookmark_plus
󰃆	U+F00C6	md-bookmark_remove
󰃇	U+F00C7	md-border_all
󰃈	U+F00C8	md-border_bottom
󰃉	U+F00C9	md-border_color
󰃊	U+F00CA	md-border_horizontal
󰃋	U+F00CB	md-border_inside
󰃌	U+F00CC	md-border_left
󰃍	U+F00CD	md-border_none
󰃎	U+F00CE	md-border_outside
󰃏	U+F00CF	md-border_right
󰃐	U+F00D0	md-border_style
󰃑	U+F00D1	md-border_top
󰃒	U+F00D2	md-border_vertical
󰃓	U+F00D3	md-bowling
󰃔	U+F00D4	md-box
󰃕	U+F00D5	md-box_cutter
󰃖	U+F00D6	md-briefcase
󰃗	U+F00D7	md-briefcase_check
󰃘	U+F00D8	md-briefcase_download
󰃙	U+F00D9	md-briefcase_upload
󰃚	U+F00DA	md-brightness_1
󰃛	U+F00DB	md-brightness_2
󰃜	U+F00DC	md-brightness_3
󰃝	U+F00DD	md-brightness_4
󰃞	U+F00DE	md-brightness_5
󰃟	U+F00DF	md-brightness_6
󰃠	U+F00E0	md-brightness_7
󰃡	U+F00E1	md-brightness_auto
󰃢	U+F00E2	md-broom
󰃣	U+F00E3	md-brush
󰃤	U+F00E4	md-bug
󰃥	U+F00E5	md-bulletin_board
󰃦	U+F00E6	md-bullhorn
󰃧	U+F00E7	md-bus
󰃨	U+F00E8	md-cached
󰃩	U+F00E9	md-cake
󰃪	U+F00EA	md-cake_layered
󰃫	U+F00EB	md-cake_variant
󰃬	U+F00EC	md-calculator
󰃭	U+F00ED	md-calendar
󰃮	U+F00EE	md-calendar_blank
󰃯	U+F00EF	md-calendar_check
󰃰	U+F00F0	md-calendar_clock
󰃱	U+F00F1	md-calendar_multiple
󰃲	U+F00F2	md-calendar_multiple_check
󰃳	U+F00F3	md-calendar_plus
󰃴	U+F00F4	md-calendar_remove
󰃵	U+F00F5	md-calendar_text
󰃶	U+F00F6	md-calendar_today
󰃷	U+F00F7	md-call_made
󰃸	U+F00F8	md-call_merge
󰃹	U+F00F9	md-call_missed
󰃺	U+F00FA	md-call_received
󰃻	U+F00FB	md-call_split
󰃼	U+F00FC	md-camcorder
󰃽	U+F00FD	md-video_box
󰃾	U+F00FE	md-video_box_off
󰃿	U+F00FF	md-camcorder_off
󰄀	U+F0100	md-camera
󰄁	U+F0101	md-camera_enhance
󰄂	U+F0102	md-camera_front
󰄃	U+F0103	md-camera_front_variant
󰄄	U+F0104	md-camera_iris
󰄅	U+F0105	md-camera_party_mode
󰄆	U+F0106	md-camera_rear
󰄇	U+F0107	md-camera_rear_variant
󰄈	U+F0108	md-camera_switch
󰄉	U+F0109	md-camera_timer
󰄊	U+F010A	md-candycane
󰄋	U+F010B	md-car
󰄌	U+F010C	md-car_battery
󰄍	U+F010D	md-car_connected
󰄎	U+F010E	md-car_wash
󰄏	U+F010F	md-carrot
󰄐	U+F0110	md-cart
󰄑	U+F0111	md-cart_outline
󰄒	U+F0112	md-cart_plus
󰄓	U+F0113	md-case_sensitive_alt
󰄔	U+F0114	md-cash
󰄕	U+F0115	md-cash_100
󰄖	U+F0116	md-cash_multiple
󰄗	U+F0117	md-checkbox_blank_badge_outline
󰄘	U+F0118	md-cast
󰄙	U+F0119	md-cast_connected
󰄚	U+F011A	md-castle
󰄛	U+F011B	md-cat
󰄜	U+F011C	md-cellphone
󰄝	U+F011D	md-tray_arrow_up
󰄞	U+F011E	md-cellphone_basic
󰄟	U+F011F	md-cellphone_dock
󰄠	U+F0120	md-tray_arrow_down
󰄡	U+F0121	md-cellphone_link
󰄢	U+F0122	md-cellphone_link_off
󰄣	U+F0123	md-cellphone_settings
󰄤	U+F0124	md-certificate
󰄥	U+F0125	md-chair_school
󰄦	U+F0126	md-chart_arc
󰄧	U+F0127	md-chart_areaspline
󰄨	U+F0128	md-chart_bar
󰄩	U+F0129	md-chart_histogram
󰄪	U+F012A	md-chart_line
󰄫	U+F012B	md-chart_pie
󰄬	U+F012C	md-check
󰄭	U+F012D	md-check_all
󰄮	U+F012E	md-checkbox_blank
󰄯	U+F012F	md-checkbox_blank_circle
󰄰	U+F0130	md-checkbox_blank_circle_outline
󰄱	U+F0131	md-checkbox_blank_outline
󰄲	U+F0132	md-checkbox_marked
󰄳	U+F0133	md-checkbox_marked_circle
󰄴	U+F0134	md-checkbox_marked_circle_outline
󰄵	U+F0135	md-checkbox_marked_outline
󰄶	U+F0136	md-checkbox_multiple_blank
󰄷	U+F0137	md-checkbox_multiple_blank_outline
󰄸	U+F0138	md-checkbox_multiple_marked
󰄹	U+F0139	md-checkbox_multiple_marked_outline
󰄺	U+F013A	md-checkerboard
󰄻	U+F013B	md-chemical_weapon
󰄼	U+F013C	md-chevron_double_down
󰄽	U+F013D	md-chevron_double_left
󰄾	U+F013E	md-chevron_double_right
󰄿	U+F013F	md-chevron_double_up
󰅀	U+F0140	md-chevron_down
󰅁	U+F0141	md-chevron_left
󰅂	U+F0142	md-chevron_right
󰅃	U+F0143	md-chevron_up
󰅄	U+F0144	md-church
󰅅	U+F0145	md-roller_skate_off
󰅆	U+F0146	md-city
󰅇	U+F0147	md-clipboard
󰅈	U+F0148	md-clipboard_account
󰅉	U+F0149	md-clipboard_alert
󰅊	U+F014A	md-clipboard_arrow_down
󰅋	U+F014B	md-clipboard_arrow_left
󰅌	U+F014C	md-clipboard_outline
󰅍	U+F014D	md-clipboard_text
󰅎	U+F014E	md-clipboard_check
󰅏	U+F014F	md-clippy
󰅐	U+F0150	md-clock_outline
󰅑	U+F0151	md-clock_end
󰅒	U+F0152	md-clock_fast
󰅓	U+F0153	md-clock_in
󰅔	U+F0154	md-clock_out
󰅕	U+F0155	md-clock_start
󰅖	U+F0156	md-close
󰅗	U+F0157	md-close_box
󰅘	U+F0158	md-close_box_outline
󰅙	U+F0159	md-close_circle
󰅚	U+F015A	md-close_circle_outline
󰅛	U+F015B	md-close_network
󰅜	U+F015C	md-close_octagon
󰅝	U+F015D	md-close_octagon_outline
󰅞	U+F015E	md-closed_caption
󰅟	U+F015F	md-cloud
󰅠	U+F0160	md-cloud_check
󰅡	U+F0161	md-cloud_circle
󰅢	U+F0162	md-cloud_download
󰅣	U+F0163	md-cloud_outline
󰅤	U+F0164	md-cloud_off_outline
󰅥	U+F0165	md-cloud_print
󰅦	U+F0166	md-cloud_print_outline
󰅧	U+F0167	md-cloud_upload
󰅨	U+F0168	md-code_array
󰅩	U+F0169	md-code_braces
󰅪	U+F016A	md-code_brackets
󰅫	U+F016B	md-code_equal
󰅬	U+F016C	md-code_greater_than
󰅭	U+F016D	md-code_greater_than_or_equal
󰅮	U+F016E	md-code_less_than
󰅯	U+F016F	md-code_less_than_or_equal
󰅰	U+F0170	md-code_not_equal
󰅱	U+F0171	md-code_not_equal_variant
󰅲	U+F0172	md-code_parentheses
󰅳	U+F0173	md-code_string
󰅴	U+F0174	md-code_tags
󰅵	U+F0175	md-codepen
󰅶	U+F0176	md-coffee
󰅷	U+F0177	md-coffee_to_go
󰅸	U+F0178	md-bell_badge_outline
󰅹	U+F0179	md-color_helper
󰅺	U+F017A	md-comment
󰅻	U+F017B	md-comment_account
󰅼	U+F017C	md-comment_account_outline
󰅽	U+F017D	md-comment_alert
󰅾	U+F017E	md-comment_alert_outline
󰅿	U+F017F	md-comment_check
󰆀	U+F0180	md-comment_check_outline
󰆁	U+F0181	md-comment_multiple_outline
󰆂	U+F0182	md-comment_outline
󰆃	U+F0183	md-comment_plus_outline
󰆄	U+F0184	md-comment_processing
󰆅	U+F0185	md-comment_processing_outline
󰆆	U+F0186	md-comment_question_outline
󰆇	U+F0187	md-comment_remove_outline
󰆈	U+F0188	md-comment_text
󰆉	U+F0189	md-comment_text_outline
󰆊	U+F018A	md-compare
󰆋	U+F018B	md-compass
󰆌	U+F018C	md-compass_outline
󰆍	U+F018D	md-console
󰆎	U+F018E	md-card_account_mail
󰆏	U+F018F	md-content_copy
󰆐	U+F0190	md-content_cut
󰆑	U+F0191	md-content_duplicate
󰆒	U+F0192	md-content_paste
󰆓	U+F0193	md-content_save
󰆔	U+F0194	md-content_save_all
󰆕	U+F0195	md-contrast
󰆖	U+F0196	md-contrast_box
󰆗	U+F0197	md-contrast_circle
󰆘	U+F0198	md-cookie
󰆙	U+F0199	md-counter
󰆚	U+F019A	md-cow
󰆛	U+F019B	md-credit_card_outline
󰆜	U+F019C	md-credit_card_multiple_outline
󰆝	U+F019D	md-credit_card_scan_outline
󰆞	U+F019E	md-crop
󰆟	U+F019F	md-crop_free
󰆠	U+F01A0	md-crop_landscape
󰆡	U+F01A1	md-crop_portrait
󰆢	U+F01A2	md-crop_square
󰆣	U+F01A3	md-crosshairs
󰆤	U+F01A4	md-crosshairs_gps
󰆥	U+F01A5	md-crown
󰆦	U+F01A6	md-cube
󰆧	U+F01A7	md-cube_outline
󰆨	U+F01A8	md-cube_send
󰆩	U+F01A9	md-cube_unfolded
󰆪	U+F01AA	md-cup
󰆫	U+F01AB	md-cup_water
󰆬	U+F01AC	md-currency_btc
󰆭	U+F01AD	md-currency_eur
󰆮	U+F01AE	md-currency_gbp
󰆯	U+F01AF	md-currency_inr
󰆰	U+F01B0	md-currency_ngn
󰆱	U+F01B1	md-currency_rub
󰆲	U+F01B2	md-currency_try
󰆳	U+F01B3	md-delete_variant
󰆴	U+F01B4	md-delete
󰆵	U+F01B5	md-decimal_increase
󰆶	U+F01B6	md-decimal_decrease
󰆷	U+F01B7	md-debug_step_over
󰆸	U+F01B8	md-debug_step_out
󰆹	U+F01B9	md-debug_step_into
󰆺	U+F01BA	md-database_plus
󰆻	U+F01BB	md-database_minus
󰆼	U+F01BC	md-database
󰆽	U+F01BD	md-cursor_pointer
󰆾	U+F01BE	md-cursor_move
󰆿	U+F01BF	md-cursor_default_outline
󰇀	U+F01C0	md-cursor_default
󰇁	U+F01C1	md-currency_usd
󰇂	U+F01C2	md-delta
󰇃	U+F01C3	md-deskphone
󰇄	U+F01C4	md-desktop_mac
󰇅	U+F01C5	md-desktop_tower
󰇆	U+F01C6	md-details
󰇇	U+F01C7	md-deviantart
󰇈	U+F01C8	md-diamond_stone
󰇉	U+F01C9	md-ab_testing
󰇊	U+F01CA	md-dice_1
󰇋	U+F01CB	md-dice_2
󰇌	U+F01CC	md-dice_3
󰇍	U+F01CD	md-dice_4
󰇎	U+F01CE	md-dice_5
󰇏	U+F01CF	md-dice_6
󰇐	U+F01D0	md-directions
󰇑	U+F01D1	md-disc_alert
󰇒	U+F01D2	md-disqus
󰇓	U+F01D3	md-video_plus_outline
󰇔	U+F01D4	md-division
󰇕	U+F01D5	md-division_box
󰇖	U+F01D6	md-dns
󰇗	U+F01D7	md-domain
󰇘	U+F01D8	md-dots_horizontal
󰇙	U+F01D9	md-dots_vertical
󰇚	U+F01DA	md-download
󰇛	U+F01DB	md-drag
󰇜	U+F01DC	md-drag_horizontal
󰇝	U+F01DD	md-drag_vertical
󰇞	U+F01DE	md-drawing
󰇟	U+F01DF	md-drawing_box
󰇠	U+F01E0	md-shield_refresh_outline
󰇡	U+F01E1	md-calendar_refresh
󰇢	U+F01E2	md-drone
󰇣	U+F01E3	md-dropbox
󰇤	U+F01E4	md-drupal
󰇥	U+F01E5	md-duck
󰇦	U+F01E6	md-dumbbell
󰇧	U+F01E7	md-earth
󰇨	U+F01E8	md-earth_off
󰇩	U+F01E9	md-microsoft_edge
󰇪	U+F01EA	md-eject
󰇫	U+F01EB	md-elevation_decline
󰇬	U+F01EC	md-elevation_rise
󰇭	U+F01ED	md-elevator
󰇮	U+F01EE	md-email
󰇯	U+F01EF	md-email_open
󰇰	U+F01F0	md-email_outline
󰇱	U+F01F1	md-email_lock
󰇲	U+F01F2	md-emoticon_outline
󰇳	U+F01F3	md-emoticon_cool_outline
󰇴	U+F01F4	md-emoticon_devil_outline
󰇵	U+F01F5	md-emoticon_happy_outline
󰇶	U+F01F6	md-emoticon_neutral_outline
󰇷	U+F01F7	md-emoticon_poop
󰇸	U+F01F8	md-emoticon_sad_outline
󰇹	U+F01F9	md-emoticon_tongue
󰇺	U+F01FA	md-engine
󰇻	U+F01FB	md-engine_outline
󰇼	U+F01FC	md-equal
󰇽	U+F01FD	md-equal_box
󰇾	U+F01FE	md-eraser
󰇿	U+F01FF	md-escalator
󰈀	U+F0200	md-ethernet
󰈁	U+F0201	md-ethernet_cable
󰈂	U+F0202	md-ethernet_cable_off
󰈃	U+F0203	md-calendar_refresh_outline
󰈄	U+F0204	md-evernote
󰈅	U+F0205	md-exclamation
󰈆	U+F0206	md-exit_to_app
󰈇	U+F0207	md-export
󰈈	U+F0208	md-eye
󰈉	U+F0209	md-eye_off
󰈊	U+F020A	md-eyedropper
󰈋	U+F020B	md-eyedropper_variant
󰈌	U+F020C	md-facebook
󰈍	U+F020D	md-order_alphabetical_ascending
󰈎	U+F020E	md-facebook_messenger
󰈏	U+F020F	md-factory
󰈐	U+F0210	md-fan
󰈑	U+F0211	md-fast_forward
󰈒	U+F0212	md-fax
󰈓	U+F0213	md-ferry
󰈔	U+F0214	md-file
󰈕	U+F0215	md-file_chart
󰈖	U+F0216	md-file_check
󰈗	U+F0217	md-file_cloud
󰈘	U+F0218	md-file_delimited
󰈙	U+F0219	md-file_document
󰈚	U+F021A	md-text_box
󰈛	U+F021B	md-file_excel
󰈜	U+F021C	md-file_excel_box
󰈝	U+F021D	md-file_export
󰈞	U+F021E	md-file_find
󰈟	U+F021F	md-file_image
󰈠	U+F0220	md-file_import
󰈡	U+F0221	md-file_lock
󰈢	U+F0222	md-file_multiple
󰈣	U+F0223	md-file_music
󰈤	U+F0224	md-file_outline
󰈥	U+F0225	md-file_jpg_box
󰈦	U+F0226	md-file_pdf_box
󰈧	U+F0227	md-file_powerpoint
󰈨	U+F0228	md-file_powerpoint_box
󰈩	U+F0229	md-file_presentation_box
󰈪	U+F022A	md-file_send
󰈫	U+F022B	md-file_video
󰈬	U+F022C	md-file_word
󰈭	U+F022D	md-file_word_box
󰈮	U+F022E	md-file_code
󰈯	U+F022F	md-film
󰈰	U+F0230	md-filmstrip
󰈱	U+F0231	md-filmstrip_off
󰈲	U+F0232	md-filter
󰈳	U+F0233	md-filter_outline
󰈴	U+F0234	md-filter_remove
󰈵	U+F0235	md-filter_remove_outline
󰈶	U+F0236	md-filter_variant
󰈷	U+F0237	md-fingerprint
󰈸	U+F0238	md-fire
󰈹	U+F0239	md-firefox
󰈺	U+F023A	md-fish
󰈻	U+F023B	md-flag
󰈼	U+F023C	md-flag_checkered
󰈽	U+F023D	md-flag_outline
󰈾	U+F023E	md-flag_variant_outline
󰈿	U+F023F	md-flag_triangle
󰉀	U+F0240	md-flag_variant
󰉁	U+F0241	md-flash
󰉂	U+F0242	md-flash_auto
󰉃	U+F0243	md-flash_off
󰉄	U+F0244	md-flashlight
󰉅	U+F0245	md-flashlight_off
󰉆	U+F0246	md-star_half
󰉇	U+F0247	md-flip_to_back
󰉈	U+F0248	md-flip_to_front
󰉉	U+F0249	md-floppy
󰉊	U+F024A	md-flower
󰉋	U+F024B	md-folder
󰉌	U+F024C	md-folder_account
󰉍	U+F024D	md-folder_download
󰉎	U+F024E	md-folder_google_drive
󰉏	U+F024F	md-folder_image
󰉐	U+F0250	md-folder_lock
󰉑	U+F0251	md-folder_lock_open
󰉒	U+F0252	md-folder_move
󰉓	U+F0253	md-folder_multiple
󰉔	U+F0254	md-folder_multiple_image
󰉕	U+F0255	md-folder_multiple_outline
󰉖	U+F0256	md-folder_outline
󰉗	U+F0257	md-folder_plus
󰉘	U+F0258	md-folder_remove
󰉙	U+F0259	md-folder_upload
󰉚	U+F025A	md-food
󰉛	U+F025B	md-food_apple
󰉜	U+F025C	md-food_variant
󰉝	U+F025D	md-football
󰉞	U+F025E	md-football_australian
󰉟	U+F025F	md-football_helmet
󰉠	U+F0260	md-format_align_center
󰉡	U+F0261	md-format_align_justify
󰉢	U+F0262	md-format_align_left
󰉣	U+F0263	md-format_align_right
󰉤	U+F0264	md-format_bold
󰉥	U+F0265	md-format_clear
󰉦	U+F0266	md-format_color_fill
󰉧	U+F0267	md-format_float_center
󰉨	U+F0268	md-format_float_left
󰉩	U+F0269	md-format_float_none
󰉪	U+F026A	md-format_float_right
󰉫	U+F026B	md-format_header_1
󰉬	U+F026C	md-format_header_2
󰉭	U+F026D	md-format_header_3
󰉮	U+F026E	md-format_header_4
󰉯	U+F026F	md-format_header_5
󰉰	U+F0270	md-format_header_6
󰉱	U+F0271	md-format_header_decrease
󰉲	U+F0272	md-format_header_equal
󰉳	U+F0273	md-format_header_increase
󰉴	U+F0274	md-format_header_pound
󰉵	U+F0275	md-format_indent_decrease
󰉶	U+F0276	md-format_indent_increase
󰉷	U+F0277	md-format_italic
󰉸	U+F0278	md-format_line_spacing
󰉹	U+F0279	md-format_list_bulleted
󰉺	U+F027A	md-format_list_bulleted_type
󰉻	U+F027B	md-format_list_numbered
󰉼	U+F027C	md-format_paint
󰉽	U+F027D	md-format_paragraph
󰉾	U+F027E	md-format_quote_close
󰉿	U+F027F	md-format_size
󰊀	U+F0280	md-format_strikethrough
󰊁	U+F0281	md-format_strikethrough_variant
󰊂	U+F0282	md-format_subscript
󰊃	U+F0283	md-format_superscript
󰊄	U+F0284	md-format_text
󰊅	U+F0285	md-format_textdirection_l_to_r
󰊆	U+F0286	md-format_textdirection_r_to_l
󰊇	U+F0287	md-format_underline
󰊈	U+F0288	md-format_wrap_inline
󰊉	U+F0289	md-format_wrap_square
󰊊	U+F028A	md-format_wrap_tight
󰊋	U+F028B	md-format_wrap_top_bottom
󰊌	U+F028C	md-forum
󰊍	U+F028D	md-forward
󰊎	U+F028E	md-bowl
󰊏	U+F028F	md-fridge_outline
󰊐	U+F0290	md-fridge
󰊑	U+F0291	md-fridge_top
󰊒	U+F0292	md-fridge_bottom
󰊓	U+F0293	md-fullscreen
󰊔	U+F0294	md-fullscreen_exit
󰊕	U+F0295	md-function
󰊖	U+F0296	md-gamepad
󰊗	U+F0297	md-gamepad_variant
󰊘	U+F0298	md-gas_station
󰊙	U+F0299	md-gate
󰊚	U+F029A	md-gauge
󰊛	U+F029B	md-gavel
󰊜	U+F029C	md-gender_female
󰊝	U+F029D	md-gender_male
󰊞	U+F029E	md-gender_male_female
󰊟	U+F029F	md-gender_transgender
󰊠	U+F02A0	md-ghost
󰊡	U+F02A1	md-gift_outline
󰊢	U+F02A2	md-git
󰊣	U+F02A3	md-card_account_details_star
󰊤	U+F02A4	md-github
󰊥	U+F02A5	md-glass_flute
󰊦	U+F02A6	md-glass_mug
󰊧	U+F02A7	md-glass_stange
󰊨	U+F02A8	md-glass_tulip
󰊩	U+F02A9	md-bowl_outline
󰊪	U+F02AA	md-glasses
󰊫	U+F02AB	md-gmail
󰊬	U+F02AC	md-gnome
󰊭	U+F02AD	md-google
󰊮	U+F02AE	md-google_cardboard
󰊯	U+F02AF	md-google_chrome
󰊰	U+F02B0	md-google_circles
󰊱	U+F02B1	md-google_circles_communities
󰊲	U+F02B2	md-google_circles_extended
󰊳	U+F02B3	md-google_circles_group
󰊴	U+F02B4	md-google_controller
󰊵	U+F02B5	md-google_controller_off
󰊶	U+F02B6	md-google_drive
󰊷	U+F02B7	md-google_earth
󰊸	U+F02B8	md-google_glass
󰊹	U+F02B9	md-google_nearby
󰊺	U+F02BA	md-video_minus_outline
󰊻	U+F02BB	md-microsoft_teams
󰊼	U+F02BC	md-google_play
󰊽	U+F02BD	md-google_plus
󰊾	U+F02BE	md-order_bool_ascending
󰊿	U+F02BF	md-google_translate
󰋀	U+F02C0	md-google_classroom
󰋁	U+F02C1	md-grid
󰋂	U+F02C2	md-grid_off
󰋃	U+F02C3	md-group
󰋄	U+F02C4	md-guitar_electric
󰋅	U+F02C5	md-guitar_pick
󰋆	U+F02C6	md-guitar_pick_outline
󰋇	U+F02C7	md-hand_pointing_right
󰋈	U+F02C8	md-hanger
󰋉	U+F02C9	md-google_hangouts
󰋊	U+F02CA	md-harddisk
󰋋	U+F02CB	md-headphones
󰋌	U+F02CC	md-headphones_box
󰋍	U+F02CD	md-headphones_settings
󰋎	U+F02CE	md-headset
󰋏	U+F02CF	md-headset_dock
󰋐	U+F02D0	md-headset_off
󰋑	U+F02D1	md-heart
󰋒	U+F02D2	md-heart_box
󰋓	U+F02D3	md-heart_box_outline
󰋔	U+F02D4	md-heart_broken
󰋕	U+F02D5	md-heart_outline
󰋖	U+F02D6	md-help
󰋗	U+F02D7	md-help_circle
󰋘	U+F02D8	md-hexagon
󰋙	U+F02D9	md-hexagon_outline
󰋚	U+F02DA	md-history
󰋛	U+F02DB	md-hololens
󰋜	U+F02DC	md-home
󰋝	U+F02DD	md-home_modern
󰋞	U+F02DE	md-home_variant
󰋟	U+F02DF	md-hops
󰋠	U+F02E0	md-hospital_box
󰋡	U+F02E1	md-hospital_building
󰋢	U+F02E2	md-hospital_marker
󰋣	U+F02E3	md-bed
󰋤	U+F02E4	md-bowl_mix_outline
󰋥	U+F02E5	md-pot
󰋦	U+F02E6	md-human
󰋧	U+F02E7	md-human_child
󰋨	U+F02E8	md-human_male_female
󰋩	U+F02E9	md-image
󰋪	U+F02EA	md-image_album
󰋫	U+F02EB	md-image_area
󰋬	U+F02EC	md-image_area_close
󰋭	U+F02ED	md-image_broken
󰋮	U+F02EE	md-image_broken_variant
󰋯	U+F02EF	md-image_multiple_outline
󰋰	U+F02F0	md-image_filter_black_white
󰋱	U+F02F1	md-image_filter_center_focus
󰋲	U+F02F2	md-image_filter_center_focus_weak
󰋳	U+F02F3	md-image_filter_drama
󰋴	U+F02F4	md-image_filter_frames
󰋵	U+F02F5	md-image_filter_hdr
󰋶	U+F02F6	md-image_filter_none
󰋷	U+F02F7	md-image_filter_tilt_shift
󰋸	U+F02F8	md-image_filter_vintage
󰋹	U+F02F9	md-image_multiple
󰋺	U+F02FA	md-import
󰋻	U+F02FB	md-inbox_arrow_down
󰋼	U+F02FC	md-information
󰋽	U+F02FD	md-information_outline
󰋾	U+F02FE	md-instagram
󰋿	U+F02FF	md-pot_outline
󰌀	U+F0300	md-microsoft_internet_explorer
󰌁	U+F0301	md-invert_colors
󰌂	U+F0302	md-jeepney
󰌃	U+F0303	md-jira
󰌄	U+F0304	md-jsfiddle
󰌅	U+F0305	md-keg
󰌆	U+F0306	md-key
󰌇	U+F0307	md-key_change
󰌈	U+F0308	md-key_minus
󰌉	U+F0309	md-key_plus
󰌊	U+F030A	md-key_remove
󰌋	U+F030B	md-key_variant
󰌌	U+F030C	md-keyboard
󰌍	U+F030D	md-keyboard_backspace
󰌎	U+F030E	md-keyboard_caps
󰌏	U+F030F	md-keyboard_close
󰌐	U+F0310	md-keyboard_off
󰌑	U+F0311	md-keyboard_return
󰌒	U+F0312	md-keyboard_tab
󰌓	U+F0313	md-keyboard_variant
󰌔	U+F0314	md-kodi
󰌕	U+F0315	md-label
󰌖	U+F0316	md-label_outline
󰌗	U+F0317	md-lan
󰌘	U+F0318	md-lan_connect
󰌙	U+F0319	md-lan_disconnect
󰌚	U+F031A	md-lan_pending
󰌛	U+F031B	md-language_csharp
󰌜	U+F031C	md-language_css3
󰌝	U+F031D	md-language_html5
󰌞	U+F031E	md-language_javascript
󰌟	U+F031F	md-language_php
󰌠	U+F0320	md-language_python
󰌡	U+F0321	md-contactless_payment_circle
󰌢	U+F0322	md-laptop
󰌣	U+F0323	md-magazine_rifle
󰌤	U+F0324	md-magazine_pistol
󰌥	U+F0325	md-keyboard_tab_reverse
󰌦	U+F0326	md-pot_steam_outline
󰌧	U+F0327	md-launch
󰌨	U+F0328	md-layers
󰌩	U+F0329	md-layers_off
󰌪	U+F032A	md-leaf
󰌫	U+F032B	md-led_off
󰌬	U+F032C	md-led_on
󰌭	U+F032D	md-led_outline
󰌮	U+F032E	md-led_variant_off
󰌯	U+F032F	md-led_variant_on
󰌰	U+F0330	md-led_variant_outline
󰌱	U+F0331	md-library
󰌲	U+F0332	md-filmstrip_box
󰌳	U+F0333	md-music_box_multiple
󰌴	U+F0334	md-plus_box_multiple
󰌵	U+F0335	md-lightbulb
󰌶	U+F0336	md-lightbulb_outline
󰌷	U+F0337	md-link
󰌸	U+F0338	md-link_off
󰌹	U+F0339	md-link_variant
󰌺	U+F033A	md-link_variant_off
󰌻	U+F033B	md-linkedin
󰌼	U+F033C	md-sort_reverse_variant
󰌽	U+F033D	md-linux
󰌾	U+F033E	md-lock
󰌿	U+F033F	md-lock_open
󰍀	U+F0340	md-lock_open_outline
󰍁	U+F0341	md-lock_outline
󰍂	U+F0342	md-login
󰍃	U+F0343	md-logout
󰍄	U+F0344	md-looks
󰍅	U+F0345	md-loupe
󰍆	U+F0346	md-lumx
󰍇	U+F0347	md-magnet
󰍈	U+F0348	md-magnet_on
󰍉	U+F0349	md-magnify
󰍊	U+F034A	md-magnify_minus
󰍋	U+F034B	md-magnify_plus
󰍌	U+F034C	md-plus_circle_multiple
󰍍	U+F034D	md-map
󰍎	U+F034E	md-map_marker
󰍏	U+F034F	md-map_marker_circle
󰍐	U+F0350	md-map_marker_multiple
󰍑	U+F0351	md-map_marker_off
󰍒	U+F0352	md-map_marker_radius
󰍓	U+F0353	md-margin
󰍔	U+F0354	md-language_markdown
󰍕	U+F0355	md-marker_check
󰍖	U+F0356	md-glass_cocktail
󰍗	U+F0357	md-material_ui
󰍘	U+F0358	md-math_compass
󰍙	U+F0359	md-stackpath
󰍚	U+F035A	md-minus_circle_multiple
󰍛	U+F035B	md-memory
󰍜	U+F035C	md-menu
󰍝	U+F035D	md-menu_down
󰍞	U+F035E	md-menu_left
󰍟	U+F035F	md-menu_right
󰍠	U+F0360	md-menu_up
󰍡	U+F0361	md-message
󰍢	U+F0362	md-message_alert
󰍣	U+F0363	md-message_draw
󰍤	U+F0364	md-message_image
󰍥	U+F0365	md-message_outline
󰍦	U+F0366	md-message_processing
󰍧	U+F0367	md-message_reply
󰍨	U+F0368	md-message_reply_text
󰍩	U+F0369	md-message_text
󰍪	U+F036A	md-message_text_outline
󰍫	U+F036B	md-message_video
󰍬	U+F036C	md-microphone
󰍭	U+F036D	md-microphone_off
󰍮	U+F036E	md-microphone_outline
󰍯	U+F036F	md-microphone_settings
󰍰	U+F0370	md-microphone_variant
󰍱	U+F0371	md-microphone_variant_off
󰍲	U+F0372	md-microsoft
󰍳	U+F0373	md-minecraft
󰍴	U+F0374	md-minus
󰍵	U+F0375	md-minus_box
󰍶	U+F0376	md-minus_circle
󰍷	U+F0377	md-minus_circle_outline
󰍸	U+F0378	md-minus_network
󰍹	U+F0379	md-monitor
󰍺	U+F037A	md-monitor_multiple
󰍻	U+F037B	md-more
󰍼	U+F037C	md-motorbike
󰍽	U+F037D	md-mouse
󰍾	U+F037E	md-mouse_off
󰍿	U+F037F	md-mouse_variant
󰎀	U+F0380	md-mouse_variant_off
󰎁	U+F0381	md-movie
󰎂	U+F0382	md-multiplication
󰎃	U+F0383	md-multiplication_box
󰎄	U+F0384	md-music_box
󰎅	U+F0385	md-music_box_outline
󰎆	U+F0386	md-music_circle
󰎇	U+F0387	md-music_note
󰎈	U+F0388	md-music_note_2
󰎉	U+F0389	md-music_note_half
󰎊	U+F038A	md-music_note_off
󰎋	U+F038B	md-music_note_quarter
󰎌	U+F038C	md-music_note_sixteenth
󰎍	U+F038D	md-music_note_whole
󰎎	U+F038E	md-nature
󰎏	U+F038F	md-nature_people
󰎐	U+F0390	md-navigation
󰎑	U+F0391	md-needle
󰎒	U+F0392	md-smoke_detector
󰎓	U+F0393	md-thermostat
󰎔	U+F0394	md-new_box
󰎕	U+F0395	md-newspaper
󰎖	U+F0396	md-nfc
󰎗	U+F0397	md-nfc_tap
󰎘	U+F0398	md-nfc_variant
󰎙	U+F0399	md-nodejs
󰎚	U+F039A	md-note
󰎛	U+F039B	md-note_outline
󰎜	U+F039C	md-note_plus
󰎝	U+F039D	md-note_plus_outline
󰎞	U+F039E	md-note_text
󰎟	U+F039F	md-notification_clear_all
󰎠	U+F03A0	md-numeric
󰎡	U+F03A1	md-numeric_0_box
󰎢	U+F03A2	md-numeric_0_box_multiple_outline
󰎣	U+F03A3	md-numeric_0_box_outline
󰎤	U+F03A4	md-numeric_1_box
󰎥	U+F03A5	md-numeric_1_box_multiple_outline
󰎦	U+F03A6	md-numeric_1_box_outline
󰎧	U+F03A7	md-numeric_2_box
󰎨	U+F03A8	md-numeric_2_box_multiple_outline
󰎩	U+F03A9	md-numeric_2_box_outline
󰎪	U+F03AA	md-numeric_3_box
󰎫	U+F03AB	md-numeric_3_box_multiple_outline
󰎬	U+F03AC	md-numeric_3_box_outline
󰎭	U+F03AD	md-numeric_4_box
󰎮	U+F03AE	md-numeric_4_box_outline
󰎯	U+F03AF	md-numeric_5_box_multiple_outline
󰎰	U+F03B0	md-numeric_5_box_outline
󰎱	U+F03B1	md-numeric_5_box
󰎲	U+F03B2	md-numeric_4_box_multiple_outline
󰎳	U+F03B3	md-numeric_6_box
󰎴	U+F03B4	md-numeric_6_box_multiple_outline
󰎵	U+F03B5	md-numeric_6_box_outline
󰎶	U+F03B6	md-numeric_7_box
󰎷	U+F03B7	md-numeric_7_box_multiple_outline
󰎸	U+F03B8	md-numeric_7_box_outline
󰎹	U+F03B9	md-numeric_8_box
󰎺	U+F03BA	md-numeric_8_box_multiple_outline
󰎻	U+F03BB	md-numeric_8_box_outline
󰎼	U+F03BC	md-numeric_9_box
󰎽	U+F03BD	md-numeric_9_box_multiple_outline
󰎾	U+F03BE	md-numeric_9_box_outline
󰎿	U+F03BF	md-numeric_9_plus_box
󰏀	U+F03C0	md-numeric_9_plus_box_multiple_outline
󰏁	U+F03C1	md-numeric_9_plus_box_outline
󰏂	U+F03C2	md-nutrition
󰏃	U+F03C3	md-octagon
󰏄	U+F03C4	md-octagon_outline
󰏅	U+F03C5	md-odnoklassniki
󰏆	U+F03C6	md-microsoft_office
󰏇	U+F03C7	md-oil
󰏈	U+F03C8	md-coolant_temperature
󰏉	U+F03C9	md-omega
󰏊	U+F03CA	md-microsoft_onedrive
󰏋	U+F03CB	md-open_in_app
󰏌	U+F03CC	md-open_in_new
󰏍	U+F03CD	md-openid
󰏎	U+F03CE	md-opera
󰏏	U+F03CF	md-ornament
󰏐	U+F03D0	md-ornament_variant
󰏑	U+F03D1	md-inbox_arrow_up
󰏒	U+F03D2	md-owl
󰏓	U+F03D3	md-package
󰏔	U+F03D4	md-package_down
󰏕	U+F03D5	md-package_up
󰏖	U+F03D6	md-package_variant
󰏗	U+F03D7	md-package_variant_closed
󰏘	U+F03D8	md-palette
󰏙	U+F03D9	md-palette_advanced
󰏚	U+F03DA	md-panda
󰏛	U+F03DB	md-pandora
󰏜	U+F03DC	md-panorama
󰏝	U+F03DD	md-panorama_fisheye
󰏞	U+F03DE	md-panorama_horizontal_outline
󰏟	U+F03DF	md-panorama_vertical_outline
󰏠	U+F03E0	md-panorama_wide_angle_outline
󰏡	U+F03E1	md-paper_cut_vertical
󰏢	U+F03E2	md-paperclip
󰏣	U+F03E3	md-parking
󰏤	U+F03E4	md-pause
󰏥	U+F03E5	md-pause_circle
󰏦	U+F03E6	md-pause_circle_outline
󰏧	U+F03E7	md-pause_octagon
󰏨	U+F03E8	md-pause_octagon_outline
󰏩	U+F03E9	md-paw
󰏪	U+F03EA	md-pen
󰏫	U+F03EB	md-pencil
󰏬	U+F03EC	md-pencil_box
󰏭	U+F03ED	md-pencil_box_outline
󰏮	U+F03EE	md-pencil_lock
󰏯	U+F03EF	md-pencil_off
󰏰	U+F03F0	md-percent
󰏱	U+F03F1	md-mortar_pestle_plus
󰏲	U+F03F2	md-phone
󰏳	U+F03F3	md-phone_bluetooth
󰏴	U+F03F4	md-phone_forward
󰏵	U+F03F5	md-phone_hangup
󰏶	U+F03F6	md-phone_in_talk
󰏷	U+F03F7	md-phone_incoming
󰏸	U+F03F8	md-phone_lock
󰏹	U+F03F9	md-phone_log
󰏺	U+F03FA	md-phone_missed
󰏻	U+F03FB	md-phone_outgoing
󰏼	U+F03FC	md-phone_paused
󰏽	U+F03FD	md-phone_settings
󰏾	U+F03FE	md-phone_voip
󰏿	U+F03FF	md-pi
󰐀	U+F0400	md-pi_box
󰐁	U+F0401	md-pig
󰐂	U+F0402	md-pill
󰐃	U+F0403	md-pin
󰐄	U+F0404	md-pin_off
󰐅	U+F0405	md-pine_tree
󰐆	U+F0406	md-pine_tree_box
󰐇	U+F0407	md-pinterest
󰐈	U+F0408	md-contactless_payment_circle_outline
󰐉	U+F0409	md-pizza
󰐊	U+F040A	md-play
󰐋	U+F040B	md-play_box_outline
󰐌	U+F040C	md-play_circle
󰐍	U+F040D	md-play_circle_outline
󰐎	U+F040E	md-play_pause
󰐏	U+F040F	md-play_protected_content
󰐐	U+F0410	md-playlist_minus
󰐑	U+F0411	md-playlist_play
󰐒	U+F0412	md-playlist_plus
󰐓	U+F0413	md-playlist_remove
󰐔	U+F0414	md-sony_playstation
󰐕	U+F0415	md-plus
󰐖	U+F0416	md-plus_box
󰐗	U+F0417	md-plus_circle
󰐘	U+F0418	md-plus_circle_multiple_outline
󰐙	U+F0419	md-plus_circle_outline
󰐚	U+F041A	md-plus_network
󰐛	U+F041B	md-sledding
󰐜	U+F041C	md-wall_sconce_flat_variant
󰐝	U+F041D	md-pokeball
󰐞	U+F041E	md-polaroid
󰐟	U+F041F	md-poll
󰐠	U+F0420	md-account_eye
󰐡	U+F0421	md-polymer
󰐢	U+F0422	md-popcorn
󰐣	U+F0423	md-pound
󰐤	U+F0424	md-pound_box
󰐥	U+F0425	md-power
󰐦	U+F0426	md-power_settings
󰐧	U+F0427	md-power_socket
󰐨	U+F0428	md-presentation
󰐩	U+F0429	md-presentation_play
󰐪	U+F042A	md-printer
󰐫	U+F042B	md-printer_3d
󰐬	U+F042C	md-printer_alert
󰐭	U+F042D	md-professional_hexagon
󰐮	U+F042E	md-projector
󰐯	U+F042F	md-projector_screen
󰐰	U+F0430	md-pulse
󰐱	U+F0431	md-puzzle
󰐲	U+F0432	md-qrcode
󰐳	U+F0433	md-qrcode_scan
󰐴	U+F0434	md-quadcopter
󰐵	U+F0435	md-quality_high
󰐶	U+F0436	md-book_multiple_outline
󰐷	U+F0437	md-radar
󰐸	U+F0438	md-radiator
󰐹	U+F0439	md-radio
󰐺	U+F043A	md-radio_handheld
󰐻	U+F043B	md-radio_tower
󰐼	U+F043C	md-radioactive
󰐽	U+F043D	md-radiobox_blank
󰐾	U+F043E	md-radiobox_marked
󰐿	U+F043F	md-raspberry_pi
󰑀	U+F0440	md-ray_end
󰑁	U+F0441	md-ray_end_arrow
󰑂	U+F0442	md-ray_start
󰑃	U+F0443	md-ray_start_arrow
󰑄	U+F0444	md-ray_start_end
󰑅	U+F0445	md-ray_vertex
󰑆	U+F0446	md-lastpass
󰑇	U+F0447	md-read
󰑈	U+F0448	md-youtube_tv
󰑉	U+F0449	md-receipt
󰑊	U+F044A	md-record
󰑋	U+F044B	md-record_rec
󰑌	U+F044C	md-recycle
󰑍	U+F044D	md-reddit
󰑎	U+F044E	md-redo
󰑏	U+F044F	md-redo_variant
󰑐	U+F0450	md-refresh
󰑑	U+F0451	md-regex
󰑒	U+F0452	md-relative_scale
󰑓	U+F0453	md-reload
󰑔	U+F0454	md-remote
󰑕	U+F0455	md-rename_box
󰑖	U+F0456	md-repeat
󰑗	U+F0457	md-repeat_off
󰑘	U+F0458	md-repeat_once
󰑙	U+F0459	md-replay
󰑚	U+F045A	md-reply
󰑛	U+F045B	md-reply_all
󰑜	U+F045C	md-reproduction
󰑝	U+F045D	md-resize_bottom_right
󰑞	U+F045E	md-responsive
󰑟	U+F045F	md-rewind
󰑠	U+F0460	md-ribbon
󰑡	U+F0461	md-road
󰑢	U+F0462	md-road_variant
󰑣	U+F0463	md-rocket
󰑤	U+F0464	md-rotate_3d_variant
󰑥	U+F0465	md-rotate_left
󰑦	U+F0466	md-rotate_left_variant
󰑧	U+F0467	md-rotate_right
󰑨	U+F0468	md-rotate_right_variant
󰑩	U+F0469	md-router_wireless
󰑪	U+F046A	md-routes
󰑫	U+F046B	md-rss
󰑬	U+F046C	md-rss_box
󰑭	U+F046D	md-ruler
󰑮	U+F046E	md-run_fast
󰑯	U+F046F	md-sale
󰑰	U+F0470	md-satellite
󰑱	U+F0471	md-satellite_variant
󰑲	U+F0472	md-scale
󰑳	U+F0473	md-scale_bathroom
󰑴	U+F0474	md-school
󰑵	U+F0475	md-screen_rotation
󰑶	U+F0476	md-screwdriver
󰑷	U+F0477	md-script_outline
󰑸	U+F0478	md-screen_rotation_lock
󰑹	U+F0479	md-sd
󰑺	U+F047A	md-seal
󰑻	U+F047B	md-seat_flat
󰑼	U+F047C	md-seat_flat_angled
󰑽	U+F047D	md-seat_individual_suite
󰑾	U+F047E	md-seat_legroom_extra
󰑿	U+F047F	md-seat_legroom_normal
󰒀	U+F0480	md-seat_legroom_reduced
󰒁	U+F0481	md-seat_recline_extra
󰒂	U+F0482	md-seat_recline_normal
󰒃	U+F0483	md-security
󰒄	U+F0484	md-security_network
󰒅	U+F0485	md-select
󰒆	U+F0486	md-select_all
󰒇	U+F0487	md-select_inverse
󰒈	U+F0488	md-select_off
󰒉	U+F0489	md-selection
󰒊	U+F048A	md-send
󰒋	U+F048B	md-server
󰒌	U+F048C	md-server_minus
󰒍	U+F048D	md-server_network
󰒎	U+F048E	md-server_network_off
󰒏	U+F048F	md-server_off
󰒐	U+F0490	md-server_plus
󰒑	U+F0491	md-server_remove
󰒒	U+F0492	md-server_security
󰒓	U+F0493	md-cog
󰒔	U+F0494	md-cog_box
󰒕	U+F0495	md-shape_plus
󰒖	U+F0496	md-share
󰒗	U+F0497	md-share_variant
󰒘	U+F0498	md-shield
󰒙	U+F0499	md-shield_outline
󰒚	U+F049A	md-shopping
󰒛	U+F049B	md-shopping_music
󰒜	U+F049C	md-shredder
󰒝	U+F049D	md-shuffle
󰒞	U+F049E	md-shuffle_disabled
󰒟	U+F049F	md-shuffle_variant
󰒠	U+F04A0	md-sigma
󰒡	U+F04A1	md-sign_caution
󰒢	U+F04A2	md-signal
󰒣	U+F04A3	md-silverware
󰒤	U+F04A4	md-silverware_fork
󰒥	U+F04A5	md-silverware_spoon
󰒦	U+F04A6	md-silverware_variant
󰒧	U+F04A7	md-sim
󰒨	U+F04A8	md-sim_alert
󰒩	U+F04A9	md-sim_off
󰒪	U+F04AA	md-sitemap
󰒫	U+F04AB	md-skip_backward
󰒬	U+F04AC	md-skip_forward
󰒭	U+F04AD	md-skip_next
󰒮	U+F04AE	md-skip_previous
󰒯	U+F04AF	md-skype
󰒰	U+F04B0	md-skype_business
󰒱	U+F04B1	md-slack
󰒲	U+F04B2	md-sleep
󰒳	U+F04B3	md-sleep_off
󰒴	U+F04B4	md-smoking
󰒵	U+F04B5	md-smoking_off
󰒶	U+F04B6	md-snapchat
󰒷	U+F04B7	md-snowman
󰒸	U+F04B8	md-soccer
󰒹	U+F04B9	md-sofa
󰒺	U+F04BA	md-sort
󰒻	U+F04BB	md-sort_alphabetical_variant
󰒼	U+F04BC	md-sort_ascending
󰒽	U+F04BD	md-sort_descending
󰒾	U+F04BE	md-sort_numeric_variant
󰒿	U+F04BF	md-sort_variant
󰓀	U+F04C0	md-soundcloud
󰓁	U+F04C1	md-source_fork
󰓂	U+F04C2	md-source_pull
󰓃	U+F04C3	md-speaker
󰓄	U+F04C4	md-speaker_off
󰓅	U+F04C5	md-speedometer
󰓆	U+F04C6	md-spellcheck
󰓇	U+F04C7	md-spotify
󰓈	U+F04C8	md-spotlight
󰓉	U+F04C9	md-spotlight_beam
󰓊	U+F04CA	md-book_remove_multiple_outline
󰓋	U+F04CB	md-account_switch_outline
󰓌	U+F04CC	md-stack_overflow
󰓍	U+F04CD	md-stairs
󰓎	U+F04CE	md-star
󰓏	U+F04CF	md-star_circle
󰓐	U+F04D0	md-star_half_full
󰓑	U+F04D1	md-star_off
󰓒	U+F04D2	md-star_outline
󰓓	U+F04D3	md-steam
󰓔	U+F04D4	md-steering
󰓕	U+F04D5	md-step_backward
󰓖	U+F04D6	md-step_backward_2
󰓗	U+F04D7	md-step_forward
󰓘	U+F04D8	md-step_forward_2
󰓙	U+F04D9	md-stethoscope
󰓚	U+F04DA	md-stocking
󰓛	U+F04DB	md-stop
󰓜	U+F04DC	md-store
󰓝	U+F04DD	md-store_24_hour
󰓞	U+F04DE	md-stove
󰓟	U+F04DF	md-subway_variant
󰓠	U+F04E0	md-sunglasses
󰓡	U+F04E1	md-swap_horizontal
󰓢	U+F04E2	md-swap_vertical
󰓣	U+F04E3	md-swim
󰓤	U+F04E4	md-switch
󰓥	U+F04E5	md-sword
󰓦	U+F04E6	md-sync
󰓧	U+F04E7	md-sync_alert
󰓨	U+F04E8	md-sync_off
󰓩	U+F04E9	md-tab
󰓪	U+F04EA	md-tab_unselected
󰓫	U+F04EB	md-table
󰓬	U+F04EC	md-table_column_plus_after
󰓭	U+F04ED	md-table_column_plus_before
󰓮	U+F04EE	md-table_column_remove
󰓯	U+F04EF	md-table_column_width
󰓰	U+F04F0	md-table_edit
󰓱	U+F04F1	md-table_large
󰓲	U+F04F2	md-table_row_height
󰓳	U+F04F3	md-table_row_plus_after
󰓴	U+F04F4	md-table_row_plus_before
󰓵	U+F04F5	md-table_row_remove
󰓶	U+F04F6	md-tablet
󰓷	U+F04F7	md-tablet_android
󰓸	U+F04F8	md-tangram
󰓹	U+F04F9	md-tag
󰓺	U+F04FA	md-tag_faces
󰓻	U+F04FB	md-tag_multiple
󰓼	U+F04FC	md-tag_outline
󰓽	U+F04FD	md-tag_text_outline
󰓾	U+F04FE	md-target
󰓿	U+F04FF	md-taxi
󰔀	U+F0500	md-teamviewer
󰔁	U+F0501	md-skateboarding
󰔂	U+F0502	md-television
󰔃	U+F0503	md-television_guide
󰔄	U+F0504	md-temperature_celsius
󰔅	U+F0505	md-temperature_fahrenheit
󰔆	U+F0506	md-temperature_kelvin
󰔇	U+F0507	md-tennis_ball
󰔈	U+F0508	md-tent
󰔉	U+F0509	md-mountains
󰔊	U+F050A	md-text_to_speech
󰔋	U+F050B	md-text_to_speech_off
󰔌	U+F050C	md-texture
󰔍	U+F050D	md-theater
󰔎	U+F050E	md-theme_light_dark
󰔏	U+F050F	md-thermometer
󰔐	U+F0510	md-thermometer_lines
󰔑	U+F0511	md-thumb_down
󰔒	U+F0512	md-thumb_down_outline
󰔓	U+F0513	md-thumb_up
󰔔	U+F0514	md-thumb_up_outline
󰔕	U+F0515	md-thumbs_up_down
󰔖	U+F0516	md-ticket
󰔗	U+F0517	md-ticket_account
󰔘	U+F0518	md-ticket_confirmation
󰔙	U+F0519	md-tie
󰔚	U+F051A	md-timelapse
󰔛	U+F051B	md-timer_outline
󰔜	U+F051C	md-timer_10
󰔝	U+F051D	md-timer_3
󰔞	U+F051E	md-timer_off_outline
󰔟	U+F051F	md-timer_sand
󰔠	U+F0520	md-timetable
󰔡	U+F0521	md-toggle_switch
󰔢	U+F0522	md-toggle_switch_off
󰔣	U+F0523	md-tooltip
󰔤	U+F0524	md-tooltip_edit
󰔥	U+F0525	md-tooltip_image
󰔦	U+F0526	md-tooltip_outline
󰔧	U+F0527	md-tooltip_plus_outline
󰔨	U+F0528	md-tooltip_text
󰔩	U+F0529	md-tooth_outline
󰔪	U+F052A	md-cloud_refresh
󰔫	U+F052B	md-traffic_light
󰔬	U+F052C	md-train
󰔭	U+F052D	md-tram
󰔮	U+F052E	md-transcribe
󰔯	U+F052F	md-transcribe_close
󰔰	U+F0530	md-transfer_right
󰔱	U+F0531	md-tree
󰔲	U+F0532	md-trello
󰔳	U+F0533	md-trending_down
󰔴	U+F0534	md-trending_neutral
󰔵	U+F0535	md-trending_up
󰔶	U+F0536	md-triangle
󰔷	U+F0537	md-triangle_outline
󰔸	U+F0538	md-trophy
󰔹	U+F0539	md-trophy_award
󰔺	U+F053A	md-trophy_outline
󰔻	U+F053B	md-trophy_variant
󰔼	U+F053C	md-trophy_variant_outline
󰔽	U+F053D	md-truck
󰔾	U+F053E	md-truck_delivery
󰔿	U+F053F	md-tshirt_crew_outline
󰕀	U+F0540	md-tshirt_v_outline
󰕁	U+F0541	md-file_refresh_outline
󰕂	U+F0542	md-folder_refresh_outline
󰕃	U+F0543	md-twitch
󰕄	U+F0544	md-twitter
󰕅	U+F0545	md-order_numeric_ascending
󰕆	U+F0546	md-order_numeric_descending
󰕇	U+F0547	md-repeat_variant
󰕈	U+F0548	md-ubuntu
󰕉	U+F0549	md-umbraco
󰕊	U+F054A	md-umbrella
󰕋	U+F054B	md-umbrella_outline
󰕌	U+F054C	md-undo
󰕍	U+F054D	md-undo_variant
󰕎	U+F054E	md-unfold_less_horizontal
󰕏	U+F054F	md-unfold_more_horizontal
󰕐	U+F0550	md-ungroup
󰕑	U+F0551	md-web_remove
󰕒	U+F0552	md-upload
󰕓	U+F0553	md-usb
󰕔	U+F0554	md-vector_arrange_above
󰕕	U+F0555	md-vector_arrange_below
󰕖	U+F0556	md-vector_circle
󰕗	U+F0557	md-vector_circle_variant
󰕘	U+F0558	md-vector_combine
󰕙	U+F0559	md-vector_curve
󰕚	U+F055A	md-vector_difference
󰕛	U+F055B	md-vector_difference_ab
󰕜	U+F055C	md-vector_difference_ba
󰕝	U+F055D	md-vector_intersection
󰕞	U+F055E	md-vector_line
󰕟	U+F055F	md-vector_point
󰕠	U+F0560	md-vector_polygon
󰕡	U+F0561	md-vector_polyline
󰕢	U+F0562	md-vector_selection
󰕣	U+F0563	md-vector_triangle
󰕤	U+F0564	md-vector_union
󰕥	U+F0565	md-shield_check
󰕦	U+F0566	md-vibrate
󰕧	U+F0567	md-video
󰕨	U+F0568	md-video_off
󰕩	U+F0569	md-video_switch
󰕪	U+F056A	md-view_agenda
󰕫	U+F056B	md-view_array
󰕬	U+F056C	md-view_carousel
󰕭	U+F056D	md-view_column
󰕮	U+F056E	md-view_dashboard
󰕯	U+F056F	md-view_day
󰕰	U+F0570	md-view_grid
󰕱	U+F0571	md-view_headline
󰕲	U+F0572	md-view_list
󰕳	U+F0573	md-view_module
󰕴	U+F0574	md-view_quilt
󰕵	U+F0575	md-view_stream
󰕶	U+F0576	md-view_week
󰕷	U+F0577	md-vimeo
󰕸	U+F0578	md-buffet
󰕹	U+F0579	md-hands_pray
󰕺	U+F057A	md-credit_card_wireless_off
󰕻	U+F057B	md-credit_card_wireless_off_outline
󰕼	U+F057C	md-vlc
󰕽	U+F057D	md-voicemail
󰕾	U+F057E	md-volume_high
󰕿	U+F057F	md-volume_low
󰖀	U+F0580	md-volume_medium
󰖁	U+F0581	md-volume_off
󰖂	U+F0582	md-vpn
󰖃	U+F0583	md-walk
󰖄	U+F0584	md-wallet
󰖅	U+F0585	md-wallet_giftcard
󰖆	U+F0586	md-wallet_membership
󰖇	U+F0587	md-wallet_travel
󰖈	U+F0588	md-wan
󰖉	U+F0589	md-watch
󰖊	U+F058A	md-watch_export
󰖋	U+F058B	md-watch_import
󰖌	U+F058C	md-water
󰖍	U+F058D	md-water_off
󰖎	U+F058E	md-water_percent
󰖏	U+F058F	md-water_pump
󰖐	U+F0590	md-weather_cloudy
󰖑	U+F0591	md-weather_fog
󰖒	U+F0592	md-weather_hail
󰖓	U+F0593	md-weather_lightning
󰖔	U+F0594	md-weather_night
󰖕	U+F0595	md-weather_partly_cloudy
󰖖	U+F0596	md-weather_pouring
󰖗	U+F0597	md-weather_rainy
󰖘	U+F0598	md-weather_snowy
󰖙	U+F0599	md-weather_sunny
󰖚	U+F059A	md-weather_sunset
󰖛	U+F059B	md-weather_sunset_down
󰖜	U+F059C	md-weather_sunset_up
󰖝	U+F059D	md-weather_windy
󰖞	U+F059E	md-weather_windy_variant
󰖟	U+F059F	md-web
󰖠	U+F05A0	md-webcam
󰖡	U+F05A1	md-weight
󰖢	U+F05A2	md-weight_kilogram
󰖣	U+F05A3	md-whatsapp
󰖤	U+F05A4	md-wheelchair_accessibility
󰖥	U+F05A5	md-white_balance_auto
󰖦	U+F05A6	md-white_balance_incandescent
󰖧	U+F05A7	md-white_balance_iridescent
󰖨	U+F05A8	md-white_balance_sunny
󰖩	U+F05A9	md-wifi
󰖪	U+F05AA	md-wifi_off
󰖫	U+F05AB	md-nintendo_wii
󰖬	U+F05AC	md-wikipedia
󰖭	U+F05AD	md-window_close
󰖮	U+F05AE	md-window_closed
󰖯	U+F05AF	md-window_maximize
󰖰	U+F05B0	md-window_minimize
󰖱	U+F05B1	md-window_open
󰖲	U+F05B2	md-window_restore
󰖳	U+F05B3	md-microsoft_windows
󰖴	U+F05B4	md-wordpress
󰖵	U+F05B5	md-account_hard_hat
󰖶	U+F05B6	md-wrap
󰖷	U+F05B7	md-wrench
󰖸	U+F05B8	md-contacts_outline
󰖹	U+F05B9	md-microsoft_xbox
󰖺	U+F05BA	md-microsoft_xbox_controller
󰖻	U+F05BB	md-microsoft_xbox_controller_off
󰖼	U+F05BC	md-table_furniture
󰖽	U+F05BD	md-sort_alphabetical_ascending
󰖾	U+F05BE	md-firewire
󰖿	U+F05BF	md-sort_alphabetical_descending
󰗀	U+F05C0	md-xml
󰗁	U+F05C1	md-yeast
󰗂	U+F05C2	md-database_refresh
󰗃	U+F05C3	md-youtube
󰗄	U+F05C4	md-zip_box
󰗅	U+F05C5	md-surround_sound
󰗆	U+F05C6	md-vector_rectangle
󰗇	U+F05C7	md-playlist_check
󰗈	U+F05C8	md-format_line_style
󰗉	U+F05C9	md-format_line_weight
󰗊	U+F05CA	md-translate
󰗋	U+F05CB	md-account_voice
󰗌	U+F05CC	md-opacity
󰗍	U+F05CD	md-near_me
󰗎	U+F05CE	md-clock_alert_outline
󰗏	U+F05CF	md-human_pregnant
󰗐	U+F05D0	md-sticker_circle_outline
󰗑	U+F05D1	md-scale_balance
󰗒	U+F05D2	md-card_account_details
󰗓	U+F05D3	md-account_multiple_minus
󰗔	U+F05D4	md-airplane_landing
󰗕	U+F05D5	md-airplane_takeoff
󰗖	U+F05D6	md-alert_circle_outline
󰗗	U+F05D7	md-altimeter
󰗘	U+F05D8	md-animation
󰗙	U+F05D9	md-book_minus
󰗚	U+F05DA	md-book_open_page_variant
󰗛	U+F05DB	md-book_plus
󰗜	U+F05DC	md-boombox
󰗝	U+F05DD	md-bullseye
󰗞	U+F05DE	md-comment_remove
󰗟	U+F05DF	md-camera_off
󰗠	U+F05E0	md-check_circle
󰗡	U+F05E1	md-check_circle_outline
󰗢	U+F05E2	md-candle
󰗣	U+F05E3	md-chart_bubble
󰗤	U+F05E4	md-credit_card_off_outline
󰗥	U+F05E5	md-cup_off
󰗦	U+F05E6	md-copyright
󰗧	U+F05E7	md-cursor_text
󰗨	U+F05E8	md-delete_forever
󰗩	U+F05E9	md-delete_sweep
󰗪	U+F05EA	md-dice_d20_outline
󰗫	U+F05EB	md-dice_d4_outline
󰗬	U+F05EC	md-dice_d8_outline
󰗭	U+F05ED	md-dice_d6_outline
󰗮	U+F05EE	md-disc
󰗯	U+F05EF	md-email_open_outline
󰗰	U+F05F0	md-email_variant
󰗱	U+F05F1	md-ev_station
󰗲	U+F05F2	md-food_fork_drink
󰗳	U+F05F3	md-food_off
󰗴	U+F05F4	md-format_title
󰗵	U+F05F5	md-google_maps
󰗶	U+F05F6	md-heart_pulse
󰗷	U+F05F7	md-highway
󰗸	U+F05F8	md-home_map_marker
󰗹	U+F05F9	md-incognito
󰗺	U+F05FA	md-kettle
󰗻	U+F05FB	md-lock_plus
󰗼	U+F05FC	md-logout_variant_2
󰗽	U+F05FD	md-logout_variant
󰗾	U+F05FE	md-music_note_bluetooth
󰗿	U+F05FF	md-music_note_bluetooth_off
󰘀	U+F0600	md-page_first
󰘁	U+F0601	md-page_last
󰘂	U+F0602	md-phone_classic
󰘃	U+F0603	md-priority_high
󰘄	U+F0604	md-priority_low
󰘅	U+F0605	md-qqchat
󰘆	U+F0606	md-pool
󰘇	U+F0607	md-rounded_corner
󰘈	U+F0608	md-rowing
󰘉	U+F0609	md-saxophone
󰘊	U+F060A	md-signal_variant
󰘋	U+F060B	md-stack_exchange
󰘌	U+F060C	md-subdirectory_arrow_left
󰘍	U+F060D	md-subdirectory_arrow_right
󰘎	U+F060E	md-form_textbox
󰘏	U+F060F	md-violin
󰘐	U+F0610	md-microsoft_visual_studio
󰘑	U+F0611	md-wechat
󰘒	U+F0612	md-watermark
󰘓	U+F0613	md-file_hidden
󰘔	U+F0614	md-application_outline
󰘕	U+F0615	md-arrow_collapse
󰘖	U+F0616	md-arrow_expand
󰘗	U+F0617	md-bowl_mix
󰘘	U+F0618	md-bridge
󰘙	U+F0619	md-application_edit_outline
󰘚	U+F061A	md-chip
󰘛	U+F061B	md-content_save_settings
󰘜	U+F061C	md-dialpad
󰘝	U+F061D	md-book_alphabet
󰘞	U+F061E	md-format_horizontal_align_center
󰘟	U+F061F	md-format_horizontal_align_left
󰘠	U+F0620	md-format_horizontal_align_right
󰘡	U+F0621	md-format_vertical_align_bottom
󰘢	U+F0622	md-format_vertical_align_center
󰘣	U+F0623	md-format_vertical_align_top
󰘤	U+F0624	md-line_scan
󰘥	U+F0625	md-help_circle_outline
󰘦	U+F0626	md-code_json
󰘧	U+F0627	md-lambda
󰘨	U+F0628	md-matrix
󰘩	U+F0629	md-meteor
󰘪	U+F062A	md-close_circle_multiple
󰘫	U+F062B	md-sigma_lower
󰘬	U+F062C	md-source_branch
󰘭	U+F062D	md-source_merge
󰘮	U+F062E	md-tune
󰘯	U+F062F	md-webhook
󰘰	U+F0630	md-account_settings
󰘱	U+F0631	md-account_details
󰘲	U+F0632	md-apple_keyboard_caps
󰘳	U+F0633	md-apple_keyboard_command
󰘴	U+F0634	md-apple_keyboard_control
󰘵	U+F0635	md-apple_keyboard_option
󰘶	U+F0636	md-apple_keyboard_shift
󰘷	U+F0637	md-box_shadow
󰘸	U+F0638	md-cards
󰘹	U+F0639	md-cards_outline
󰘺	U+F063A	md-cards_playing_outline
󰘻	U+F063B	md-checkbox_multiple_blank_circle
󰘼	U+F063C	md-checkbox_multiple_blank_circle_outline
󰘽	U+F063D	md-checkbox_multiple_marked_circle
󰘾	U+F063E	md-checkbox_multiple_marked_circle_outline
󰘿	U+F063F	md-cloud_sync
󰙀	U+F0640	md-collage
󰙁	U+F0641	md-directions_fork
󰙂	U+F0642	md-eraser_variant
󰙃	U+F0643	md-face_man
󰙄	U+F0644	md-face_man_profile
󰙅	U+F0645	md-file_tree
󰙆	U+F0646	md-format_annotation_plus
󰙇	U+F0647	md-gas_cylinder
󰙈	U+F0648	md-grease_pencil
󰙉	U+F0649	md-human_female
󰙊	U+F064A	md-human_greeting_variant
󰙋	U+F064B	md-human_handsdown
󰙌	U+F064C	md-human_handsup
󰙍	U+F064D	md-human_male
󰙎	U+F064E	md-information_variant
󰙏	U+F064F	md-lead_pencil
󰙐	U+F0650	md-map_marker_minus
󰙑	U+F0651	md-map_marker_plus
󰙒	U+F0652	md-marker
󰙓	U+F0653	md-message_plus
󰙔	U+F0654	md-microscope
󰙕	U+F0655	md-move_resize
󰙖	U+F0656	md-move_resize_variant
󰙗	U+F0657	md-paw_off
󰙘	U+F0658	md-phone_minus
󰙙	U+F0659	md-phone_plus
󰙚	U+F065A	md-pot_steam
󰙛	U+F065B	md-pot_mix
󰙜	U+F065C	md-serial_port
󰙝	U+F065D	md-shape_circle_plus
󰙞	U+F065E	md-shape_polygon_plus
󰙟	U+F065F	md-shape_rectangle_plus
󰙠	U+F0660	md-shape_square_plus
󰙡	U+F0661	md-skip_next_circle
󰙢	U+F0662	md-skip_next_circle_outline
󰙣	U+F0663	md-skip_previous_circle
󰙤	U+F0664	md-skip_previous_circle_outline
󰙥	U+F0665	md-spray
󰙦	U+F0666	md-stop_circle
󰙧	U+F0667	md-stop_circle_outline
󰙨	U+F0668	md-test_tube
󰙩	U+F0669	md-text_shadow
󰙪	U+F066A	md-tune_vertical
󰙫	U+F066B	md-cart_off
󰙬	U+F066C	md-chart_gantt
󰙭	U+F066D	md-chart_scatter_plot_hexbin
󰙮	U+F066E	md-chart_timeline
󰙯	U+F066F	md-discord
󰙰	U+F0670	md-file_restore
󰙱	U+F0671	md-language_c
󰙲	U+F0672	md-language_cpp
󰙳	U+F0673	md-language_xaml
󰙴	U+F0674	md-creation
󰙵	U+F0675	md-application_cog
󰙶	U+F0676	md-credit_card_plus_outline
󰙷	U+F0677	md-pot_mix_outline
󰙸	U+F0678	md-bow_tie
󰙹	U+F0679	md-calendar_range
󰙺	U+F067A	md-currency_usd_off
󰙻	U+F067B	md-flash_red_eye
󰙼	U+F067C	md-oar
󰙽	U+F067D	md-piano
󰙾	U+F067E	md-weather_lightning_rainy
󰙿	U+F067F	md-weather_snowy_rainy
󰚀	U+F0680	md-yin_yang
󰚁	U+F0681	md-tower_beach
󰚂	U+F0682	md-tower_fire
󰚃	U+F0683	md-delete_circle
󰚄	U+F0684	md-dna
󰚅	U+F0685	md-hamburger
󰚆	U+F0686	md-gondola
󰚇	U+F0687	md-inbox
󰚈	U+F0688	md-reorder_horizontal
󰚉	U+F0689	md-reorder_vertical
󰚊	U+F068A	md-shield_home
󰚋	U+F068B	md-tag_heart
󰚌	U+F068C	md-skull
󰚍	U+F068D	md-solid
󰚎	U+F068E	md-alarm_snooze
󰚏	U+F068F	md-baby_carriage
󰚐	U+F0690	md-beaker_outline
󰚑	U+F0691	md-bomb
󰚒	U+F0692	md-calendar_question
󰚓	U+F0693	md-camera_burst
󰚔	U+F0694	md-code_tags_check
󰚕	U+F0695	md-circle_multiple_outline
󰚖	U+F0696	md-crop_rotate
󰚗	U+F0697	md-developer_board
󰚘	U+F0698	md-piano_off
󰚙	U+F0699	md-skate_off
󰚚	U+F069A	md-message_star
󰚛	U+F069B	md-emoticon_dead_outline
󰚜	U+F069C	md-emoticon_excited_outline
󰚝	U+F069D	md-folder_star
󰚞	U+F069E	md-format_color_text
󰚟	U+F069F	md-format_section
󰚠	U+F06A0	md-gradient_vertical
󰚡	U+F06A1	md-home_outline
󰚢	U+F06A2	md-message_bulleted
󰚣	U+F06A3	md-message_bulleted_off
󰚤	U+F06A4	md-nuke
󰚥	U+F06A5	md-power_plug
󰚦	U+F06A6	md-power_plug_off
󰚧	U+F06A7	md-publish
󰚨	U+F06A8	md-credit_card_marker
󰚩	U+F06A9	md-robot
󰚪	U+F06AA	md-format_rotate_90
󰚫	U+F06AB	md-scanner
󰚬	U+F06AC	md-subway
󰚭	U+F06AD	md-timer_sand_empty
󰚮	U+F06AE	md-transit_transfer
󰚯	U+F06AF	md-unity
󰚰	U+F06B0	md-update
󰚱	U+F06B1	md-watch_vibrate
󰚲	U+F06B2	md-angular
󰚳	U+F06B3	md-dolby
󰚴	U+F06B4	md-emby
󰚵	U+F06B5	md-lamp
󰚶	U+F06B6	md-menu_down_outline
󰚷	U+F06B7	md-menu_up_outline
󰚸	U+F06B8	md-note_multiple
󰚹	U+F06B9	md-note_multiple_outline
󰚺	U+F06BA	md-plex
󰚻	U+F06BB	md-shield_airplane
󰚼	U+F06BC	md-account_edit
󰚽	U+F06BD	md-alert_decagram
󰚾	U+F06BE	md-all_inclusive
󰚿	U+F06BF	md-angularjs
󰛀	U+F06C0	md-arrow_down_box
󰛁	U+F06C1	md-arrow_left_box
󰛂	U+F06C2	md-arrow_right_box
󰛃	U+F06C3	md-arrow_up_box
󰛄	U+F06C4	md-asterisk
󰛅	U+F06C5	md-bomb_off
󰛆	U+F06C6	md-bootstrap
󰛇	U+F06C7	md-cards_variant
󰛈	U+F06C8	md-clipboard_flow
󰛉	U+F06C9	md-close_outline
󰛊	U+F06CA	md-coffee_outline
󰛋	U+F06CB	md-contacts
󰛌	U+F06CC	md-delete_empty
󰛍	U+F06CD	md-earth_box
󰛎	U+F06CE	md-earth_box_off
󰛏	U+F06CF	md-email_alert
󰛐	U+F06D0	md-eye_outline
󰛑	U+F06D1	md-eye_off_outline
󰛒	U+F06D2	md-fast_forward_outline
󰛓	U+F06D3	md-feather
󰛔	U+F06D4	md-find_replace
󰛕	U+F06D5	md-flash_outline
󰛖	U+F06D6	md-format_font
󰛗	U+F06D7	md-format_page_break
󰛘	U+F06D8	md-format_pilcrow
󰛙	U+F06D9	md-garage
󰛚	U+F06DA	md-garage_open
󰛛	U+F06DB	md-card_account_details_star_outline
󰛜	U+F06DC	md-google_keep
󰛝	U+F06DD	md-snowmobile
󰛞	U+F06DE	md-heart_half_full
󰛟	U+F06DF	md-heart_half
󰛠	U+F06E0	md-heart_half_outline
󰛡	U+F06E1	md-hexagon_multiple
󰛢	U+F06E2	md-hook
󰛣	U+F06E3	md-hook_off
󰛤	U+F06E4	md-infinity
󰛥	U+F06E5	md-language_swift
󰛦	U+F06E6	md-language_typescript
󰛧	U+F06E7	md-laptop_off
󰛨	U+F06E8	md-lightbulb_on
󰛩	U+F06E9	md-lightbulb_on_outline
󰛪	U+F06EA	md-lock_pattern
󰛫	U+F06EB	md-folder_zip
󰛬	U+F06EC	md-magnify_minus_outline
󰛭	U+F06ED	md-magnify_plus_outline
󰛮	U+F06EE	md-mailbox
󰛯	U+F06EF	md-medical_bag
󰛰	U+F06F0	md-message_settings
󰛱	U+F06F1	md-message_cog
󰛲	U+F06F2	md-minus_box_outline
󰛳	U+F06F3	md-network
󰛴	U+F06F4	md-download_network
󰛵	U+F06F5	md-help_network
󰛶	U+F06F6	md-upload_network
󰛷	U+F06F7	md-npm
󰛸	U+F06F8	md-nut
󰛹	U+F06F9	md-octagram
󰛺	U+F06FA	md-page_layout_body
󰛻	U+F06FB	md-page_layout_footer
󰛼	U+F06FC	md-page_layout_header
󰛽	U+F06FD	md-page_layout_sidebar_left
󰛾	U+F06FE	md-page_layout_sidebar_right
󰛿	U+F06FF	md-pencil_circle
󰜀	U+F0700	md-pentagon_outline
󰜁	U+F0701	md-pentagon
󰜂	U+F0702	md-pillar
󰜃	U+F0703	md-pistol
󰜄	U+F0704	md-plus_box_outline
󰜅	U+F0705	md-plus_outline
󰜆	U+F0706	md-prescription
󰜇	U+F0707	md-printer_settings
󰜈	U+F0708	md-react
󰜉	U+F0709	md-restart
󰜊	U+F070A	md-rewind_outline
󰜋	U+F070B	md-rhombus
󰜌	U+F070C	md-rhombus_outline
󰜍	U+F070D	md-robot_vacuum
󰜎	U+F070E	md-run
󰜏	U+F070F	md-search_web
󰜐	U+F0710	md-shovel
󰜑	U+F0711	md-shovel_off
󰜒	U+F0712	md-signal_2g
󰜓	U+F0713	md-signal_3g
󰜔	U+F0714	md-signal_4g
󰜕	U+F0715	md-signal_hspa
󰜖	U+F0716	md-signal_hspa_plus
󰜗	U+F0717	md-snowflake
󰜘	U+F0718	md-source_commit
󰜙	U+F0719	md-source_commit_end
󰜚	U+F071A	md-source_commit_end_local
󰜛	U+F071B	md-source_commit_local
󰜜	U+F071C	md-source_commit_next_local
󰜝	U+F071D	md-source_commit_start
󰜞	U+F071E	md-source_commit_start_next_local
󰜟	U+F071F	md-speaker_wireless
󰜠	U+F0720	md-stadium_variant
󰜡	U+F0721	md-svg
󰜢	U+F0722	md-tag_plus
󰜣	U+F0723	md-tag_remove
󰜤	U+F0724	md-ticket_percent
󰜥	U+F0725	md-tilde
󰜦	U+F0726	md-treasure_chest
󰜧	U+F0727	md-truck_trailer
󰜨	U+F0728	md-view_parallel
󰜩	U+F0729	md-view_sequential
󰜪	U+F072A	md-washing_machine
󰜫	U+F072B	md-webpack
󰜬	U+F072C	md-widgets
󰜭	U+F072D	md-nintendo_wiiu
󰜮	U+F072E	md-arrow_down_bold
󰜯	U+F072F	md-arrow_down_bold_box
󰜰	U+F0730	md-arrow_down_bold_box_outline
󰜱	U+F0731	md-arrow_left_bold
󰜲	U+F0732	md-arrow_left_bold_box
󰜳	U+F0733	md-arrow_left_bold_box_outline
󰜴	U+F0734	md-arrow_right_bold
󰜵	U+F0735	md-arrow_right_bold_box
󰜶	U+F0736	md-arrow_right_bold_box_outline
󰜷	U+F0737	md-arrow_up_bold
󰜸	U+F0738	md-arrow_up_bold_box
󰜹	U+F0739	md-arrow_up_bold_box_outline
󰜺	U+F073A	md-cancel
󰜻	U+F073B	md-file_account
󰜼	U+F073C	md-gesture_double_tap
󰜽	U+F073D	md-gesture_swipe_down
󰜾	U+F073E	md-gesture_swipe_left
󰜿	U+F073F	md-gesture_swipe_right
󰝀	U+F0740	md-gesture_swipe_up
󰝁	U+F0741	md-gesture_tap
󰝂	U+F0742	md-gesture_two_double_tap
󰝃	U+F0743	md-gesture_two_tap
󰝄	U+F0744	md-humble_bundle
󰝅	U+F0745	md-kickstarter
󰝆	U+F0746	md-netflix
󰝇	U+F0747	md-microsoft_onenote
󰝈	U+F0748	md-wall_sconce_round
󰝉	U+F0749	md-folder_refresh
󰝊	U+F074A	md-vector_radius
󰝋	U+F074B	md-microsoft_xbox_controller_battery_alert
󰝌	U+F074C	md-microsoft_xbox_controller_battery_empty
󰝍	U+F074D	md-microsoft_xbox_controller_battery_full
󰝎	U+F074E	md-microsoft_xbox_controller_battery_low
󰝏	U+F074F	md-microsoft_xbox_controller_battery_medium
󰝐	U+F0750	md-microsoft_xbox_controller_battery_unknown
󰝑	U+F0751	md-clipboard_plus
󰝒	U+F0752	md-file_plus
󰝓	U+F0753	md-format_align_bottom
󰝔	U+F0754	md-format_align_middle
󰝕	U+F0755	md-format_align_top
󰝖	U+F0756	md-format_list_checks
󰝗	U+F0757	md-format_quote_open
󰝘	U+F0758	md-grid_large
󰝙	U+F0759	md-heart_off
󰝚	U+F075A	md-music
󰝛	U+F075B	md-music_off
󰝜	U+F075C	md-tab_plus
󰝝	U+F075D	md-volume_plus
󰝞	U+F075E	md-volume_minus
󰝟	U+F075F	md-volume_mute
󰝠	U+F0760	md-unfold_less_vertical
󰝡	U+F0761	md-unfold_more_vertical
󰝢	U+F0762	md-taco
󰝣	U+F0763	md-square_outline
󰝤	U+F0764	md-square
󰝥	U+F0765	md-circle
󰝦	U+F0766	md-circle_outline
󰝧	U+F0767	md-alert_octagram
󰝨	U+F0768	md-atom
󰝩	U+F0769	md-ceiling_light
󰝪	U+F076A	md-chart_bar_stacked
󰝫	U+F076B	md-chart_line_stacked
󰝬	U+F076C	md-decagram
󰝭	U+F076D	md-decagram_outline
󰝮	U+F076E	md-dice_multiple
󰝯	U+F076F	md-dice_d10_outline
󰝰	U+F0770	md-folder_open
󰝱	U+F0771	md-guitar_acoustic
󰝲	U+F0772	md-loading
󰝳	U+F0773	md-lock_reset
󰝴	U+F0774	md-ninja
󰝵	U+F0775	md-octagram_outline
󰝶	U+F0776	md-pencil_circle_outline
󰝷	U+F0777	md-selection_off
󰝸	U+F0778	md-set_all
󰝹	U+F0779	md-set_center
󰝺	U+F077A	md-set_center_right
󰝻	U+F077B	md-set_left
󰝼	U+F077C	md-set_left_center
󰝽	U+F077D	md-set_left_right
󰝾	U+F077E	md-set_none
󰝿	U+F077F	md-set_right
󰞀	U+F0780	md-shield_half_full
󰞁	U+F0781	md-sign_direction
󰞂	U+F0782	md-sign_text
󰞃	U+F0783	md-signal_off
󰞄	U+F0784	md-square_root
󰞅	U+F0785	md-sticker_emoji
󰞆	U+F0786	md-summit
󰞇	U+F0787	md-sword_cross
󰞈	U+F0788	md-truck_fast
󰞉	U+F0789	md-web_check
󰞊	U+F078A	md-cast_off
󰞋	U+F078B	md-help_box
󰞌	U+F078C	md-timer_sand_full
󰞍	U+F078D	md-waves
󰞎	U+F078E	md-alarm_bell
󰞏	U+F078F	md-alarm_light
󰞐	U+F0790	md-video_switch_outline
󰞑	U+F0791	md-check_decagram
󰞒	U+F0792	md-arrow_collapse_down
󰞓	U+F0793	md-arrow_collapse_left
󰞔	U+F0794	md-arrow_collapse_right
󰞕	U+F0795	md-arrow_collapse_up
󰞖	U+F0796	md-arrow_expand_down
󰞗	U+F0797	md-arrow_expand_left
󰞘	U+F0798	md-arrow_expand_right
󰞙	U+F0799	md-arrow_expand_up
󰞚	U+F079A	md-book_lock
󰞛	U+F079B	md-book_lock_open
󰞜	U+F079C	md-bus_articulated_end
󰞝	U+F079D	md-bus_articulated_front
󰞞	U+F079E	md-bus_double_decker
󰞟	U+F079F	md-bus_school
󰞠	U+F07A0	md-bus_side
󰞡	U+F07A1	md-camera_gopro
󰞢	U+F07A2	md-camera_metering_center
󰞣	U+F07A3	md-camera_metering_matrix
󰞤	U+F07A4	md-camera_metering_partial
󰞥	U+F07A5	md-camera_metering_spot
󰞦	U+F07A6	md-cannabis
󰞧	U+F07A7	md-car_convertible
󰞨	U+F07A8	md-car_estate
󰞩	U+F07A9	md-car_hatchback
󰞪	U+F07AA	md-car_pickup
󰞫	U+F07AB	md-car_side
󰞬	U+F07AC	md-car_sports
󰞭	U+F07AD	md-caravan
󰞮	U+F07AE	md-cctv
󰞯	U+F07AF	md-chart_donut
󰞰	U+F07B0	md-chart_donut_variant
󰞱	U+F07B1	md-chart_line_variant
󰞲	U+F07B2	md-chili_hot
󰞳	U+F07B3	md-chili_medium
󰞴	U+F07B4	md-chili_mild
󰞵	U+F07B5	md-cloud_braces
󰞶	U+F07B6	md-cloud_tags
󰞷	U+F07B7	md-console_line
󰞸	U+F07B8	md-corn
󰞹	U+F07B9	md-folder_zip_outline
󰞺	U+F07BA	md-currency_cny
󰞻	U+F07BB	md-currency_eth
󰞼	U+F07BC	md-currency_jpy
󰞽	U+F07BD	md-currency_krw
󰞾	U+F07BE	md-currency_sign
󰞿	U+F07BF	md-currency_twd
󰟀	U+F07C0	md-desktop_classic
󰟁	U+F07C1	md-dip_switch
󰟂	U+F07C2	md-donkey
󰟃	U+F07C3	md-dots_horizontal_circle
󰟄	U+F07C4	md-dots_vertical_circle
󰟅	U+F07C5	md-ear_hearing
󰟆	U+F07C6	md-elephant
󰟇	U+F07C7	md-storefront
󰟈	U+F07C8	md-food_croissant
󰟉	U+F07C9	md-forklift
󰟊	U+F07CA	md-fuel
󰟋	U+F07CB	md-gesture
󰟌	U+F07CC	md-google_analytics
󰟍	U+F07CD	md-google_assistant
󰟎	U+F07CE	md-headphones_off
󰟏	U+F07CF	md-high_definition
󰟐	U+F07D0	md-home_assistant
󰟑	U+F07D1	md-home_automation
󰟒	U+F07D2	md-home_circle
󰟓	U+F07D3	md-language_go
󰟔	U+F07D4	md-language_r
󰟕	U+F07D5	md-lava_lamp
󰟖	U+F07D6	md-led_strip
󰟗	U+F07D7	md-locker
󰟘	U+F07D8	md-locker_multiple
󰟙	U+F07D9	md-map_marker_outline
󰟚	U+F07DA	md-metronome
󰟛	U+F07DB	md-metronome_tick
󰟜	U+F07DC	md-micro_sd
󰟝	U+F07DD	md-facebook_gaming
󰟞	U+F07DE	md-movie_roll
󰟟	U+F07DF	md-mushroom
󰟠	U+F07E0	md-mushroom_outline
󰟡	U+F07E1	md-nintendo_switch
󰟢	U+F07E2	md-null
󰟣	U+F07E3	md-passport
󰟤	U+F07E4	md-molecule_co2
󰟥	U+F07E5	md-pipe
󰟦	U+F07E6	md-pipe_disconnected
󰟧	U+F07E7	md-power_socket_eu
󰟨	U+F07E8	md-power_socket_uk
󰟩	U+F07E9	md-power_socket_us
󰟪	U+F07EA	md-rice
󰟫	U+F07EB	md-ring
󰟬	U+F07EC	md-sass
󰟭	U+F07ED	md-send_lock
󰟮	U+F07EE	md-soy_sauce
󰟯	U+F07EF	md-standard_definition
󰟰	U+F07F0	md-surround_sound_2_0
󰟱	U+F07F1	md-surround_sound_3_1
󰟲	U+F07F2	md-surround_sound_5_1
󰟳	U+F07F3	md-surround_sound_7_1
󰟴	U+F07F4	md-television_classic
󰟵	U+F07F5	md-form_textbox_password
󰟶	U+F07F6	md-thought_bubble
󰟷	U+F07F7	md-thought_bubble_outline
󰟸	U+F07F8	md-trackpad
󰟹	U+F07F9	md-ultra_high_definition
󰟺	U+F07FA	md-van_passenger
󰟻	U+F07FB	md-van_utility
󰟼	U+F07FC	md-vanish
󰟽	U+F07FD	md-video_3d
󰟾	U+F07FE	md-wall
󰟿	U+F07FF	md-xmpp
󰠀	U+F0800	md-account_multiple_plus_outline
󰠁	U+F0801	md-account_plus_outline
󰠂	U+F0802	md-credit_card_wireless
󰠃	U+F0803	md-account_music
󰠄	U+F0804	md-atlassian
󰠅	U+F0805	md-microsoft_azure
󰠆	U+F0806	md-basketball
󰠇	U+F0807	md-battery_charging_wireless
󰠈	U+F0808	md-battery_charging_wireless_10
󰠉	U+F0809	md-battery_charging_wireless_20
󰠊	U+F080A	md-battery_charging_wireless_30
󰠋	U+F080B	md-battery_charging_wireless_40
󰠌	U+F080C	md-battery_charging_wireless_50
󰠍	U+F080D	md-battery_charging_wireless_60
󰠎	U+F080E	md-battery_charging_wireless_70
󰠏	U+F080F	md-battery_charging_wireless_80
󰠐	U+F0810	md-battery_charging_wireless_90
󰠑	U+F0811	md-battery_charging_wireless_alert
󰠒	U+F0812	md-battery_charging_wireless_outline
󰠓	U+F0813	md-bitcoin
󰠔	U+F0814	md-briefcase_outline
󰠕	U+F0815	md-cellphone_wireless
󰠖	U+F0816	md-clover
󰠗	U+F0817	md-comment_question
󰠘	U+F0818	md-content_save_outline
󰠙	U+F0819	md-delete_restore
󰠚	U+F081A	md-door
󰠛	U+F081B	md-door_closed
󰠜	U+F081C	md-door_open
󰠝	U+F081D	md-fan_off
󰠞	U+F081E	md-file_percent
󰠟	U+F081F	md-finance
󰠠	U+F0820	md-lightning_bolt_circle
󰠡	U+F0821	md-floor_plan
󰠢	U+F0822	md-forum_outline
󰠣	U+F0823	md-golf
󰠤	U+F0824	md-google_home
󰠥	U+F0825	md-guy_fawkes_mask
󰠦	U+F0826	md-home_account
󰠧	U+F0827	md-home_heart
󰠨	U+F0828	md-hot_tub
󰠩	U+F0829	md-hulu
󰠪	U+F082A	md-ice_cream
󰠫	U+F082B	md-image_off
󰠬	U+F082C	md-karate
󰠭	U+F082D	md-ladybug
󰠮	U+F082E	md-notebook
󰠯	U+F082F	md-phone_return
󰠰	U+F0830	md-poker_chip
󰠱	U+F0831	md-shape
󰠲	U+F0832	md-shape_outline
󰠳	U+F0833	md-ship_wheel
󰠴	U+F0834	md-soccer_field
󰠵	U+F0835	md-table_column
󰠶	U+F0836	md-table_of_contents
󰠷	U+F0837	md-table_row
󰠸	U+F0838	md-table_settings
󰠹	U+F0839	md-television_box
󰠺	U+F083A	md-television_classic_off
󰠻	U+F083B	md-television_off
󰠼	U+F083C	md-tow_truck
󰠽	U+F083D	md-upload_multiple
󰠾	U+F083E	md-video_4k_box
󰠿	U+F083F	md-video_input_antenna
󰡀	U+F0840	md-video_input_component
󰡁	U+F0841	md-video_input_hdmi
󰡂	U+F0842	md-video_input_svideo
󰡃	U+F0843	md-view_dashboard_variant
󰡄	U+F0844	md-vuejs
󰡅	U+F0845	md-xamarin
󰡆	U+F0846	md-human_male_board_poll
󰡇	U+F0847	md-youtube_studio
󰡈	U+F0848	md-youtube_gaming
󰡉	U+F0849	md-account_group
󰡊	U+F084A	md-camera_switch_outline
󰡋	U+F084B	md-airport
󰡌	U+F084C	md-arrow_collapse_horizontal
󰡍	U+F084D	md-arrow_collapse_vertical
󰡎	U+F084E	md-arrow_expand_horizontal
󰡏	U+F084F	md-arrow_expand_vertical
󰡐	U+F0850	md-augmented_reality
󰡑	U+F0851	md-badminton
󰡒	U+F0852	md-baseball
󰡓	U+F0853	md-baseball_bat
󰡔	U+F0854	md-bottle_wine
󰡕	U+F0855	md-check_outline
󰡖	U+F0856	md-checkbox_intermediate
󰡗	U+F0857	md-chess_king
󰡘	U+F0858	md-chess_knight
󰡙	U+F0859	md-chess_pawn
󰡚	U+F085A	md-chess_queen
󰡛	U+F085B	md-chess_rook
󰡜	U+F085C	md-chess_bishop
󰡝	U+F085D	md-clipboard_pulse
󰡞	U+F085E	md-clipboard_pulse_outline
󰡟	U+F085F	md-comment_multiple
󰡠	U+F0860	md-comment_text_multiple
󰡡	U+F0861	md-comment_text_multiple_outline
󰡢	U+F0862	md-crane
󰡣	U+F0863	md-curling
󰡤	U+F0864	md-currency_bdt
󰡥	U+F0865	md-currency_kzt
󰡦	U+F0866	md-database_search
󰡧	U+F0867	md-dice_d12_outline
󰡨	U+F0868	md-docker
󰡩	U+F0869	md-doorbell_video
󰡪	U+F086A	md-ethereum
󰡫	U+F086B	md-eye_plus
󰡬	U+F086C	md-eye_plus_outline
󰡭	U+F086D	md-eye_settings
󰡮	U+F086E	md-eye_settings_outline
󰡯	U+F086F	md-file_question
󰡰	U+F0870	md-folder_network
󰡱	U+F0871	md-function_variant
󰡲	U+F0872	md-garage_alert
󰡳	U+F0873	md-gauge_empty
󰡴	U+F0874	md-gauge_full
󰡵	U+F0875	md-gauge_low
󰡶	U+F0876	md-glass_wine
󰡷	U+F0877	md-graphql
󰡸	U+F0878	md-high_definition_box
󰡹	U+F0879	md-hockey_puck
󰡺	U+F087A	md-hockey_sticks
󰡻	U+F087B	md-home_alert
󰡼	U+F087C	md-image_plus
󰡽	U+F087D	md-jquery
󰡾	U+F087E	md-lifebuoy
󰡿	U+F087F	md-mixed_reality
󰢀	U+F0880	md-nativescript
󰢁	U+F0881	md-onepassword
󰢂	U+F0882	md-patreon
󰢃	U+F0883	md-close_circle_multiple_outline
󰢄	U+F0884	md-peace
󰢅	U+F0885	md-phone_rotate_landscape
󰢆	U+F0886	md-phone_rotate_portrait
󰢇	U+F0887	md-pier
󰢈	U+F0888	md-pier_crane
󰢉	U+F0889	md-pipe_leak
󰢊	U+F088A	md-piston
󰢋	U+F088B	md-play_network
󰢌	U+F088C	md-reminder
󰢍	U+F088D	md-room_service
󰢎	U+F088E	md-salesforce
󰢏	U+F088F	md-shield_account
󰢐	U+F0890	md-human_male_board
󰢑	U+F0891	md-thermostat_box
󰢒	U+F0892	md-tractor
󰢓	U+F0893	md-vector_ellipse
󰢔	U+F0894	md-virtual_reality
󰢕	U+F0895	md-watch_export_variant
󰢖	U+F0896	md-watch_import_variant
󰢗	U+F0897	md-watch_variant
󰢘	U+F0898	md-weather_hurricane
󰢙	U+F0899	md-account_heart
󰢚	U+F089A	md-alien
󰢛	U+F089B	md-anvil
󰢜	U+F089C	md-battery_charging_10
󰢝	U+F089D	md-battery_charging_50
󰢞	U+F089E	md-battery_charging_70
󰢟	U+F089F	md-battery_charging_outline
󰢠	U+F08A0	md-bed_empty
󰢡	U+F08A1	md-border_all_variant
󰢢	U+F08A2	md-border_bottom_variant
󰢣	U+F08A3	md-border_left_variant
󰢤	U+F08A4	md-border_none_variant
󰢥	U+F08A5	md-border_right_variant
󰢦	U+F08A6	md-border_top_variant
󰢧	U+F08A7	md-calendar_edit
󰢨	U+F08A8	md-clipboard_check_outline
󰢩	U+F08A9	md-console_network
󰢪	U+F08AA	md-file_compare
󰢫	U+F08AB	md-fire_truck
󰢬	U+F08AC	md-folder_key
󰢭	U+F08AD	md-folder_key_network
󰢮	U+F08AE	md-expansion_card
󰢯	U+F08AF	md-kayaking
󰢰	U+F08B0	md-inbox_multiple
󰢱	U+F08B1	md-language_lua
󰢲	U+F08B2	md-lock_smart
󰢳	U+F08B3	md-microphone_minus
󰢴	U+F08B4	md-microphone_plus
󰢵	U+F08B5	md-palette_swatch
󰢶	U+F08B6	md-periodic_table
󰢷	U+F08B7	md-pickaxe
󰢸	U+F08B8	md-qrcode_edit
󰢹	U+F08B9	md-remote_desktop
󰢺	U+F08BA	md-sausage
󰢻	U+F08BB	md-cog_outline
󰢼	U+F08BC	md-signal_cellular_1
󰢽	U+F08BD	md-signal_cellular_2
󰢾	U+F08BE	md-signal_cellular_3
󰢿	U+F08BF	md-signal_cellular_outline
󰣀	U+F08C0	md-ssh
󰣁	U+F08C1	md-swap_horizontal_variant
󰣂	U+F08C2	md-swap_vertical_variant
󰣃	U+F08C3	md-tooth
󰣄	U+F08C4	md-train_variant
󰣅	U+F08C5	md-account_multiple_check
󰣆	U+F08C6	md-application
󰣇	U+F08C7	md-arch
󰣈	U+F08C8	md-axe
󰣉	U+F08C9	md-bullseye_arrow
󰣊	U+F08CA	md-bus_clock
󰣋	U+F08CB	md-camera_account
󰣌	U+F08CC	md-camera_image
󰣍	U+F08CD	md-car_limousine
󰣎	U+F08CE	md-cards_club
󰣏	U+F08CF	md-cards_diamond
󰣐	U+F08D0	md-cards_heart
󰣑	U+F08D1	md-cards_spade
󰣒	U+F08D2	md-cellphone_text
󰣓	U+F08D3	md-cellphone_message
󰣔	U+F08D4	md-chart_multiline
󰣕	U+F08D5	md-circle_edit_outline
󰣖	U+F08D6	md-cogs
󰣗	U+F08D7	md-credit_card_settings_outline
󰣘	U+F08D8	md-death_star
󰣙	U+F08D9	md-death_star_variant
󰣚	U+F08DA	md-debian
󰣛	U+F08DB	md-fedora
󰣜	U+F08DC	md-file_undo
󰣝	U+F08DD	md-floor_lamp
󰣞	U+F08DE	md-folder_edit
󰣟	U+F08DF	md-format_columns
󰣠	U+F08E0	md-freebsd
󰣡	U+F08E1	md-gate_and
󰣢	U+F08E2	md-gate_nand
󰣣	U+F08E3	md-gate_nor
󰣤	U+F08E4	md-gate_not
󰣥	U+F08E5	md-gate_or
󰣦	U+F08E6	md-gate_xnor
󰣧	U+F08E7	md-gate_xor
󰣨	U+F08E8	md-gentoo
󰣩	U+F08E9	md-globe_model
󰣪	U+F08EA	md-hammer
󰣫	U+F08EB	md-home_lock
󰣬	U+F08EC	md-home_lock_open
󰣭	U+F08ED	md-linux_mint
󰣮	U+F08EE	md-lock_alert
󰣯	U+F08EF	md-lock_question
󰣰	U+F08F0	md-map_marker_distance
󰣱	U+F08F1	md-midi
󰣲	U+F08F2	md-midi_port
󰣳	U+F08F3	md-nas
󰣴	U+F08F4	md-network_strength_1
󰣵	U+F08F5	md-network_strength_1_alert
󰣶	U+F08F6	md-network_strength_2
󰣷	U+F08F7	md-network_strength_2_alert
󰣸	U+F08F8	md-network_strength_3
󰣹	U+F08F9	md-network_strength_3_alert
󰣺	U+F08FA	md-network_strength_4
󰣻	U+F08FB	md-network_strength_4_alert
󰣼	U+F08FC	md-network_strength_off
󰣽	U+F08FD	md-network_strength_off_outline
󰣾	U+F08FE	md-network_strength_outline
󰣿	U+F08FF	md-play_speed
󰤀	U+F0900	md-playlist_edit
󰤁	U+F0901	md-power_cycle
󰤂	U+F0902	md-power_off
󰤃	U+F0903	md-power_on
󰤄	U+F0904	md-power_sleep
󰤅	U+F0905	md-power_socket_au
󰤆	U+F0906	md-power_standby
󰤇	U+F0907	md-rabbit
󰤈	U+F0908	md-robot_vacuum_variant
󰤉	U+F0909	md-satellite_uplink
󰤊	U+F090A	md-scanner_off
󰤋	U+F090B	md-book_minus_multiple_outline
󰤌	U+F090C	md-square_edit_outline
󰤍	U+F090D	md-sort_numeric_ascending_variant
󰤎	U+F090E	md-steering_off
󰤏	U+F090F	md-table_search
󰤐	U+F0910	md-tag_minus
󰤑	U+F0911	md-test_tube_empty
󰤒	U+F0912	md-test_tube_off
󰤓	U+F0913	md-ticket_outline
󰤔	U+F0914	md-track_light
󰤕	U+F0915	md-transition
󰤖	U+F0916	md-transition_masked
󰤗	U+F0917	md-tumble_dryer
󰤘	U+F0918	md-file_refresh
󰤙	U+F0919	md-video_account
󰤚	U+F091A	md-video_image
󰤛	U+F091B	md-video_stabilization
󰤜	U+F091C	md-wall_sconce
󰤝	U+F091D	md-wall_sconce_flat
󰤞	U+F091E	md-wall_sconce_round_variant
󰤟	U+F091F	md-wifi_strength_1
󰤠	U+F0920	md-wifi_strength_1_alert
󰤡	U+F0921	md-wifi_strength_1_lock
󰤢	U+F0922	md-wifi_strength_2
󰤣	U+F0923	md-wifi_strength_2_alert
󰤤	U+F0924	md-wifi_strength_2_lock
󰤥	U+F0925	md-wifi_strength_3
󰤦	U+F0926	md-wifi_strength_3_alert
󰤧	U+F0927	md-wifi_strength_3_lock
󰤨	U+F0928	md-wifi_strength_4
󰤩	U+F0929	md-wifi_strength_4_alert
󰤪	U+F092A	md-wifi_strength_4_lock
󰤫	U+F092B	md-wifi_strength_alert_outline
󰤬	U+F092C	md-wifi_strength_lock_outline
󰤭	U+F092D	md-wifi_strength_off
󰤮	U+F092E	md-wifi_strength_off_outline
󰤯	U+F092F	md-wifi_strength_outline
󰤰	U+F0930	md-pin_off_outline
󰤱	U+F0931	md-pin_outline
󰤲	U+F0932	md-share_outline
󰤳	U+F0933	md-trackpad_lock
󰤴	U+F0934	md-account_box_multiple
󰤵	U+F0935	md-account_search_outline
󰤶	U+F0936	md-account_filter
󰤷	U+F0937	md-angle_acute
󰤸	U+F0938	md-angle_obtuse
󰤹	U+F0939	md-angle_right
󰤺	U+F093A	md-animation_play
󰤻	U+F093B	md-arrow_split_horizontal
󰤼	U+F093C	md-arrow_split_vertical
󰤽	U+F093D	md-audio_video
󰤾	U+F093E	md-battery_10_bluetooth
󰤿	U+F093F	md-battery_20_bluetooth
󰥀	U+F0940	md-battery_30_bluetooth
󰥁	U+F0941	md-battery_40_bluetooth
󰥂	U+F0942	md-battery_50_bluetooth
󰥃	U+F0943	md-battery_60_bluetooth
󰥄	U+F0944	md-battery_70_bluetooth
󰥅	U+F0945	md-battery_80_bluetooth
󰥆	U+F0946	md-battery_90_bluetooth
󰥇	U+F0947	md-battery_alert_bluetooth
󰥈	U+F0948	md-battery_bluetooth
󰥉	U+F0949	md-battery_bluetooth_variant
󰥊	U+F094A	md-battery_unknown_bluetooth
󰥋	U+F094B	md-dharmachakra
󰥌	U+F094C	md-calendar_search
󰥍	U+F094D	md-cellphone_remove
󰥎	U+F094E	md-cellphone_key
󰥏	U+F094F	md-cellphone_lock
󰥐	U+F0950	md-cellphone_off
󰥑	U+F0951	md-cellphone_cog
󰥒	U+F0952	md-cellphone_sound
󰥓	U+F0953	md-cross
󰥔	U+F0954	md-clock
󰥕	U+F0955	md-clock_alert
󰥖	U+F0956	md-cloud_search
󰥗	U+F0957	md-cloud_search_outline
󰥘	U+F0958	md-cordova
󰥙	U+F0959	md-cryengine
󰥚	U+F095A	md-cupcake
󰥛	U+F095B	md-sine_wave
󰥜	U+F095C	md-current_dc
󰥝	U+F095D	md-database_import
󰥞	U+F095E	md-database_export
󰥟	U+F095F	md-desk_lamp
󰥠	U+F0960	md-disc_player
󰥡	U+F0961	md-email_search
󰥢	U+F0962	md-email_search_outline
󰥣	U+F0963	md-exponent
󰥤	U+F0964	md-exponent_box
󰥥	U+F0965	md-file_download
󰥦	U+F0966	md-file_download_outline
󰥧	U+F0967	md-firebase
󰥨	U+F0968	md-folder_search
󰥩	U+F0969	md-folder_search_outline
󰥪	U+F096A	md-format_list_checkbox
󰥫	U+F096B	md-fountain
󰥬	U+F096C	md-google_fit
󰥭	U+F096D	md-greater_than
󰥮	U+F096E	md-greater_than_or_equal
󰥯	U+F096F	md-hard_hat
󰥰	U+F0970	md-headphones_bluetooth
󰥱	U+F0971	md-heart_circle
󰥲	U+F0972	md-heart_circle_outline
󰥳	U+F0973	md-om
󰥴	U+F0974	md-home_minus
󰥵	U+F0975	md-home_plus
󰥶	U+F0976	md-image_outline
󰥷	U+F0977	md-image_search
󰥸	U+F0978	md-image_search_outline
󰥹	U+F0979	md-star_crescent
󰥺	U+F097A	md-star_david
󰥻	U+F097B	md-keyboard_outline
󰥼	U+F097C	md-less_than
󰥽	U+F097D	md-less_than_or_equal
󰥾	U+F097E	md-light_switch
󰥿	U+F097F	md-lock_clock
󰦀	U+F0980	md-magnify_close
󰦁	U+F0981	md-map_minus
󰦂	U+F0982	md-map_outline
󰦃	U+F0983	md-map_plus
󰦄	U+F0984	md-map_search
󰦅	U+F0985	md-map_search_outline
󰦆	U+F0986	md-material_design
󰦇	U+F0987	md-medal
󰦈	U+F0988	md-microsoft_dynamics_365
󰦉	U+F0989	md-monitor_cellphone
󰦊	U+F098A	md-monitor_cellphone_star
󰦋	U+F098B	md-mouse_bluetooth
󰦌	U+F098C	md-muffin
󰦍	U+F098D	md-not_equal
󰦎	U+F098E	md-not_equal_variant
󰦏	U+F098F	md-order_bool_ascending_variant
󰦐	U+F0990	md-order_bool_descending_variant
󰦑	U+F0991	md-office_building
󰦒	U+F0992	md-plus_minus
󰦓	U+F0993	md-plus_minus_box
󰦔	U+F0994	md-podcast
󰦕	U+F0995	md-progress_check
󰦖	U+F0996	md-progress_clock
󰦗	U+F0997	md-progress_download
󰦘	U+F0998	md-progress_upload
󰦙	U+F0999	md-qi
󰦚	U+F099A	md-record_player
󰦛	U+F099B	md-restore
󰦜	U+F099C	md-shield_off_outline
󰦝	U+F099D	md-shield_lock
󰦞	U+F099E	md-shield_off
󰦟	U+F099F	md-set_top_box
󰦠	U+F09A0	md-shower
󰦡	U+F09A1	md-shower_head
󰦢	U+F09A2	md-speaker_bluetooth
󰦣	U+F09A3	md-square_root_box
󰦤	U+F09A4	md-star_circle_outline
󰦥	U+F09A5	md-star_face
󰦦	U+F09A6	md-table_merge_cells
󰦧	U+F09A7	md-tablet_cellphone
󰦨	U+F09A8	md-text
󰦩	U+F09A9	md-text_short
󰦪	U+F09AA	md-text_long
󰦫	U+F09AB	md-toilet
󰦬	U+F09AC	md-toolbox
󰦭	U+F09AD	md-toolbox_outline
󰦮	U+F09AE	md-tournament
󰦯	U+F09AF	md-two_factor_authentication
󰦰	U+F09B0	md-umbrella_closed
󰦱	U+F09B1	md-unreal
󰦲	U+F09B2	md-video_minus
󰦳	U+F09B3	md-video_plus
󰦴	U+F09B4	md-volleyball
󰦵	U+F09B5	md-weight_pound
󰦶	U+F09B6	md-whistle
󰦷	U+F09B7	md-arrow_bottom_left_bold_outline
󰦸	U+F09B8	md-arrow_bottom_left_thick
󰦹	U+F09B9	md-arrow_bottom_right_bold_outline
󰦺	U+F09BA	md-arrow_bottom_right_thick
󰦻	U+F09BB	md-arrow_decision
󰦼	U+F09BC	md-arrow_decision_auto
󰦽	U+F09BD	md-arrow_decision_auto_outline
󰦾	U+F09BE	md-arrow_decision_outline
󰦿	U+F09BF	md-arrow_down_bold_outline
󰧀	U+F09C0	md-arrow_left_bold_outline
󰧁	U+F09C1	md-arrow_left_right_bold_outline
󰧂	U+F09C2	md-arrow_right_bold_outline
󰧃	U+F09C3	md-arrow_top_left_bold_outline
󰧄	U+F09C4	md-arrow_top_left_thick
󰧅	U+F09C5	md-arrow_top_right_bold_outline
󰧆	U+F09C6	md-arrow_top_right_thick
󰧇	U+F09C7	md-arrow_up_bold_outline
󰧈	U+F09C8	md-arrow_up_down_bold_outline
󰧉	U+F09C9	md-ballot
󰧊	U+F09CA	md-ballot_outline
󰧋	U+F09CB	md-betamax
󰧌	U+F09CC	md-bookmark_minus
󰧍	U+F09CD	md-bookmark_minus_outline
󰧎	U+F09CE	md-bookmark_off
󰧏	U+F09CF	md-bookmark_off_outline
󰧐	U+F09D0	md-braille
󰧑	U+F09D1	md-brain
󰧒	U+F09D2	md-calendar_heart
󰧓	U+F09D3	md-calendar_star
󰧔	U+F09D4	md-cassette
󰧕	U+F09D5	md-cellphone_arrow_down
󰧖	U+F09D6	md-chevron_down_box
󰧗	U+F09D7	md-chevron_down_box_outline
󰧘	U+F09D8	md-chevron_left_box
󰧙	U+F09D9	md-chevron_left_box_outline
󰧚	U+F09DA	md-chevron_right_box
󰧛	U+F09DB	md-chevron_right_box_outline
󰧜	U+F09DC	md-chevron_up_box
󰧝	U+F09DD	md-chevron_up_box_outline
󰧞	U+F09DE	md-circle_medium
󰧟	U+F09DF	md-circle_small
󰧠	U+F09E0	md-cloud_alert
󰧡	U+F09E1	md-comment_arrow_left
󰧢	U+F09E2	md-comment_arrow_left_outline
󰧣	U+F09E3	md-comment_arrow_right
󰧤	U+F09E4	md-comment_arrow_right_outline
󰧥	U+F09E5	md-comment_plus
󰧦	U+F09E6	md-currency_php
󰧧	U+F09E7	md-delete_outline
󰧨	U+F09E8	md-desktop_mac_dashboard
󰧩	U+F09E9	md-download_multiple
󰧪	U+F09EA	md-eight_track
󰧫	U+F09EB	md-email_plus
󰧬	U+F09EC	md-email_plus_outline
󰧭	U+F09ED	md-text_box_outline
󰧮	U+F09EE	md-file_document_outline
󰧯	U+F09EF	md-floppy_variant
󰧰	U+F09F0	md-flower_outline
󰧱	U+F09F1	md-flower_tulip
󰧲	U+F09F2	md-flower_tulip_outline
󰧳	U+F09F3	md-format_font_size_decrease
󰧴	U+F09F4	md-format_font_size_increase
󰧵	U+F09F5	md-ghost_off
󰧶	U+F09F6	md-google_lens
󰧷	U+F09F7	md-google_spreadsheet
󰧸	U+F09F8	md-image_move
󰧹	U+F09F9	md-keyboard_settings
󰧺	U+F09FA	md-keyboard_settings_outline
󰧻	U+F09FB	md-knife
󰧼	U+F09FC	md-knife_military
󰧽	U+F09FD	md-layers_off_outline
󰧾	U+F09FE	md-layers_outline
󰧿	U+F09FF	md-lighthouse
󰨀	U+F0A00	md-lighthouse_on
󰨁	U+F0A01	md-map_legend
󰨂	U+F0A02	md-menu_left_outline
󰨃	U+F0A03	md-menu_right_outline
󰨄	U+F0A04	md-message_alert_outline
󰨅	U+F0A05	md-mini_sd
󰨆	U+F0A06	md-minidisc
󰨇	U+F0A07	md-monitor_dashboard
󰨈	U+F0A08	md-pirate
󰨉	U+F0A09	md-pokemon_go
󰨊	U+F0A0A	md-powershell
󰨋	U+F0A0B	md-printer_wireless
󰨌	U+F0A0C	md-quality_low
󰨍	U+F0A0D	md-quality_medium
󰨎	U+F0A0E	md-reflect_horizontal
󰨏	U+F0A0F	md-reflect_vertical
󰨐	U+F0A10	md-rhombus_medium
󰨑	U+F0A11	md-rhombus_split
󰨒	U+F0A12	md-shield_account_outline
󰨓	U+F0A13	md-square_medium
󰨔	U+F0A14	md-square_medium_outline
󰨕	U+F0A15	md-square_small
󰨖	U+F0A16	md-subtitles
󰨗	U+F0A17	md-subtitles_outline
󰨘	U+F0A18	md-table_border
󰨙	U+F0A19	md-toggle_switch_off_outline
󰨚	U+F0A1A	md-toggle_switch_outline
󰨛	U+F0A1B	md-vhs
󰨜	U+F0A1C	md-video_vintage
󰨝	U+F0A1D	md-view_dashboard_outline
󰨞	U+F0A1E	md-microsoft_visual_studio_code
󰨟	U+F0A1F	md-vote
󰨠	U+F0A20	md-vote_outline
󰨡	U+F0A21	md-microsoft_windows_classic
󰨢	U+F0A22	md-microsoft_xbox_controller_battery_charging
󰨣	U+F0A23	md-zip_disk
󰨤	U+F0A24	md-aspect_ratio
󰨥	U+F0A25	md-babel
󰨦	U+F0A26	md-balloon
󰨧	U+F0A27	md-bank_transfer
󰨨	U+F0A28	md-bank_transfer_in
󰨩	U+F0A29	md-bank_transfer_out
󰨪	U+F0A2A	md-briefcase_minus
󰨫	U+F0A2B	md-briefcase_plus
󰨬	U+F0A2C	md-briefcase_remove
󰨭	U+F0A2D	md-briefcase_search
󰨮	U+F0A2E	md-bug_check
󰨯	U+F0A2F	md-bug_check_outline
󰨰	U+F0A30	md-bug_outline
󰨱	U+F0A31	md-calendar_alert
󰨲	U+F0A32	md-calendar_multiselect
󰨳	U+F0A33	md-calendar_week
󰨴	U+F0A34	md-calendar_week_begin
󰨵	U+F0A35	md-cellphone_screenshot
󰨶	U+F0A36	md-city_variant
󰨷	U+F0A37	md-city_variant_outline
󰨸	U+F0A38	md-clipboard_text_outline
󰨹	U+F0A39	md-cloud_question
󰨺	U+F0A3A	md-comment_eye
󰨻	U+F0A3B	md-comment_eye_outline
󰨼	U+F0A3C	md-comment_search
󰨽	U+F0A3D	md-comment_search_outline
󰨾	U+F0A3E	md-contain
󰨿	U+F0A3F	md-contain_end
󰩀	U+F0A40	md-contain_start
󰩁	U+F0A41	md-dlna
󰩂	U+F0A42	md-doctor
󰩃	U+F0A43	md-dog
󰩄	U+F0A44	md-dog_side
󰩅	U+F0A45	md-ear_hearing_off
󰩆	U+F0A46	md-engine_off
󰩇	U+F0A47	md-engine_off_outline
󰩈	U+F0A48	md-exit_run
󰩉	U+F0A49	md-feature_search
󰩊	U+F0A4A	md-feature_search_outline
󰩋	U+F0A4B	md-file_alert
󰩌	U+F0A4C	md-file_alert_outline
󰩍	U+F0A4D	md-file_upload
󰩎	U+F0A4E	md-file_upload_outline
󰩏	U+F0A4F	md-hand_front_right
󰩐	U+F0A50	md-hand_okay
󰩑	U+F0A51	md-hand_peace
󰩒	U+F0A52	md-hand_peace_variant
󰩓	U+F0A53	md-hand_pointing_down
󰩔	U+F0A54	md-hand_pointing_left
󰩕	U+F0A55	md-hand_pointing_up
󰩖	U+F0A56	md-heart_multiple
󰩗	U+F0A57	md-heart_multiple_outline
󰩘	U+F0A58	md-horseshoe
󰩙	U+F0A59	md-human_female_boy
󰩚	U+F0A5A	md-human_female_female
󰩛	U+F0A5B	md-human_female_girl
󰩜	U+F0A5C	md-human_male_boy
󰩝	U+F0A5D	md-human_male_girl
󰩞	U+F0A5E	md-human_male_male
󰩟	U+F0A5F	md-ip
󰩠	U+F0A60	md-ip_network
󰩡	U+F0A61	md-litecoin
󰩢	U+F0A62	md-magnify_minus_cursor
󰩣	U+F0A63	md-magnify_plus_cursor
󰩤	U+F0A64	md-menu_swap
󰩥	U+F0A65	md-menu_swap_outline
󰩦	U+F0A66	md-puzzle_outline
󰩧	U+F0A67	md-registered_trademark
󰩨	U+F0A68	md-resize
󰩩	U+F0A69	md-router_wireless_settings
󰩪	U+F0A6A	md-safe
󰩫	U+F0A6B	md-scissors_cutting
󰩬	U+F0A6C	md-select_drag
󰩭	U+F0A6D	md-selection_drag
󰩮	U+F0A6E	md-settings_helper
󰩯	U+F0A6F	md-signal_5g
󰩰	U+F0A70	md-silverware_fork_knife
󰩱	U+F0A71	md-smog
󰩲	U+F0A72	md-solar_power
󰩳	U+F0A73	md-star_box
󰩴	U+F0A74	md-star_box_outline
󰩵	U+F0A75	md-table_plus
󰩶	U+F0A76	md-table_remove
󰩷	U+F0A77	md-target_variant
󰩸	U+F0A78	md-trademark
󰩹	U+F0A79	md-trash_can
󰩺	U+F0A7A	md-trash_can_outline
󰩻	U+F0A7B	md-tshirt_crew
󰩼	U+F0A7C	md-tshirt_v
󰩽	U+F0A7D	md-zodiac_aquarius
󰩾	U+F0A7E	md-zodiac_aries
󰩿	U+F0A7F	md-zodiac_cancer
󰪀	U+F0A80	md-zodiac_capricorn
󰪁	U+F0A81	md-zodiac_gemini
󰪂	U+F0A82	md-zodiac_leo
󰪃	U+F0A83	md-zodiac_libra
󰪄	U+F0A84	md-zodiac_pisces
󰪅	U+F0A85	md-zodiac_sagittarius
󰪆	U+F0A86	md-zodiac_scorpio
󰪇	U+F0A87	md-zodiac_taurus
󰪈	U+F0A88	md-zodiac_virgo
󰪉	U+F0A89	md-account_child
󰪊	U+F0A8A	md-account_child_circle
󰪋	U+F0A8B	md-account_supervisor
󰪌	U+F0A8C	md-account_supervisor_circle
󰪍	U+F0A8D	md-ampersand
󰪎	U+F0A8E	md-web_off
󰪏	U+F0A8F	md-animation_outline
󰪐	U+F0A90	md-animation_play_outline
󰪑	U+F0A91	md-bell_off_outline
󰪒	U+F0A92	md-bell_plus_outline
󰪓	U+F0A93	md-bell_sleep_outline
󰪔	U+F0A94	md-book_minus_multiple
󰪕	U+F0A95	md-book_plus_multiple
󰪖	U+F0A96	md-book_remove_multiple
󰪗	U+F0A97	md-book_remove
󰪘	U+F0A98	md-briefcase_edit
󰪙	U+F0A99	md-bus_alert
󰪚	U+F0A9A	md-calculator_variant
󰪛	U+F0A9B	md-caps_lock
󰪜	U+F0A9C	md-cash_refund
󰪝	U+F0A9D	md-checkbook
󰪞	U+F0A9E	md-circle_slice_1
󰪟	U+F0A9F	md-circle_slice_2
󰪠	U+F0AA0	md-circle_slice_3
󰪡	U+F0AA1	md-circle_slice_4
󰪢	U+F0AA2	md-circle_slice_5
󰪣	U+F0AA3	md-circle_slice_6
󰪤	U+F0AA4	md-circle_slice_7
󰪥	U+F0AA5	md-circle_slice_8
󰪦	U+F0AA6	md-collapse_all
󰪧	U+F0AA7	md-collapse_all_outline
󰪨	U+F0AA8	md-credit_card_refund_outline
󰪩	U+F0AA9	md-database_check
󰪪	U+F0AAA	md-database_lock
󰪫	U+F0AAB	md-desktop_tower_monitor
󰪬	U+F0AAC	md-dishwasher
󰪭	U+F0AAD	md-dog_service
󰪮	U+F0AAE	md-dot_net
󰪯	U+F0AAF	md-egg
󰪰	U+F0AB0	md-egg_easter
󰪱	U+F0AB1	md-email_check
󰪲	U+F0AB2	md-email_check_outline
󰪳	U+F0AB3	md-et
󰪴	U+F0AB4	md-expand_all
󰪵	U+F0AB5	md-expand_all_outline
󰪶	U+F0AB6	md-file_cabinet
󰪷	U+F0AB7	md-text_box_multiple
󰪸	U+F0AB8	md-text_box_multiple_outline
󰪹	U+F0AB9	md-file_move
󰪺	U+F0ABA	md-folder_clock
󰪻	U+F0ABB	md-folder_clock_outline
󰪼	U+F0ABC	md-format_annotation_minus
󰪽	U+F0ABD	md-gesture_pinch
󰪾	U+F0ABE	md-gesture_spread
󰪿	U+F0ABF	md-gesture_swipe_horizontal
󰫀	U+F0AC0	md-gesture_swipe_vertical
󰫁	U+F0AC1	md-hail
󰫂	U+F0AC2	md-helicopter
󰫃	U+F0AC3	md-hexagon_slice_1
󰫄	U+F0AC4	md-hexagon_slice_2
󰫅	U+F0AC5	md-hexagon_slice_3
󰫆	U+F0AC6	md-hexagon_slice_4
󰫇	U+F0AC7	md-hexagon_slice_5
󰫈	U+F0AC8	md-hexagon_slice_6
󰫉	U+F0AC9	md-hexagram
󰫊	U+F0ACA	md-hexagram_outline
󰫋	U+F0ACB	md-label_off
󰫌	U+F0ACC	md-label_off_outline
󰫍	U+F0ACD	md-label_variant
󰫎	U+F0ACE	md-label_variant_outline
󰫏	U+F0ACF	md-language_ruby_on_rails
󰫐	U+F0AD0	md-laravel
󰫑	U+F0AD1	md-mastodon
󰫒	U+F0AD2	md-sort_numeric_descending_variant
󰫓	U+F0AD3	md-minus_circle_multiple_outline
󰫔	U+F0AD4	md-music_circle_outline
󰫕	U+F0AD5	md-pinwheel
󰫖	U+F0AD6	md-pinwheel_outline
󰫗	U+F0AD7	md-radiator_disabled
󰫘	U+F0AD8	md-radiator_off
󰫙	U+F0AD9	md-select_compare
󰫚	U+F0ADA	md-shield_plus
󰫛	U+F0ADB	md-shield_plus_outline
󰫜	U+F0ADC	md-shield_remove
󰫝	U+F0ADD	md-shield_remove_outline
󰫞	U+F0ADE	md-book_plus_multiple_outline
󰫟	U+F0ADF	md-sina_weibo
󰫠	U+F0AE0	md-spray_bottle
󰫡	U+F0AE1	md-squeegee
󰫢	U+F0AE2	md-star_four_points
󰫣	U+F0AE3	md-star_four_points_outline
󰫤	U+F0AE4	md-star_three_points
󰫥	U+F0AE5	md-star_three_points_outline
󰫦	U+F0AE6	md-symfony
󰫧	U+F0AE7	md-variable
󰫨	U+F0AE8	md-vector_bezier
󰫩	U+F0AE9	md-wiper
󰫪	U+F0AEA	md-z_wave
󰫫	U+F0AEB	md-zend
󰫬	U+F0AEC	md-account_minus_outline
󰫭	U+F0AED	md-account_remove_outline
󰫮	U+F0AEE	md-alpha_a
󰫯	U+F0AEF	md-alpha_b
󰫰	U+F0AF0	md-alpha_c
󰫱	U+F0AF1	md-alpha_d
󰫲	U+F0AF2	md-alpha_e
󰫳	U+F0AF3	md-alpha_f
󰫴	U+F0AF4	md-alpha_g
󰫵	U+F0AF5	md-alpha_h
󰫶	U+F0AF6	md-alpha_i
󰫷	U+F0AF7	md-alpha_j
󰫸	U+F0AF8	md-alpha_k
󰫹	U+F0AF9	md-alpha_l
󰫺	U+F0AFA	md-alpha_m
󰫻	U+F0AFB	md-alpha_n
󰫼	U+F0AFC	md-alpha_o
󰫽	U+F0AFD	md-alpha_p
󰫾	U+F0AFE	md-alpha_q
󰫿	U+F0AFF	md-alpha_r
󰬀	U+F0B00	md-alpha_s
󰬁	U+F0B01	md-alpha_t
󰬂	U+F0B02	md-alpha_u
󰬃	U+F0B03	md-alpha_v
󰬄	U+F0B04	md-alpha_w
󰬅	U+F0B05	md-alpha_x
󰬆	U+F0B06	md-alpha_y
󰬇	U+F0B07	md-alpha_z
󰬈	U+F0B08	md-alpha_a_box
󰬉	U+F0B09	md-alpha_b_box
󰬊	U+F0B0A	md-alpha_c_box
󰬋	U+F0B0B	md-alpha_d_box
󰬌	U+F0B0C	md-alpha_e_box
󰬍	U+F0B0D	md-alpha_f_box
󰬎	U+F0B0E	md-alpha_g_box
󰬏	U+F0B0F	md-alpha_h_box
󰬐	U+F0B10	md-alpha_i_box
󰬑	U+F0B11	md-alpha_j_box
󰬒	U+F0B12	md-alpha_k_box
󰬓	U+F0B13	md-alpha_l_box
󰬔	U+F0B14	md-alpha_m_box
󰬕	U+F0B15	md-alpha_n_box
󰬖	U+F0B16	md-alpha_o_box
󰬗	U+F0B17	md-alpha_p_box
󰬘	U+F0B18	md-alpha_q_box
󰬙	U+F0B19	md-alpha_r_box
󰬚	U+F0B1A	md-alpha_s_box
󰬛	U+F0B1B	md-alpha_t_box
󰬜	U+F0B1C	md-alpha_u_box
󰬝	U+F0B1D	md-alpha_v_box
󰬞	U+F0B1E	md-alpha_w_box
󰬟	U+F0B1F	md-alpha_x_box
󰬠	U+F0B20	md-alpha_y_box
󰬡	U+F0B21	md-alpha_z_box
󰬢	U+F0B22	md-bulldozer
󰬣	U+F0B23	md-bullhorn_outline
󰬤	U+F0B24	md-calendar_export
󰬥	U+F0B25	md-calendar_import
󰬦	U+F0B26	md-chevron_down_circle
󰬧	U+F0B27	md-chevron_down_circle_outline
󰬨	U+F0B28	md-chevron_left_circle
󰬩	U+F0B29	md-chevron_left_circle_outline
󰬪	U+F0B2A	md-chevron_right_circle
󰬫	U+F0B2B	md-chevron_right_circle_outline
󰬬	U+F0B2C	md-chevron_up_circle
󰬭	U+F0B2D	md-chevron_up_circle_outline
󰬮	U+F0B2E	md-content_save_settings_outline
󰬯	U+F0B2F	md-crystal_ball
󰬰	U+F0B30	md-ember
󰬱	U+F0B31	md-facebook_workplace
󰬲	U+F0B32	md-file_replace
󰬳	U+F0B33	md-file_replace_outline
󰬴	U+F0B34	md-format_letter_case
󰬵	U+F0B35	md-format_letter_case_lower
󰬶	U+F0B36	md-format_letter_case_upper
󰬷	U+F0B37	md-language_java
󰬸	U+F0B38	md-circle_multiple
󰬹	U+F0B39	md-numeric_0
󰬺	U+F0B3A	md-numeric_1
󰬻	U+F0B3B	md-numeric_2
󰬼	U+F0B3C	md-numeric_3
󰬽	U+F0B3D	md-numeric_4
󰬾	U+F0B3E	md-numeric_5
󰬿	U+F0B3F	md-numeric_6
󰭀	U+F0B40	md-numeric_7
󰭁	U+F0B41	md-numeric_8
󰭂	U+F0B42	md-numeric_9
󰭃	U+F0B43	md-origin
󰭄	U+F0B44	md-resistor
󰭅	U+F0B45	md-resistor_nodes
󰭆	U+F0B46	md-robot_industrial
󰭇	U+F0B47	md-shoe_formal
󰭈	U+F0B48	md-shoe_heel
󰭉	U+F0B49	md-silo
󰭊	U+F0B4A	md-box_cutter_off
󰭋	U+F0B4B	md-tab_minus
󰭌	U+F0B4C	md-tab_remove
󰭍	U+F0B4D	md-tape_measure
󰭎	U+F0B4E	md-telescope
󰭏	U+F0B4F	md-yahoo
󰭐	U+F0B50	md-account_alert_outline
󰭑	U+F0B51	md-account_arrow_left
󰭒	U+F0B52	md-account_arrow_left_outline
󰭓	U+F0B53	md-account_arrow_right
󰭔	U+F0B54	md-account_arrow_right_outline
󰭕	U+F0B55	md-account_circle_outline
󰭖	U+F0B56	md-account_clock
󰭗	U+F0B57	md-account_clock_outline
󰭘	U+F0B58	md-account_group_outline
󰭙	U+F0B59	md-account_question
󰭚	U+F0B5A	md-account_question_outline
󰭛	U+F0B5B	md-artstation
󰭜	U+F0B5C	md-backspace_outline
󰭝	U+F0B5D	md-barley_off
󰭞	U+F0B5E	md-barn
󰭟	U+F0B5F	md-bat
󰭠	U+F0B60	md-application_settings
󰭡	U+F0B61	md-billiards
󰭢	U+F0B62	md-billiards_rack
󰭣	U+F0B63	md-book_open_outline
󰭤	U+F0B64	md-book_outline
󰭥	U+F0B65	md-boxing_glove
󰭦	U+F0B66	md-calendar_blank_outline
󰭧	U+F0B67	md-calendar_outline
󰭨	U+F0B68	md-calendar_range_outline
󰭩	U+F0B69	md-camera_control
󰭪	U+F0B6A	md-camera_enhance_outline
󰭫	U+F0B6B	md-car_door
󰭬	U+F0B6C	md-car_electric
󰭭	U+F0B6D	md-car_key
󰭮	U+F0B6E	md-car_multiple
󰭯	U+F0B6F	md-card
󰭰	U+F0B70	md-card_bulleted
󰭱	U+F0B71	md-card_bulleted_off
󰭲	U+F0B72	md-card_bulleted_off_outline
󰭳	U+F0B73	md-card_bulleted_outline
󰭴	U+F0B74	md-card_bulleted_settings
󰭵	U+F0B75	md-card_bulleted_settings_outline
󰭶	U+F0B76	md-card_outline
󰭷	U+F0B77	md-card_text
󰭸	U+F0B78	md-card_text_outline
󰭹	U+F0B79	md-chat
󰭺	U+F0B7A	md-chat_alert
󰭻	U+F0B7B	md-chat_processing
󰭼	U+F0B7C	md-chef_hat
󰭽	U+F0B7D	md-cloud_download_outline
󰭾	U+F0B7E	md-cloud_upload_outline
󰭿	U+F0B7F	md-coffin
󰮀	U+F0B80	md-compass_off
󰮁	U+F0B81	md-compass_off_outline
󰮂	U+F0B82	md-controller_classic
󰮃	U+F0B83	md-controller_classic_outline
󰮄	U+F0B84	md-cube_scan
󰮅	U+F0B85	md-currency_brl
󰮆	U+F0B86	md-database_edit
󰮇	U+F0B87	md-deathly_hallows
󰮈	U+F0B88	md-delete_circle_outline
󰮉	U+F0B89	md-delete_forever_outline
󰮊	U+F0B8A	md-diamond
󰮋	U+F0B8B	md-diamond_outline
󰮌	U+F0B8C	md-dns_outline
󰮍	U+F0B8D	md-dots_horizontal_circle_outline
󰮎	U+F0B8E	md-dots_vertical_circle_outline
󰮏	U+F0B8F	md-download_outline
󰮐	U+F0B90	md-drag_variant
󰮑	U+F0B91	md-eject_outline
󰮒	U+F0B92	md-email_mark_as_unread
󰮓	U+F0B93	md-export_variant
󰮔	U+F0B94	md-eye_circle
󰮕	U+F0B95	md-eye_circle_outline
󰮖	U+F0B96	md-face_man_outline
󰮗	U+F0B97	md-file_find_outline
󰮘	U+F0B98	md-file_remove
󰮙	U+F0B99	md-flag_minus
󰮚	U+F0B9A	md-flag_plus
󰮛	U+F0B9B	md-flag_remove
󰮜	U+F0B9C	md-folder_account_outline
󰮝	U+F0B9D	md-folder_plus_outline
󰮞	U+F0B9E	md-folder_remove_outline
󰮟	U+F0B9F	md-folder_star_outline
󰮠	U+F0BA0	md-gitlab
󰮡	U+F0BA1	md-gog
󰮢	U+F0BA2	md-grave_stone
󰮣	U+F0BA3	md-halloween
󰮤	U+F0BA4	md-hat_fedora
󰮥	U+F0BA5	md-help_rhombus
󰮦	U+F0BA6	md-help_rhombus_outline
󰮧	U+F0BA7	md-home_variant_outline
󰮨	U+F0BA8	md-inbox_multiple_outline
󰮩	U+F0BA9	md-library_shelves
󰮪	U+F0BAA	md-mapbox
󰮫	U+F0BAB	md-menu_open
󰮬	U+F0BAC	md-molecule
󰮭	U+F0BAD	md-one_up
󰮮	U+F0BAE	md-open_source_initiative
󰮯	U+F0BAF	md-pac_man
󰮰	U+F0BB0	md-page_next
󰮱	U+F0BB1	md-page_next_outline
󰮲	U+F0BB2	md-page_previous
󰮳	U+F0BB3	md-page_previous_outline
󰮴	U+F0BB4	md-pan
󰮵	U+F0BB5	md-pan_bottom_left
󰮶	U+F0BB6	md-pan_bottom_right
󰮷	U+F0BB7	md-pan_down
󰮸	U+F0BB8	md-pan_horizontal
󰮹	U+F0BB9	md-pan_left
󰮺	U+F0BBA	md-pan_right
󰮻	U+F0BBB	md-pan_top_left
󰮼	U+F0BBC	md-pan_top_right
󰮽	U+F0BBD	md-pan_up
󰮾	U+F0BBE	md-pan_vertical
󰮿	U+F0BBF	md-pumpkin
󰯀	U+F0BC0	md-rollupjs
󰯁	U+F0BC1	md-script
󰯂	U+F0BC2	md-script_text
󰯃	U+F0BC3	md-script_text_outline
󰯄	U+F0BC4	md-shield_key
󰯅	U+F0BC5	md-shield_key_outline
󰯆	U+F0BC6	md-skull_crossbones
󰯇	U+F0BC7	md-skull_crossbones_outline
󰯈	U+F0BC8	md-skull_outline
󰯉	U+F0BC9	md-space_invaders
󰯊	U+F0BCA	md-spider_web
󰯋	U+F0BCB	md-view_split_horizontal
󰯌	U+F0BCC	md-view_split_vertical
󰯍	U+F0BCD	md-swap_horizontal_bold
󰯎	U+F0BCE	md-swap_vertical_bold
󰯏	U+F0BCF	md-tag_heart_outline
󰯐	U+F0BD0	md-target_account
󰯑	U+F0BD1	md-timeline
󰯒	U+F0BD2	md-timeline_outline
󰯓	U+F0BD3	md-timeline_text
󰯔	U+F0BD4	md-timeline_text_outline
󰯕	U+F0BD5	md-tooltip_image_outline
󰯖	U+F0BD6	md-tooltip_plus
󰯗	U+F0BD7	md-tooltip_text_outline
󰯘	U+F0BD8	md-train_car
󰯙	U+F0BD9	md-triforce
󰯚	U+F0BDA	md-ubisoft
󰯛	U+F0BDB	md-video_off_outline
󰯜	U+F0BDC	md-video_outline
󰯝	U+F0BDD	md-wallet_outline
󰯞	U+F0BDE	md-waze
󰯟	U+F0BDF	md-wrap_disabled
󰯠	U+F0BE0	md-wrench_outline
󰯡	U+F0BE1	md-access_point_network_off
󰯢	U+F0BE2	md-account_check_outline
󰯣	U+F0BE3	md-account_heart_outline
󰯤	U+F0BE4	md-account_key_outline
󰯥	U+F0BE5	md-account_multiple_minus_outline
󰯦	U+F0BE6	md-account_network_outline
󰯧	U+F0BE7	md-account_off_outline
󰯨	U+F0BE8	md-account_star_outline
󰯩	U+F0BE9	md-airbag
󰯪	U+F0BEA	md-alarm_light_outline
󰯫	U+F0BEB	md-alpha_a_box_outline
󰯬	U+F0BEC	md-alpha_a_circle
󰯭	U+F0BED	md-alpha_a_circle_outline
󰯮	U+F0BEE	md-alpha_b_box_outline
󰯯	U+F0BEF	md-alpha_b_circle
󰯰	U+F0BF0	md-alpha_b_circle_outline
󰯱	U+F0BF1	md-alpha_c_box_outline
󰯲	U+F0BF2	md-alpha_c_circle
󰯳	U+F0BF3	md-alpha_c_circle_outline
󰯴	U+F0BF4	md-alpha_d_box_outline
󰯵	U+F0BF5	md-alpha_d_circle
󰯶	U+F0BF6	md-alpha_d_circle_outline
󰯷	U+F0BF7	md-alpha_e_box_outline
󰯸	U+F0BF8	md-alpha_e_circle
󰯹	U+F0BF9	md-alpha_e_circle_outline
󰯺	U+F0BFA	md-alpha_f_box_outline
󰯻	U+F0BFB	md-alpha_f_circle
󰯼	U+F0BFC	md-alpha_f_circle_outline
󰯽	U+F0BFD	md-alpha_g_box_outline
󰯾	U+F0BFE	md-alpha_g_circle
󰯿	U+F0BFF	md-alpha_g_circle_outline
󰰀	U+F0C00	md-alpha_h_box_outline
󰰁	U+F0C01	md-alpha_h_circle
󰰂	U+F0C02	md-alpha_h_circle_outline
󰰃	U+F0C03	md-alpha_i_box_outline
󰰄	U+F0C04	md-alpha_i_circle
󰰅	U+F0C05	md-alpha_i_circle_outline
󰰆	U+F0C06	md-alpha_j_box_outline
󰰇	U+F0C07	md-alpha_j_circle
󰰈	U+F0C08	md-alpha_j_circle_outline
󰰉	U+F0C09	md-alpha_k_box_outline
󰰊	U+F0C0A	md-alpha_k_circle
󰰋	U+F0C0B	md-alpha_k_circle_outline
󰰌	U+F0C0C	md-alpha_l_box_outline
󰰍	U+F0C0D	md-alpha_l_circle
󰰎	U+F0C0E	md-alpha_l_circle_outline
󰰏	U+F0C0F	md-alpha_m_box_outline
󰰐	U+F0C10	md-alpha_m_circle
󰰑	U+F0C11	md-alpha_m_circle_outline
󰰒	U+F0C12	md-alpha_n_box_outline
󰰓	U+F0C13	md-alpha_n_circle
󰰔	U+F0C14	md-alpha_n_circle_outline
󰰕	U+F0C15	md-alpha_o_box_outline
󰰖	U+F0C16	md-alpha_o_circle
󰰗	U+F0C17	md-alpha_o_circle_outline
󰰘	U+F0C18	md-alpha_p_box_outline
󰰙	U+F0C19	md-alpha_p_circle
󰰚	U+F0C1A	md-alpha_p_circle_outline
󰰛	U+F0C1B	md-alpha_q_box_outline
󰰜	U+F0C1C	md-alpha_q_circle
󰰝	U+F0C1D	md-alpha_q_circle_outline
󰰞	U+F0C1E	md-alpha_r_box_outline
󰰟	U+F0C1F	md-alpha_r_circle
󰰠	U+F0C20	md-alpha_r_circle_outline
󰰡	U+F0C21	md-alpha_s_box_outline
󰰢	U+F0C22	md-alpha_s_circle
󰰣	U+F0C23	md-alpha_s_circle_outline
󰰤	U+F0C24	md-alpha_t_box_outline
󰰥	U+F0C25	md-alpha_t_circle
󰰦	U+F0C26	md-alpha_t_circle_outline
󰰧	U+F0C27	md-alpha_u_box_outline
󰰨	U+F0C28	md-alpha_u_circle
󰰩	U+F0C29	md-alpha_u_circle_outline
󰰪	U+F0C2A	md-alpha_v_box_outline
󰰫	U+F0C2B	md-alpha_v_circle
󰰬	U+F0C2C	md-alpha_v_circle_outline
󰰭	U+F0C2D	md-alpha_w_box_outline
󰰮	U+F0C2E	md-alpha_w_circle
󰰯	U+F0C2F	md-alpha_w_circle_outline
󰰰	U+F0C30	md-alpha_x_box_outline
󰰱	U+F0C31	md-alpha_x_circle
󰰲	U+F0C32	md-alpha_x_circle_outline
󰰳	U+F0C33	md-alpha_y_box_outline
󰰴	U+F0C34	md-alpha_y_circle
󰰵	U+F0C35	md-alpha_y_circle_outline
󰰶	U+F0C36	md-alpha_z_box_outline
󰰷	U+F0C37	md-alpha_z_circle
󰰸	U+F0C38	md-alpha_z_circle_outline
󰰹	U+F0C39	md-ballot_recount
󰰺	U+F0C3A	md-ballot_recount_outline
󰰻	U+F0C3B	md-basketball_hoop
󰰼	U+F0C3C	md-basketball_hoop_outline
󰰽	U+F0C3D	md-briefcase_download_outline
󰰾	U+F0C3E	md-briefcase_edit_outline
󰰿	U+F0C3F	md-briefcase_minus_outline
󰱀	U+F0C40	md-briefcase_plus_outline
󰱁	U+F0C41	md-briefcase_remove_outline
󰱂	U+F0C42	md-briefcase_search_outline
󰱃	U+F0C43	md-briefcase_upload_outline
󰱄	U+F0C44	md-calendar_check_outline
󰱅	U+F0C45	md-calendar_remove_outline
󰱆	U+F0C46	md-calendar_text_outline
󰱇	U+F0C47	md-car_brake_abs
󰱈	U+F0C48	md-car_brake_alert
󰱉	U+F0C49	md-car_esp
󰱊	U+F0C4A	md-car_light_dimmed
󰱋	U+F0C4B	md-car_light_fog
󰱌	U+F0C4C	md-car_light_high
󰱍	U+F0C4D	md-car_tire_alert
󰱎	U+F0C4E	md-cart_arrow_right
󰱏	U+F0C4F	md-charity
󰱐	U+F0C50	md-chart_bell_curve
󰱑	U+F0C51	md-checkbox_multiple_outline
󰱒	U+F0C52	md-checkbox_outline
󰱓	U+F0C53	md-check_network
󰱔	U+F0C54	md-check_network_outline
󰱕	U+F0C55	md-clipboard_account_outline
󰱖	U+F0C56	md-clipboard_arrow_down_outline
󰱗	U+F0C57	md-clipboard_arrow_up
󰱘	U+F0C58	md-clipboard_arrow_up_outline
󰱙	U+F0C59	md-clipboard_play
󰱚	U+F0C5A	md-clipboard_play_outline
󰱛	U+F0C5B	md-clipboard_text_play
󰱜	U+F0C5C	md-clipboard_text_play_outline
󰱝	U+F0C5D	md-close_box_multiple
󰱞	U+F0C5E	md-close_box_multiple_outline
󰱟	U+F0C5F	md-close_network_outline
󰱠	U+F0C60	md-console_network_outline
󰱡	U+F0C61	md-currency_ils
󰱢	U+F0C62	md-delete_sweep_outline
󰱣	U+F0C63	md-diameter
󰱤	U+F0C64	md-diameter_outline
󰱥	U+F0C65	md-diameter_variant
󰱦	U+F0C66	md-download_network_outline
󰱧	U+F0C67	md-dump_truck
󰱨	U+F0C68	md-emoticon
󰱩	U+F0C69	md-emoticon_angry
󰱪	U+F0C6A	md-emoticon_angry_outline
󰱫	U+F0C6B	md-emoticon_cool
󰱬	U+F0C6C	md-emoticon_cry
󰱭	U+F0C6D	md-emoticon_cry_outline
󰱮	U+F0C6E	md-emoticon_dead
󰱯	U+F0C6F	md-emoticon_devil
󰱰	U+F0C70	md-emoticon_excited
󰱱	U+F0C71	md-emoticon_happy
󰱲	U+F0C72	md-emoticon_kiss
󰱳	U+F0C73	md-emoticon_kiss_outline
󰱴	U+F0C74	md-emoticon_neutral
󰱵	U+F0C75	md-emoticon_poop_outline
󰱶	U+F0C76	md-emoticon_sad
󰱷	U+F0C77	md-emoticon_tongue_outline
󰱸	U+F0C78	md-emoticon_wink
󰱹	U+F0C79	md-emoticon_wink_outline
󰱺	U+F0C7A	md-eslint
󰱻	U+F0C7B	md-face_recognition
󰱼	U+F0C7C	md-file_search
󰱽	U+F0C7D	md-file_search_outline
󰱾	U+F0C7E	md-file_table
󰱿	U+F0C7F	md-file_table_outline
󰲀	U+F0C80	md-folder_key_network_outline
󰲁	U+F0C81	md-folder_network_outline
󰲂	U+F0C82	md-folder_text
󰲃	U+F0C83	md-folder_text_outline
󰲄	U+F0C84	md-food_apple_outline
󰲅	U+F0C85	md-fuse
󰲆	U+F0C86	md-fuse_blade
󰲇	U+F0C87	md-google_ads
󰲈	U+F0C88	md-google_street_view
󰲉	U+F0C89	md-hazard_lights
󰲊	U+F0C8A	md-help_network_outline
󰲋	U+F0C8B	md-application_brackets
󰲌	U+F0C8C	md-application_brackets_outline
󰲍	U+F0C8D	md-image_size_select_actual
󰲎	U+F0C8E	md-image_size_select_large
󰲏	U+F0C8F	md-image_size_select_small
󰲐	U+F0C90	md-ip_network_outline
󰲑	U+F0C91	md-ipod
󰲒	U+F0C92	md-language_haskell
󰲓	U+F0C93	md-leaf_maple
󰲔	U+F0C94	md-link_plus
󰲕	U+F0C95	md-map_marker_check
󰲖	U+F0C96	md-math_cos
󰲗	U+F0C97	md-math_sin
󰲘	U+F0C98	md-math_tan
󰲙	U+F0C99	md-microwave
󰲚	U+F0C9A	md-minus_network_outline
󰲛	U+F0C9B	md-network_off
󰲜	U+F0C9C	md-network_off_outline
󰲝	U+F0C9D	md-network_outline
󰲞	U+F0C9E	md-numeric_0_circle
󰲟	U+F0C9F	md-numeric_0_circle_outline
󰲠	U+F0CA0	md-numeric_1_circle
󰲡	U+F0CA1	md-numeric_1_circle_outline
󰲢	U+F0CA2	md-numeric_2_circle
󰲣	U+F0CA3	md-numeric_2_circle_outline
󰲤	U+F0CA4	md-numeric_3_circle
󰲥	U+F0CA5	md-numeric_3_circle_outline
󰲦	U+F0CA6	md-numeric_4_circle
󰲧	U+F0CA7	md-numeric_4_circle_outline
󰲨	U+F0CA8	md-numeric_5_circle
󰲩	U+F0CA9	md-numeric_5_circle_outline
󰲪	U+F0CAA	md-numeric_6_circle
󰲫	U+F0CAB	md-numeric_6_circle_outline
󰲬	U+F0CAC	md-numeric_7_circle
󰲭	U+F0CAD	md-numeric_7_circle_outline
󰲮	U+F0CAE	md-numeric_8_circle
󰲯	U+F0CAF	md-numeric_8_circle_outline
󰲰	U+F0CB0	md-numeric_9_circle
󰲱	U+F0CB1	md-numeric_9_circle_outline
󰲲	U+F0CB2	md-numeric_9_plus_circle
󰲳	U+F0CB3	md-numeric_9_plus_circle_outline
󰲴	U+F0CB4	md-parachute
󰲵	U+F0CB5	md-parachute_outline
󰲶	U+F0CB6	md-pencil_outline
󰲷	U+F0CB7	md-play_network_outline
󰲸	U+F0CB8	md-playlist_music
󰲹	U+F0CB9	md-playlist_music_outline
󰲺	U+F0CBA	md-plus_network_outline
󰲻	U+F0CBB	md-postage_stamp
󰲼	U+F0CBC	md-progress_alert
󰲽	U+F0CBD	md-progress_wrench
󰲾	U+F0CBE	md-radio_am
󰲿	U+F0CBF	md-radio_fm
󰳀	U+F0CC0	md-radius
󰳁	U+F0CC1	md-radius_outline
󰳂	U+F0CC2	md-ruler_square
󰳃	U+F0CC3	md-seat
󰳄	U+F0CC4	md-seat_outline
󰳅	U+F0CC5	md-seatbelt
󰳆	U+F0CC6	md-sheep
󰳇	U+F0CC7	md-shield_airplane_outline
󰳈	U+F0CC8	md-shield_check_outline
󰳉	U+F0CC9	md-shield_cross
󰳊	U+F0CCA	md-shield_cross_outline
󰳋	U+F0CCB	md-shield_home_outline
󰳌	U+F0CCC	md-shield_lock_outline
󰳍	U+F0CCD	md-sort_variant_lock
󰳎	U+F0CCE	md-sort_variant_lock_open
󰳏	U+F0CCF	md-source_repository
󰳐	U+F0CD0	md-source_repository_multiple
󰳑	U+F0CD1	md-spa
󰳒	U+F0CD2	md-spa_outline
󰳓	U+F0CD3	md-toaster_oven
󰳔	U+F0CD4	md-truck_check
󰳕	U+F0CD5	md-turnstile
󰳖	U+F0CD6	md-turnstile_outline
󰳗	U+F0CD7	md-turtle
󰳘	U+F0CD8	md-upload_network_outline
󰳙	U+F0CD9	md-vibrate_off
󰳚	U+F0CDA	md-watch_vibrate_off
󰳛	U+F0CDB	md-arrow_down_circle
󰳜	U+F0CDC	md-arrow_down_circle_outline
󰳝	U+F0CDD	md-arrow_left_circle
󰳞	U+F0CDE	md-arrow_left_circle_outline
󰳟	U+F0CDF	md-arrow_right_circle
󰳠	U+F0CE0	md-arrow_right_circle_outline
󰳡	U+F0CE1	md-arrow_up_circle
󰳢	U+F0CE2	md-arrow_up_circle_outline
󰳣	U+F0CE3	md-account_tie
󰳤	U+F0CE4	md-alert_box_outline
󰳥	U+F0CE5	md-alert_decagram_outline
󰳦	U+F0CE6	md-alert_octagon_outline
󰳧	U+F0CE7	md-alert_octagram_outline
󰳨	U+F0CE8	md-ammunition
󰳩	U+F0CE9	md-account_music_outline
󰳪	U+F0CEA	md-beaker
󰳫	U+F0CEB	md-blender
󰳬	U+F0CEC	md-blood_bag
󰳭	U+F0CED	md-cross_bolnisi
󰳮	U+F0CEE	md-bread_slice
󰳯	U+F0CEF	md-bread_slice_outline
󰳰	U+F0CF0	md-briefcase_account
󰳱	U+F0CF1	md-briefcase_account_outline
󰳲	U+F0CF2	md-brightness_percent
󰳳	U+F0CF3	md-bullet
󰳴	U+F0CF4	md-cash_register
󰳵	U+F0CF5	md-cross_celtic
󰳶	U+F0CF6	md-cross_outline
󰳷	U+F0CF7	md-clipboard_alert_outline
󰳸	U+F0CF8	md-clipboard_arrow_left_outline
󰳹	U+F0CF9	md-clipboard_arrow_right
󰳺	U+F0CFA	md-clipboard_arrow_right_outline
󰳻	U+F0CFB	md-content_save_edit
󰳼	U+F0CFC	md-content_save_edit_outline
󰳽	U+F0CFD	md-cursor_default_click
󰳾	U+F0CFE	md-cursor_default_click_outline
󰳿	U+F0CFF	md-database_sync
󰴀	U+F0D00	md-database_remove
󰴁	U+F0D01	md-database_settings
󰴂	U+F0D02	md-drama_masks
󰴃	U+F0D03	md-email_box
󰴄	U+F0D04	md-eye_check
󰴅	U+F0D05	md-eye_check_outline
󰴆	U+F0D06	md-fast_forward_30
󰴇	U+F0D07	md-order_alphabetical_descending
󰴈	U+F0D08	md-flower_poppy
󰴉	U+F0D09	md-folder_pound
󰴊	U+F0D0A	md-folder_pound_outline
󰴋	U+F0D0B	md-folder_sync
󰴌	U+F0D0C	md-folder_sync_outline
󰴍	U+F0D0D	md-format_list_numbered_rtl
󰴎	U+F0D0E	md-format_text_wrapping_clip
󰴏	U+F0D0F	md-format_text_wrapping_overflow
󰴐	U+F0D10	md-format_text_wrapping_wrap
󰴑	U+F0D11	md-format_textbox
󰴒	U+F0D12	md-fountain_pen
󰴓	U+F0D13	md-fountain_pen_tip
󰴔	U+F0D14	md-heart_broken_outline
󰴕	U+F0D15	md-home_city
󰴖	U+F0D16	md-home_city_outline
󰴗	U+F0D17	md-hubspot
󰴘	U+F0D18	md-filmstrip_box_multiple
󰴙	U+F0D19	md-play_box_multiple
󰴚	U+F0D1A	md-link_box
󰴛	U+F0D1B	md-link_box_outline
󰴜	U+F0D1C	md-link_box_variant
󰴝	U+F0D1D	md-link_box_variant_outline
󰴞	U+F0D1E	md-map_clock
󰴟	U+F0D1F	md-map_clock_outline
󰴠	U+F0D20	md-map_marker_path
󰴡	U+F0D21	md-mother_nurse
󰴢	U+F0D22	md-microsoft_outlook
󰴣	U+F0D23	md-perspective_less
󰴤	U+F0D24	md-perspective_more
󰴥	U+F0D25	md-podium
󰴦	U+F0D26	md-podium_bronze
󰴧	U+F0D27	md-podium_gold
󰴨	U+F0D28	md-podium_silver
󰴩	U+F0D29	md-quora
󰴪	U+F0D2A	md-rewind_10
󰴫	U+F0D2B	md-roller_skate
󰴬	U+F0D2C	md-rollerblade
󰴭	U+F0D2D	md-language_ruby
󰴮	U+F0D2E	md-sack
󰴯	U+F0D2F	md-sack_percent
󰴰	U+F0D30	md-safety_goggles
󰴱	U+F0D31	md-select_color
󰴲	U+F0D32	md-selection_ellipse
󰴳	U+F0D33	md-shield_link_variant
󰴴	U+F0D34	md-shield_link_variant_outline
󰴵	U+F0D35	md-skate
󰴶	U+F0D36	md-skew_less
󰴷	U+F0D37	md-skew_more
󰴸	U+F0D38	md-speaker_multiple
󰴹	U+F0D39	md-stamper
󰴺	U+F0D3A	md-tank
󰴻	U+F0D3B	md-tortoise
󰴼	U+F0D3C	md-transit_connection
󰴽	U+F0D3D	md-transit_connection_variant
󰴾	U+F0D3E	md-transmission_tower
󰴿	U+F0D3F	md-weight_gram
󰵀	U+F0D40	md-youtube_subscription
󰵁	U+F0D41	md-zigbee
󰵂	U+F0D42	md-email_alert_outline
󰵃	U+F0D43	md-air_filter
󰵄	U+F0D44	md-air_purifier
󰵅	U+F0D45	md-android_messages
󰵆	U+F0D46	md-apps_box
󰵇	U+F0D47	md-atm
󰵈	U+F0D48	md-axis
󰵉	U+F0D49	md-axis_arrow
󰵊	U+F0D4A	md-axis_arrow_lock
󰵋	U+F0D4B	md-axis_lock
󰵌	U+F0D4C	md-axis_x_arrow
󰵍	U+F0D4D	md-axis_x_arrow_lock
󰵎	U+F0D4E	md-axis_x_rotate_clockwise
󰵏	U+F0D4F	md-axis_x_rotate_counterclockwise
󰵐	U+F0D50	md-axis_x_y_arrow_lock
󰵑	U+F0D51	md-axis_y_arrow
󰵒	U+F0D52	md-axis_y_arrow_lock
󰵓	U+F0D53	md-axis_y_rotate_clockwise
󰵔	U+F0D54	md-axis_y_rotate_counterclockwise
󰵕	U+F0D55	md-axis_z_arrow
󰵖	U+F0D56	md-axis_z_arrow_lock
󰵗	U+F0D57	md-axis_z_rotate_clockwise
󰵘	U+F0D58	md-axis_z_rotate_counterclockwise
󰵙	U+F0D59	md-bell_alert
󰵚	U+F0D5A	md-bell_circle
󰵛	U+F0D5B	md-bell_circle_outline
󰵜	U+F0D5C	md-calendar_minus
󰵝	U+F0D5D	md-camera_outline
󰵞	U+F0D5E	md-car_brake_hold
󰵟	U+F0D5F	md-car_brake_parking
󰵠	U+F0D60	md-car_cruise_control
󰵡	U+F0D61	md-car_defrost_front
󰵢	U+F0D62	md-car_defrost_rear
󰵣	U+F0D63	md-car_parking_lights
󰵤	U+F0D64	md-car_traction_control
󰵥	U+F0D65	md-bag_carry_on_check
󰵦	U+F0D66	md-cart_arrow_down
󰵧	U+F0D67	md-cart_arrow_up
󰵨	U+F0D68	md-cart_minus
󰵩	U+F0D69	md-cart_remove
󰵪	U+F0D6A	md-contactless_payment
󰵫	U+F0D6B	md-creative_commons
󰵬	U+F0D6C	md-credit_card_wireless_outline
󰵭	U+F0D6D	md-cricket
󰵮	U+F0D6E	md-dev_to
󰵯	U+F0D6F	md-domain_off
󰵰	U+F0D70	md-face_agent
󰵱	U+F0D71	md-fast_forward_10
󰵲	U+F0D72	md-flare
󰵳	U+F0D73	md-format_text_rotation_down
󰵴	U+F0D74	md-format_text_rotation_none
󰵵	U+F0D75	md-forwardburger
󰵶	U+F0D76	md-gesture_swipe
󰵷	U+F0D77	md-gesture_tap_hold
󰵸	U+F0D78	md-file_gif_box
󰵹	U+F0D79	md-go_kart
󰵺	U+F0D7A	md-go_kart_track
󰵻	U+F0D7B	md-goodreads
󰵼	U+F0D7C	md-grain
󰵽	U+F0D7D	md-hdr
󰵾	U+F0D7E	md-hdr_off
󰵿	U+F0D7F	md-hiking
󰶀	U+F0D80	md-home_floor_1
󰶁	U+F0D81	md-home_floor_2
󰶂	U+F0D82	md-home_floor_3
󰶃	U+F0D83	md-home_floor_a
󰶄	U+F0D84	md-home_floor_b
󰶅	U+F0D85	md-home_floor_g
󰶆	U+F0D86	md-home_floor_l
󰶇	U+F0D87	md-kabaddi
󰶈	U+F0D88	md-mailbox_open
󰶉	U+F0D89	md-mailbox_open_outline
󰶊	U+F0D8A	md-mailbox_open_up
󰶋	U+F0D8B	md-mailbox_open_up_outline
󰶌	U+F0D8C	md-mailbox_outline
󰶍	U+F0D8D	md-mailbox_up
󰶎	U+F0D8E	md-mailbox_up_outline
󰶏	U+F0D8F	md-mixed_martial_arts
󰶐	U+F0D90	md-monitor_off
󰶑	U+F0D91	md-motion_sensor
󰶒	U+F0D92	md-point_of_sale
󰶓	U+F0D93	md-racing_helmet
󰶔	U+F0D94	md-racquetball
󰶕	U+F0D95	md-restart_off
󰶖	U+F0D96	md-rewind_30
󰶗	U+F0D97	md-room_service_outline
󰶘	U+F0D98	md-rotate_orbit
󰶙	U+F0D99	md-rugby
󰶚	U+F0D9A	md-shield_search
󰶛	U+F0D9B	md-solar_panel
󰶜	U+F0D9C	md-solar_panel_large
󰶝	U+F0D9D	md-subway_alert_variant
󰶞	U+F0D9E	md-tea
󰶟	U+F0D9F	md-tea_outline
󰶠	U+F0DA0	md-tennis
󰶡	U+F0DA1	md-transfer_down
󰶢	U+F0DA2	md-transfer_left
󰶣	U+F0DA3	md-transfer_up
󰶤	U+F0DA4	md-trophy_broken
󰶥	U+F0DA5	md-wind_turbine
󰶦	U+F0DA6	md-wiper_wash
󰶧	U+F0DA7	md-badge_account
󰶨	U+F0DA8	md-badge_account_alert
󰶩	U+F0DA9	md-badge_account_alert_outline
󰶪	U+F0DAA	md-badge_account_outline
󰶫	U+F0DAB	md-card_account_details_outline
󰶬	U+F0DAC	md-air_horn
󰶭	U+F0DAD	md-application_export
󰶮	U+F0DAE	md-application_import
󰶯	U+F0DAF	md-bandage
󰶰	U+F0DB0	md-bank_minus
󰶱	U+F0DB1	md-bank_plus
󰶲	U+F0DB2	md-bank_remove
󰶳	U+F0DB3	md-bolt
󰶴	U+F0DB4	md-bugle
󰶵	U+F0DB5	md-cactus
󰶶	U+F0DB6	md-camera_wireless
󰶷	U+F0DB7	md-camera_wireless_outline
󰶸	U+F0DB8	md-cash_marker
󰶹	U+F0DB9	md-chevron_triple_down
󰶺	U+F0DBA	md-chevron_triple_left
󰶻	U+F0DBB	md-chevron_triple_right
󰶼	U+F0DBC	md-chevron_triple_up
󰶽	U+F0DBD	md-closed_caption_outline
󰶾	U+F0DBE	md-credit_card_marker_outline
󰶿	U+F0DBF	md-diving_flippers
󰷀	U+F0DC0	md-diving_helmet
󰷁	U+F0DC1	md-diving_scuba
󰷂	U+F0DC2	md-diving_scuba_flag
󰷃	U+F0DC3	md-diving_scuba_tank
󰷄	U+F0DC4	md-diving_scuba_tank_multiple
󰷅	U+F0DC5	md-diving_snorkel
󰷆	U+F0DC6	md-file_cancel
󰷇	U+F0DC7	md-file_cancel_outline
󰷈	U+F0DC8	md-file_document_edit
󰷉	U+F0DC9	md-file_document_edit_outline
󰷊	U+F0DCA	md-file_eye
󰷋	U+F0DCB	md-file_eye_outline
󰷌	U+F0DCC	md-folder_alert
󰷍	U+F0DCD	md-folder_alert_outline
󰷎	U+F0DCE	md-folder_edit_outline
󰷏	U+F0DCF	md-folder_open_outline
󰷐	U+F0DD0	md-format_list_bulleted_square
󰷑	U+F0DD1	md-gantry_crane
󰷒	U+F0DD2	md-home_floor_0
󰷓	U+F0DD3	md-home_floor_negative_1
󰷔	U+F0DD4	md-home_group
󰷕	U+F0DD5	md-jabber
󰷖	U+F0DD6	md-key_outline
󰷗	U+F0DD7	md-leak
󰷘	U+F0DD8	md-leak_off
󰷙	U+F0DD9	md-marker_cancel
󰷚	U+F0DDA	md-mine
󰷛	U+F0DDB	md-monitor_lock
󰷜	U+F0DDC	md-monitor_star
󰷝	U+F0DDD	md-movie_outline
󰷞	U+F0DDE	md-music_note_plus
󰷟	U+F0DDF	md-nail
󰷠	U+F0DE0	md-ocarina
󰷡	U+F0DE1	md-passport_biometric
󰷢	U+F0DE2	md-pen_lock
󰷣	U+F0DE3	md-pen_minus
󰷤	U+F0DE4	md-pen_off
󰷥	U+F0DE5	md-pen_plus
󰷦	U+F0DE6	md-pen_remove
󰷧	U+F0DE7	md-pencil_lock_outline
󰷨	U+F0DE8	md-pencil_minus
󰷩	U+F0DE9	md-pencil_minus_outline
󰷪	U+F0DEA	md-pencil_off_outline
󰷫	U+F0DEB	md-pencil_plus
󰷬	U+F0DEC	md-pencil_plus_outline
󰷭	U+F0DED	md-pencil_remove
󰷮	U+F0DEE	md-pencil_remove_outline
󰷯	U+F0DEF	md-phone_off
󰷰	U+F0DF0	md-phone_outline
󰷱	U+F0DF1	md-pi_hole
󰷲	U+F0DF2	md-playlist_star
󰷳	U+F0DF3	md-screw_flat_top
󰷴	U+F0DF4	md-screw_lag
󰷵	U+F0DF5	md-screw_machine_flat_top
󰷶	U+F0DF6	md-screw_machine_round_top
󰷷	U+F0DF7	md-screw_round_top
󰷸	U+F0DF8	md-send_circle
󰷹	U+F0DF9	md-send_circle_outline
󰷺	U+F0DFA	md-shoe_print
󰷻	U+F0DFB	md-signature
󰷼	U+F0DFC	md-signature_freehand
󰷽	U+F0DFD	md-signature_image
󰷾	U+F0DFE	md-signature_text
󰷿	U+F0DFF	md-slope_downhill
󰸀	U+F0E00	md-slope_uphill
󰸁	U+F0E01	md-thermometer_alert
󰸂	U+F0E02	md-thermometer_chevron_down
󰸃	U+F0E03	md-thermometer_chevron_up
󰸄	U+F0E04	md-thermometer_minus
󰸅	U+F0E05	md-thermometer_plus
󰸆	U+F0E06	md-translate_off
󰸇	U+F0E07	md-upload_outline
󰸈	U+F0E08	md-volume_variant_off
󰸉	U+F0E09	md-wallpaper
󰸊	U+F0E0A	md-water_outline
󰸋	U+F0E0B	md-wifi_star
󰸌	U+F0E0C	md-palette_outline
󰸍	U+F0E0D	md-badge_account_horizontal
󰸎	U+F0E0E	md-badge_account_horizontal_outline
󰸏	U+F0E0F	md-aws
󰸐	U+F0E10	md-bag_personal
󰸑	U+F0E11	md-bag_personal_off
󰸒	U+F0E12	md-bag_personal_off_outline
󰸓	U+F0E13	md-bag_personal_outline
󰸔	U+F0E14	md-biathlon
󰸕	U+F0E15	md-bookmark_multiple
󰸖	U+F0E16	md-bookmark_multiple_outline
󰸗	U+F0E17	md-calendar_month
󰸘	U+F0E18	md-calendar_month_outline
󰸙	U+F0E19	md-camera_retake
󰸚	U+F0E1A	md-camera_retake_outline
󰸛	U+F0E1B	md-car_back
󰸜	U+F0E1C	md-car_off
󰸝	U+F0E1D	md-cast_education
󰸞	U+F0E1E	md-check_bold
󰸟	U+F0E1F	md-check_underline
󰸠	U+F0E20	md-check_underline_circle
󰸡	U+F0E21	md-check_underline_circle_outline
󰸢	U+F0E22	md-circular_saw
󰸣	U+F0E23	md-comma
󰸤	U+F0E24	md-comma_box_outline
󰸥	U+F0E25	md-comma_circle
󰸦	U+F0E26	md-comma_circle_outline
󰸧	U+F0E27	md-content_save_move
󰸨	U+F0E28	md-content_save_move_outline
󰸩	U+F0E29	md-file_check_outline
󰸪	U+F0E2A	md-file_music_outline
󰸫	U+F0E2B	md-comma_box
󰸬	U+F0E2C	md-file_video_outline
󰸭	U+F0E2D	md-file_png_box
󰸮	U+F0E2E	md-fireplace
󰸯	U+F0E2F	md-fireplace_off
󰸰	U+F0E30	md-firework
󰸱	U+F0E31	md-format_color_highlight
󰸲	U+F0E32	md-format_text_variant
󰸳	U+F0E33	md-gamepad_circle
󰸴	U+F0E34	md-gamepad_circle_down
󰸵	U+F0E35	md-gamepad_circle_left
󰸶	U+F0E36	md-gamepad_circle_outline
󰸷	U+F0E37	md-gamepad_circle_right
󰸸	U+F0E38	md-gamepad_circle_up
󰸹	U+F0E39	md-gamepad_down
󰸺	U+F0E3A	md-gamepad_left
󰸻	U+F0E3B	md-gamepad_right
󰸼	U+F0E3C	md-gamepad_round
󰸽	U+F0E3D	md-gamepad_round_down
󰸾	U+F0E3E	md-gamepad_round_left
󰸿	U+F0E3F	md-gamepad_round_outline
󰹀	U+F0E40	md-gamepad_round_right
󰹁	U+F0E41	md-gamepad_round_up
󰹂	U+F0E42	md-gamepad_up
󰹃	U+F0E43	md-gatsby
󰹄	U+F0E44	md-gift
󰹅	U+F0E45	md-grill
󰹆	U+F0E46	md-hand_back_left
󰹇	U+F0E47	md-hand_back_right
󰹈	U+F0E48	md-hand_saw
󰹉	U+F0E49	md-image_frame
󰹊	U+F0E4A	md-invert_colors_off
󰹋	U+F0E4B	md-keyboard_off_outline
󰹌	U+F0E4C	md-layers_minus
󰹍	U+F0E4D	md-layers_plus
󰹎	U+F0E4E	md-layers_remove
󰹏	U+F0E4F	md-lightbulb_off
󰹐	U+F0E50	md-lightbulb_off_outline
󰹑	U+F0E51	md-monitor_screenshot
󰹒	U+F0E52	md-ice_cream_off
󰹓	U+F0E53	md-nfc_search_variant
󰹔	U+F0E54	md-nfc_variant_off
󰹕	U+F0E55	md-notebook_multiple
󰹖	U+F0E56	md-hoop_house
󰹗	U+F0E57	md-picture_in_picture_bottom_right
󰹘	U+F0E58	md-picture_in_picture_bottom_right_outline
󰹙	U+F0E59	md-picture_in_picture_top_right
󰹚	U+F0E5A	md-picture_in_picture_top_right_outline
󰹛	U+F0E5B	md-printer_3d_nozzle
󰹜	U+F0E5C	md-printer_3d_nozzle_outline
󰹝	U+F0E5D	md-printer_off
󰹞	U+F0E5E	md-rectangle
󰹟	U+F0E5F	md-rectangle_outline
󰹠	U+F0E60	md-rivet
󰹡	U+F0E61	md-saw_blade
󰹢	U+F0E62	md-seed
󰹣	U+F0E63	md-seed_outline
󰹤	U+F0E64	md-signal_distance_variant
󰹥	U+F0E65	md-spade
󰹦	U+F0E66	md-sprout
󰹧	U+F0E67	md-sprout_outline
󰹨	U+F0E68	md-table_tennis
󰹩	U+F0E69	md-tree_outline
󰹪	U+F0E6A	md-view_comfy
󰹫	U+F0E6B	md-view_compact
󰹬	U+F0E6C	md-view_compact_outline
󰹭	U+F0E6D	md-vuetify
󰹮	U+F0E6E	md-weather_cloudy_arrow_right
󰹯	U+F0E6F	md-microsoft_xbox_controller_menu
󰹰	U+F0E70	md-microsoft_xbox_controller_view
󰹱	U+F0E71	md-alarm_note
󰹲	U+F0E72	md-alarm_note_off
󰹳	U+F0E73	md-arrow_left_right
󰹴	U+F0E74	md-arrow_left_right_bold
󰹵	U+F0E75	md-arrow_top_left_bottom_right
󰹶	U+F0E76	md-arrow_top_left_bottom_right_bold
󰹷	U+F0E77	md-arrow_top_right_bottom_left
󰹸	U+F0E78	md-arrow_top_right_bottom_left_bold
󰹹	U+F0E79	md-arrow_up_down
󰹺	U+F0E7A	md-arrow_up_down_bold
󰹻	U+F0E7B	md-atom_variant
󰹼	U+F0E7C	md-baby_face
󰹽	U+F0E7D	md-baby_face_outline
󰹾	U+F0E7E	md-backspace_reverse
󰹿	U+F0E7F	md-backspace_reverse_outline
󰺀	U+F0E80	md-bank_outline
󰺁	U+F0E81	md-bell_alert_outline
󰺂	U+F0E82	md-book_play
󰺃	U+F0E83	md-book_play_outline
󰺄	U+F0E84	md-book_search
󰺅	U+F0E85	md-book_search_outline
󰺆	U+F0E86	md-boom_gate
󰺇	U+F0E87	md-boom_gate_alert
󰺈	U+F0E88	md-boom_gate_alert_outline
󰺉	U+F0E89	md-boom_gate_arrow_down
󰺊	U+F0E8A	md-boom_gate_arrow_down_outline
󰺋	U+F0E8B	md-boom_gate_outline
󰺌	U+F0E8C	md-boom_gate_arrow_up
󰺍	U+F0E8D	md-boom_gate_arrow_up_outline
󰺎	U+F0E8E	md-calendar_sync
󰺏	U+F0E8F	md-calendar_sync_outline
󰺐	U+F0E90	md-cellphone_nfc
󰺑	U+F0E91	md-chart_areaspline_variant
󰺒	U+F0E92	md-chart_scatter_plot
󰺓	U+F0E93	md-chart_timeline_variant
󰺔	U+F0E94	md-chart_tree
󰺕	U+F0E95	md-circle_double
󰺖	U+F0E96	md-circle_expand
󰺗	U+F0E97	md-clock_digital
󰺘	U+F0E98	md-card_account_mail_outline
󰺙	U+F0E99	md-card_account_phone
󰺚	U+F0E9A	md-card_account_phone_outline
󰺛	U+F0E9B	md-account_cowboy_hat
󰺜	U+F0E9C	md-currency_rial
󰺝	U+F0E9D	md-delete_empty_outline
󰺞	U+F0E9E	md-dolly
󰺟	U+F0E9F	md-electric_switch
󰺠	U+F0EA0	md-ellipse
󰺡	U+F0EA1	md-ellipse_outline
󰺢	U+F0EA2	md-equalizer
󰺣	U+F0EA3	md-equalizer_outline
󰺤	U+F0EA4	md-ferris_wheel
󰺥	U+F0EA5	md-file_delimited_outline
󰺦	U+F0EA6	md-text_box_check
󰺧	U+F0EA7	md-text_box_check_outline
󰺨	U+F0EA8	md-text_box_minus
󰺩	U+F0EA9	md-text_box_minus_outline
󰺪	U+F0EAA	md-text_box_plus
󰺫	U+F0EAB	md-text_box_plus_outline
󰺬	U+F0EAC	md-text_box_remove
󰺭	U+F0EAD	md-text_box_remove_outline
󰺮	U+F0EAE	md-text_box_search
󰺯	U+F0EAF	md-text_box_search_outline
󰺰	U+F0EB0	md-file_image_outline
󰺱	U+F0EB1	md-fingerprint_off
󰺲	U+F0EB2	md-format_list_bulleted_triangle
󰺳	U+F0EB3	md-format_overline
󰺴	U+F0EB4	md-frequently_asked_questions
󰺵	U+F0EB5	md-gamepad_square
󰺶	U+F0EB6	md-gamepad_square_outline
󰺷	U+F0EB7	md-gamepad_variant_outline
󰺸	U+F0EB8	md-gas_station_outline
󰺹	U+F0EB9	md-google_podcast
󰺺	U+F0EBA	md-home_analytics
󰺻	U+F0EBB	md-mail
󰺼	U+F0EBC	md-map_check
󰺽	U+F0EBD	md-map_check_outline
󰺾	U+F0EBE	md-ruler_square_compass
󰺿	U+F0EBF	md-notebook_outline
󰻀	U+F0EC0	md-penguin
󰻁	U+F0EC1	md-radioactive_off
󰻂	U+F0EC2	md-record_circle
󰻃	U+F0EC3	md-record_circle_outline
󰻄	U+F0EC4	md-remote_off
󰻅	U+F0EC5	md-remote_tv
󰻆	U+F0EC6	md-remote_tv_off
󰻇	U+F0EC7	md-rotate_3d
󰻈	U+F0EC8	md-sail_boat
󰻉	U+F0EC9	md-scatter_plot
󰻊	U+F0ECA	md-scatter_plot_outline
󰻋	U+F0ECB	md-segment
󰻌	U+F0ECC	md-shield_alert
󰻍	U+F0ECD	md-shield_alert_outline
󰻎	U+F0ECE	md-tablet_dashboard
󰻏	U+F0ECF	md-television_play
󰻐	U+F0ED0	md-unicode
󰻑	U+F0ED1	md-video_3d_variant
󰻒	U+F0ED2	md-video_wireless
󰻓	U+F0ED3	md-video_wireless_outline
󰻔	U+F0ED4	md-account_voice_off
󰻕	U+F0ED5	md-bacteria
󰻖	U+F0ED6	md-bacteria_outline
󰻗	U+F0ED7	md-calendar_account
󰻘	U+F0ED8	md-calendar_account_outline
󰻙	U+F0ED9	md-calendar_weekend
󰻚	U+F0EDA	md-calendar_weekend_outline
󰻛	U+F0EDB	md-camera_plus
󰻜	U+F0EDC	md-camera_plus_outline
󰻝	U+F0EDD	md-campfire
󰻞	U+F0EDE	md-chat_outline
󰻟	U+F0EDF	md-cpu_32_bit
󰻠	U+F0EE0	md-cpu_64_bit
󰻡	U+F0EE1	md-credit_card_clock
󰻢	U+F0EE2	md-credit_card_clock_outline
󰻣	U+F0EE3	md-email_edit
󰻤	U+F0EE4	md-email_edit_outline
󰻥	U+F0EE5	md-email_minus
󰻦	U+F0EE6	md-email_minus_outline
󰻧	U+F0EE7	md-email_multiple
󰻨	U+F0EE8	md-email_multiple_outline
󰻩	U+F0EE9	md-email_open_multiple
󰻪	U+F0EEA	md-email_open_multiple_outline
󰻫	U+F0EEB	md-file_cad
󰻬	U+F0EEC	md-file_cad_box
󰻭	U+F0EED	md-file_plus_outline
󰻮	U+F0EEE	md-filter_minus
󰻯	U+F0EEF	md-filter_minus_outline
󰻰	U+F0EF0	md-filter_plus
󰻱	U+F0EF1	md-filter_plus_outline
󰻲	U+F0EF2	md-fire_extinguisher
󰻳	U+F0EF3	md-fishbowl
󰻴	U+F0EF4	md-fishbowl_outline
󰻵	U+F0EF5	md-fit_to_page
󰻶	U+F0EF6	md-fit_to_page_outline
󰻷	U+F0EF7	md-flash_alert
󰻸	U+F0EF8	md-flash_alert_outline
󰻹	U+F0EF9	md-heart_flash
󰻺	U+F0EFA	md-home_flood
󰻻	U+F0EFB	md-human_male_height
󰻼	U+F0EFC	md-human_male_height_variant
󰻽	U+F0EFD	md-ice_pop
󰻾	U+F0EFE	md-identifier
󰻿	U+F0EFF	md-image_filter_center_focus_strong
󰼀	U+F0F00	md-image_filter_center_focus_strong_outline
󰼁	U+F0F01	md-jellyfish
󰼂	U+F0F02	md-jellyfish_outline
󰼃	U+F0F03	md-lasso
󰼄	U+F0F04	md-music_box_multiple_outline
󰼅	U+F0F05	md-map_marker_alert
󰼆	U+F0F06	md-map_marker_alert_outline
󰼇	U+F0F07	md-map_marker_question
󰼈	U+F0F08	md-map_marker_question_outline
󰼉	U+F0F09	md-map_marker_remove
󰼊	U+F0F0A	md-map_marker_remove_variant
󰼋	U+F0F0B	md-necklace
󰼌	U+F0F0C	md-newspaper_minus
󰼍	U+F0F0D	md-newspaper_plus
󰼎	U+F0F0E	md-numeric_0_box_multiple
󰼏	U+F0F0F	md-numeric_1_box_multiple
󰼐	U+F0F10	md-numeric_2_box_multiple
󰼑	U+F0F11	md-numeric_3_box_multiple
󰼒	U+F0F12	md-numeric_4_box_multiple
󰼓	U+F0F13	md-numeric_5_box_multiple
󰼔	U+F0F14	md-numeric_6_box_multiple
󰼕	U+F0F15	md-numeric_7_box_multiple
󰼖	U+F0F16	md-numeric_8_box_multiple
󰼗	U+F0F17	md-numeric_9_box_multiple
󰼘	U+F0F18	md-numeric_9_plus_box_multiple
󰼙	U+F0F19	md-oil_lamp
󰼚	U+F0F1A	md-phone_alert
󰼛	U+F0F1B	md-play_outline
󰼜	U+F0F1C	md-purse
󰼝	U+F0F1D	md-purse_outline
󰼞	U+F0F1E	md-railroad_light
󰼟	U+F0F1F	md-reply_all_outline
󰼠	U+F0F20	md-reply_outline
󰼡	U+F0F21	md-rss_off
󰼢	U+F0F22	md-selection_ellipse_arrow_inside
󰼣	U+F0F23	md-share_off
󰼤	U+F0F24	md-share_off_outline
󰼥	U+F0F25	md-skip_backward_outline
󰼦	U+F0F26	md-skip_forward_outline
󰼧	U+F0F27	md-skip_next_outline
󰼨	U+F0F28	md-skip_previous_outline
󰼩	U+F0F29	md-snowflake_alert
󰼪	U+F0F2A	md-snowflake_variant
󰼫	U+F0F2B	md-stretch_to_page
󰼬	U+F0F2C	md-stretch_to_page_outline
󰼭	U+F0F2D	md-typewriter
󰼮	U+F0F2E	md-wave
󰼯	U+F0F2F	md-weather_cloudy_alert
󰼰	U+F0F30	md-weather_hazy
󰼱	U+F0F31	md-weather_night_partly_cloudy
󰼲	U+F0F32	md-weather_partly_lightning
󰼳	U+F0F33	md-weather_partly_rainy
󰼴	U+F0F34	md-weather_partly_snowy
󰼵	U+F0F35	md-weather_partly_snowy_rainy
󰼶	U+F0F36	md-weather_snowy_heavy
󰼷	U+F0F37	md-weather_sunny_alert
󰼸	U+F0F38	md-weather_tornado
󰼹	U+F0F39	md-baby_bottle
󰼺	U+F0F3A	md-baby_bottle_outline
󰼻	U+F0F3B	md-bag_carry_on
󰼼	U+F0F3C	md-bag_carry_on_off
󰼽	U+F0F3D	md-bag_checked
󰼾	U+F0F3E	md-baguette
󰼿	U+F0F3F	md-bus_multiple
󰽀	U+F0F40	md-car_shift_pattern
󰽁	U+F0F41	md-cellphone_information
󰽂	U+F0F42	md-content_save_alert
󰽃	U+F0F43	md-content_save_alert_outline
󰽄	U+F0F44	md-content_save_all_outline
󰽅	U+F0F45	md-crosshairs_off
󰽆	U+F0F46	md-cupboard
󰽇	U+F0F47	md-cupboard_outline
󰽈	U+F0F48	md-chair_rolling
󰽉	U+F0F49	md-draw
󰽊	U+F0F4A	md-dresser
󰽋	U+F0F4B	md-dresser_outline
󰽌	U+F0F4C	md-emoticon_frown
󰽍	U+F0F4D	md-emoticon_frown_outline
󰽎	U+F0F4E	md-focus_auto
󰽏	U+F0F4F	md-focus_field
󰽐	U+F0F50	md-focus_field_horizontal
󰽑	U+F0F51	md-focus_field_vertical
󰽒	U+F0F52	md-foot_print
󰽓	U+F0F53	md-handball
󰽔	U+F0F54	md-home_thermometer
󰽕	U+F0F55	md-home_thermometer_outline
󰽖	U+F0F56	md-kettle_outline
󰽗	U+F0F57	md-latitude
󰽘	U+F0F58	md-layers_triple
󰽙	U+F0F59	md-layers_triple_outline
󰽚	U+F0F5A	md-longitude
󰽛	U+F0F5B	md-language_markdown_outline
󰽜	U+F0F5C	md-merge
󰽝	U+F0F5D	md-middleware
󰽞	U+F0F5E	md-middleware_outline
󰽟	U+F0F5F	md-monitor_speaker
󰽠	U+F0F60	md-monitor_speaker_off
󰽡	U+F0F61	md-moon_first_quarter
󰽢	U+F0F62	md-moon_full
󰽣	U+F0F63	md-moon_last_quarter
󰽤	U+F0F64	md-moon_new
󰽥	U+F0F65	md-moon_waning_crescent
󰽦	U+F0F66	md-moon_waning_gibbous
󰽧	U+F0F67	md-moon_waxing_crescent
󰽨	U+F0F68	md-moon_waxing_gibbous
󰽩	U+F0F69	md-music_accidental_double_flat
󰽪	U+F0F6A	md-music_accidental_double_sharp
󰽫	U+F0F6B	md-music_accidental_flat
󰽬	U+F0F6C	md-music_accidental_natural
󰽭	U+F0F6D	md-music_accidental_sharp
󰽮	U+F0F6E	md-music_clef_alto
󰽯	U+F0F6F	md-music_clef_bass
󰽰	U+F0F70	md-music_clef_treble
󰽱	U+F0F71	md-music_note_eighth_dotted
󰽲	U+F0F72	md-music_note_half_dotted
󰽳	U+F0F73	md-music_note_off_outline
󰽴	U+F0F74	md-music_note_outline
󰽵	U+F0F75	md-music_note_quarter_dotted
󰽶	U+F0F76	md-music_note_sixteenth_dotted
󰽷	U+F0F77	md-music_note_whole_dotted
󰽸	U+F0F78	md-music_rest_eighth
󰽹	U+F0F79	md-music_rest_half
󰽺	U+F0F7A	md-music_rest_quarter
󰽻	U+F0F7B	md-music_rest_sixteenth
󰽼	U+F0F7C	md-music_rest_whole
󰽽	U+F0F7D	md-numeric_10_box
󰽾	U+F0F7E	md-numeric_10_box_outline
󰽿	U+F0F7F	md-page_layout_header_footer
󰾀	U+F0F80	md-patio_heater
󰾁	U+F0F81	md-warehouse
󰾂	U+F0F82	md-select_group
󰾃	U+F0F83	md-shield_car
󰾄	U+F0F84	md-shopping_search
󰾅	U+F0F85	md-speedometer_medium
󰾆	U+F0F86	md-speedometer_slow
󰾇	U+F0F87	md-table_large_plus
󰾈	U+F0F88	md-table_large_remove
󰾉	U+F0F89	md-television_pause
󰾊	U+F0F8A	md-television_stop
󰾋	U+F0F8B	md-transit_detour
󰾌	U+F0F8C	md-video_input_scart
󰾍	U+F0F8D	md-view_grid_plus
󰾎	U+F0F8E	md-wallet_plus
󰾏	U+F0F8F	md-wallet_plus_outline
󰾐	U+F0F90	md-wardrobe
󰾑	U+F0F91	md-wardrobe_outline
󰾒	U+F0F92	md-water_boiler
󰾓	U+F0F93	md-water_pump_off
󰾔	U+F0F94	md-web_box
󰾕	U+F0F95	md-timeline_alert
󰾖	U+F0F96	md-timeline_plus
󰾗	U+F0F97	md-timeline_plus_outline
󰾘	U+F0F98	md-timeline_alert_outline
󰾙	U+F0F99	md-timeline_help
󰾚	U+F0F9A	md-timeline_help_outline
󰾛	U+F0F9B	md-home_export_outline
󰾜	U+F0F9C	md-home_import_outline
󰾝	U+F0F9D	md-account_filter_outline
󰾞	U+F0F9E	md-approximately_equal
󰾟	U+F0F9F	md-approximately_equal_box
󰾠	U+F0FA0	md-baby_carriage_off
󰾡	U+F0FA1	md-bee
󰾢	U+F0FA2	md-bee_flower
󰾣	U+F0FA3	md-car_child_seat
󰾤	U+F0FA4	md-car_seat
󰾥	U+F0FA5	md-car_seat_cooler
󰾦	U+F0FA6	md-car_seat_heater
󰾧	U+F0FA7	md-chart_bell_curve_cumulative
󰾨	U+F0FA8	md-clock_check
󰾩	U+F0FA9	md-clock_check_outline
󰾪	U+F0FAA	md-coffee_off
󰾫	U+F0FAB	md-coffee_off_outline
󰾬	U+F0FAC	md-credit_card_minus
󰾭	U+F0FAD	md-credit_card_minus_outline
󰾮	U+F0FAE	md-credit_card_remove
󰾯	U+F0FAF	md-credit_card_remove_outline
󰾰	U+F0FB0	md-devices
󰾱	U+F0FB1	md-email_newsletter
󰾲	U+F0FB2	md-expansion_card_variant
󰾳	U+F0FB3	md-power_socket_ch
󰾴	U+F0FB4	md-file_swap
󰾵	U+F0FB5	md-file_swap_outline
󰾶	U+F0FB6	md-folder_swap
󰾷	U+F0FB7	md-folder_swap_outline
󰾸	U+F0FB8	md-format_letter_ends_with
󰾹	U+F0FB9	md-format_letter_matches
󰾺	U+F0FBA	md-format_letter_starts_with
󰾻	U+F0FBB	md-format_text_rotation_angle_down
󰾼	U+F0FBC	md-format_text_rotation_angle_up
󰾽	U+F0FBD	md-format_text_rotation_down_vertical
󰾾	U+F0FBE	md-format_text_rotation_up
󰾿	U+F0FBF	md-format_text_rotation_vertical
󰿀	U+F0FC0	md-id_card
󰿁	U+F0FC1	md-image_auto_adjust
󰿂	U+F0FC2	md-key_wireless
󰿃	U+F0FC3	md-license
󰿄	U+F0FC4	md-location_enter
󰿅	U+F0FC5	md-location_exit
󰿆	U+F0FC6	md-lock_open_variant
󰿇	U+F0FC7	md-lock_open_variant_outline
󰿈	U+F0FC8	md-math_integral
󰿉	U+F0FC9	md-math_integral_box
󰿊	U+F0FCA	md-math_norm
󰿋	U+F0FCB	md-math_norm_box
󰿌	U+F0FCC	md-message_lock
󰿍	U+F0FCD	md-message_text_lock
󰿎	U+F0FCE	md-movie_open
󰿏	U+F0FCF	md-movie_open_outline
󰿐	U+F0FD0	md-bed_queen
󰿑	U+F0FD1	md-bed_king_outline
󰿒	U+F0FD2	md-bed_king
󰿓	U+F0FD3	md-bed_double_outline
󰿔	U+F0FD4	md-bed_double
󰿕	U+F0FD5	md-microsoft_azure_devops
󰿖	U+F0FD6	md-arm_flex_outline
󰿗	U+F0FD7	md-arm_flex
󰿘	U+F0FD8	md-protocol
󰿙	U+F0FD9	md-seal_variant
󰿚	U+F0FDA	md-select_place
󰿛	U+F0FDB	md-bed_queen_outline
󰿜	U+F0FDC	md-sign_direction_plus
󰿝	U+F0FDD	md-sign_direction_remove
󰿞	U+F0FDE	md-silverware_clean
󰿟	U+F0FDF	md-slash_forward
󰿠	U+F0FE0	md-slash_forward_box
󰿡	U+F0FE1	md-swap_horizontal_circle
󰿢	U+F0FE2	md-swap_horizontal_circle_outline
󰿣	U+F0FE3	md-swap_vertical_circle
󰿤	U+F0FE4	md-swap_vertical_circle_outline
󰿥	U+F0FE5	md-tanker_truck
󰿦	U+F0FE6	md-texture_box
󰿧	U+F0FE7	md-tram_side
󰿨	U+F0FE8	md-vector_link
󰿩	U+F0FE9	md-numeric_10
󰿪	U+F0FEA	md-numeric_10_box_multiple
󰿫	U+F0FEB	md-numeric_10_box_multiple_outline
󰿬	U+F0FEC	md-numeric_10_circle
󰿭	U+F0FED	md-numeric_10_circle_outline
󰿮	U+F0FEE	md-numeric_9_plus
󰿯	U+F0FEF	md-credit_card
󰿰	U+F0FF0	md-credit_card_multiple
󰿱	U+F0FF1	md-credit_card_off
󰿲	U+F0FF2	md-credit_card_plus
󰿳	U+F0FF3	md-credit_card_refund
󰿴	U+F0FF4	md-credit_card_scan
󰿵	U+F0FF5	md-credit_card_settings
󰿶	U+F0FF6	md-hospital
󰿷	U+F0FF7	md-hospital_box_outline
󰿸	U+F0FF8	md-oil_temperature
󰿹	U+F0FF9	md-stadium
󰿺	U+F0FFA	md-zip_box_outline
󰿻	U+F0FFB	md-account_edit_outline
󰿼	U+F0FFC	md-peanut
󰿽	U+F0FFD	md-peanut_off
󰿾	U+F0FFE	md-peanut_outline
󰿿	U+F0FFF	md-peanut_off_outline
󱀀	U+F1000	md-sign_direction_minus
󱀁	U+F1001	md-newspaper_variant
󱀂	U+F1002	md-newspaper_variant_multiple
󱀃	U+F1003	md-newspaper_variant_multiple_outline
󱀄	U+F1004	md-newspaper_variant_outline
󱀅	U+F1005	md-overscan
󱀆	U+F1006	md-pig_variant
󱀇	U+F1007	md-piggy_bank
󱀈	U+F1008	md-post
󱀉	U+F1009	md-post_outline
󱀊	U+F100A	md-account_box_multiple_outline
󱀋	U+F100B	md-airballoon_outline
󱀌	U+F100C	md-alphabetical_off
󱀍	U+F100D	md-alphabetical_variant
󱀎	U+F100E	md-alphabetical_variant_off
󱀏	U+F100F	md-apache_kafka
󱀐	U+F1010	md-billboard
󱀑	U+F1011	md-blinds_open
󱀒	U+F1012	md-bus_stop
󱀓	U+F1013	md-bus_stop_covered
󱀔	U+F1014	md-bus_stop_uncovered
󱀕	U+F1015	md-car_2_plus
󱀖	U+F1016	md-car_3_plus
󱀗	U+F1017	md-car_brake_retarder
󱀘	U+F1018	md-car_clutch
󱀙	U+F1019	md-car_coolant_level
󱀚	U+F101A	md-car_turbocharger
󱀛	U+F101B	md-car_windshield
󱀜	U+F101C	md-car_windshield_outline
󱀝	U+F101D	md-cards_diamond_outline
󱀞	U+F101E	md-cast_audio
󱀟	U+F101F	md-cellphone_play
󱀠	U+F1020	md-coach_lamp
󱀡	U+F1021	md-comment_quote
󱀢	U+F1022	md-comment_quote_outline
󱀣	U+F1023	md-domino_mask
󱀤	U+F1024	md-electron_framework
󱀥	U+F1025	md-excavator
󱀦	U+F1026	md-eye_minus
󱀧	U+F1027	md-eye_minus_outline
󱀨	U+F1028	md-file_account_outline
󱀩	U+F1029	md-file_chart_outline
󱀪	U+F102A	md-file_cloud_outline
󱀫	U+F102B	md-file_code_outline
󱀬	U+F102C	md-file_excel_box_outline
󱀭	U+F102D	md-file_excel_outline
󱀮	U+F102E	md-file_export_outline
󱀯	U+F102F	md-file_import_outline
󱀰	U+F1030	md-file_lock_outline
󱀱	U+F1031	md-file_move_outline
󱀲	U+F1032	md-file_multiple_outline
󱀳	U+F1033	md-file_percent_outline
󱀴	U+F1034	md-file_powerpoint_box_outline
󱀵	U+F1035	md-file_powerpoint_outline
󱀶	U+F1036	md-file_question_outline
󱀷	U+F1037	md-file_remove_outline
󱀸	U+F1038	md-file_restore_outline
󱀹	U+F1039	md-file_send_outline
󱀺	U+F103A	md-file_star
󱀻	U+F103B	md-file_star_outline
󱀼	U+F103C	md-file_undo_outline
󱀽	U+F103D	md-file_word_box_outline
󱀾	U+F103E	md-file_word_outline
󱀿	U+F103F	md-filter_variant_remove
󱁀	U+F1040	md-floor_lamp_dual
󱁁	U+F1041	md-floor_lamp_torchiere_variant
󱁂	U+F1042	md-fruit_cherries
󱁃	U+F1043	md-fruit_citrus
󱁄	U+F1044	md-fruit_grapes
󱁅	U+F1045	md-fruit_grapes_outline
󱁆	U+F1046	md-fruit_pineapple
󱁇	U+F1047	md-fruit_watermelon
󱁈	U+F1048	md-google_my_business
󱁉	U+F1049	md-graph
󱁊	U+F104A	md-graph_outline
󱁋	U+F104B	md-harddisk_plus
󱁌	U+F104C	md-harddisk_remove
󱁍	U+F104D	md-home_circle_outline
󱁎	U+F104E	md-instrument_triangle
󱁏	U+F104F	md-island
󱁐	U+F1050	md-keyboard_space
󱁑	U+F1051	md-led_strip_variant
󱁒	U+F1052	md-numeric_negative_1
󱁓	U+F1053	md-oil_level
󱁔	U+F1054	md-outdoor_lamp
󱁕	U+F1055	md-palm_tree
󱁖	U+F1056	md-party_popper
󱁗	U+F1057	md-printer_pos
󱁘	U+F1058	md-robber
󱁙	U+F1059	md-routes_clock
󱁚	U+F105A	md-scale_off
󱁛	U+F105B	md-cog_transfer
󱁜	U+F105C	md-cog_transfer_outline
󱁝	U+F105D	md-shield_sun
󱁞	U+F105E	md-shield_sun_outline
󱁟	U+F105F	md-sprinkler
󱁠	U+F1060	md-sprinkler_variant
󱁡	U+F1061	md-table_chair
󱁢	U+F1062	md-terraform
󱁣	U+F1063	md-toaster
󱁤	U+F1064	md-tools
󱁥	U+F1065	md-transfer
󱁦	U+F1066	md-valve
󱁧	U+F1067	md-valve_closed
󱁨	U+F1068	md-valve_open
󱁩	U+F1069	md-video_check
󱁪	U+F106A	md-video_check_outline
󱁫	U+F106B	md-water_well
󱁬	U+F106C	md-water_well_outline
󱁭	U+F106D	md-bed_single
󱁮	U+F106E	md-bed_single_outline
󱁯	U+F106F	md-book_information_variant
󱁰	U+F1070	md-bottle_soda
󱁱	U+F1071	md-bottle_soda_classic
󱁲	U+F1072	md-bottle_soda_outline
󱁳	U+F1073	md-calendar_blank_multiple
󱁴	U+F1074	md-card_search
󱁵	U+F1075	md-card_search_outline
󱁶	U+F1076	md-face_woman_profile
󱁷	U+F1077	md-face_woman
󱁸	U+F1078	md-face_woman_outline
󱁹	U+F1079	md-file_settings
󱁺	U+F107A	md-file_settings_outline
󱁻	U+F107B	md-file_cog
󱁼	U+F107C	md-file_cog_outline
󱁽	U+F107D	md-folder_settings
󱁾	U+F107E	md-folder_settings_outline
󱁿	U+F107F	md-folder_cog
󱂀	U+F1080	md-folder_cog_outline
󱂁	U+F1081	md-furigana_horizontal
󱂂	U+F1082	md-furigana_vertical
󱂃	U+F1083	md-golf_tee
󱂄	U+F1084	md-lungs
󱂅	U+F1085	md-math_log
󱂆	U+F1086	md-moped
󱂇	U+F1087	md-router_network
󱂈	U+F1088	md-roman_numeral_1
󱂉	U+F1089	md-roman_numeral_2
󱂊	U+F108A	md-roman_numeral_3
󱂋	U+F108B	md-roman_numeral_4
󱂌	U+F108C	md-roman_numeral_5
󱂍	U+F108D	md-roman_numeral_6
󱂎	U+F108E	md-roman_numeral_7
󱂏	U+F108F	md-roman_numeral_8
󱂐	U+F1090	md-roman_numeral_9
󱂑	U+F1091	md-roman_numeral_10
󱂒	U+F1092	md-soldering_iron
󱂓	U+F1093	md-stomach
󱂔	U+F1094	md-table_eye
󱂕	U+F1095	md-form_textarea
󱂖	U+F1096	md-trumpet
󱂗	U+F1097	md-account_cash
󱂘	U+F1098	md-account_cash_outline
󱂙	U+F1099	md-air_humidifier
󱂚	U+F109A	md-ansible
󱂛	U+F109B	md-api
󱂜	U+F109C	md-bicycle
󱂝	U+F109D	md-car_door_lock
󱂞	U+F109E	md-coat_rack
󱂟	U+F109F	md-coffee_maker
󱂠	U+F10A0	md-web_minus
󱂡	U+F10A1	md-decimal
󱂢	U+F10A2	md-decimal_comma
󱂣	U+F10A3	md-decimal_comma_decrease
󱂤	U+F10A4	md-decimal_comma_increase
󱂥	U+F10A5	md-delete_alert
󱂦	U+F10A6	md-delete_alert_outline
󱂧	U+F10A7	md-delete_off
󱂨	U+F10A8	md-delete_off_outline
󱂩	U+F10A9	md-dock_bottom
󱂪	U+F10AA	md-dock_left
󱂫	U+F10AB	md-dock_right
󱂬	U+F10AC	md-dock_window
󱂭	U+F10AD	md-domain_plus
󱂮	U+F10AE	md-domain_remove
󱂯	U+F10AF	md-door_closed_lock
󱂰	U+F10B0	md-download_off
󱂱	U+F10B1	md-download_off_outline
󱂲	U+F10B2	md-flag_minus_outline
󱂳	U+F10B3	md-flag_plus_outline
󱂴	U+F10B4	md-flag_remove_outline
󱂵	U+F10B5	md-folder_home
󱂶	U+F10B6	md-folder_home_outline
󱂷	U+F10B7	md-folder_information
󱂸	U+F10B8	md-folder_information_outline
󱂹	U+F10B9	md-iv_bag
󱂺	U+F10BA	md-link_lock
󱂻	U+F10BB	md-message_plus_outline
󱂼	U+F10BC	md-phone_cancel
󱂽	U+F10BD	md-smart_card
󱂾	U+F10BE	md-smart_card_outline
󱂿	U+F10BF	md-smart_card_reader
󱃀	U+F10C0	md-smart_card_reader_outline
󱃁	U+F10C1	md-storefront_outline
󱃂	U+F10C2	md-thermometer_high
󱃃	U+F10C3	md-thermometer_low
󱃄	U+F10C4	md-ufo
󱃅	U+F10C5	md-ufo_outline
󱃆	U+F10C6	md-upload_off
󱃇	U+F10C7	md-upload_off_outline
󱃈	U+F10C8	md-account_child_outline
󱃉	U+F10C9	md-account_settings_outline
󱃊	U+F10CA	md-account_tie_outline
󱃋	U+F10CB	md-alien_outline
󱃌	U+F10CC	md-battery_alert_variant
󱃍	U+F10CD	md-battery_alert_variant_outline
󱃎	U+F10CE	md-beehive_outline
󱃏	U+F10CF	md-boomerang
󱃐	U+F10D0	md-briefcase_clock
󱃑	U+F10D1	md-briefcase_clock_outline
󱃒	U+F10D2	md-cellphone_message_off
󱃓	U+F10D3	md-circle_off_outline
󱃔	U+F10D4	md-clipboard_list
󱃕	U+F10D5	md-clipboard_list_outline
󱃖	U+F10D6	md-code_braces_box
󱃗	U+F10D7	md-code_parentheses_box
󱃘	U+F10D8	md-consolidate
󱃙	U+F10D9	md-electric_switch_closed
󱃚	U+F10DA	md-email_receive
󱃛	U+F10DB	md-email_receive_outline
󱃜	U+F10DC	md-email_send
󱃝	U+F10DD	md-email_send_outline
󱃞	U+F10DE	md-emoticon_confused
󱃟	U+F10DF	md-emoticon_confused_outline
󱃠	U+F10E0	md-epsilon
󱃡	U+F10E1	md-file_table_box
󱃢	U+F10E2	md-file_table_box_multiple
󱃣	U+F10E3	md-file_table_box_multiple_outline
󱃤	U+F10E4	md-file_table_box_outline
󱃥	U+F10E5	md-filter_menu
󱃦	U+F10E6	md-filter_menu_outline
󱃧	U+F10E7	md-flip_horizontal
󱃨	U+F10E8	md-flip_vertical
󱃩	U+F10E9	md-folder_download_outline
󱃪	U+F10EA	md-folder_heart
󱃫	U+F10EB	md-folder_heart_outline
󱃬	U+F10EC	md-folder_key_outline
󱃭	U+F10ED	md-folder_upload_outline
󱃮	U+F10EE	md-gamma
󱃯	U+F10EF	md-hair_dryer
󱃰	U+F10F0	md-hair_dryer_outline
󱃱	U+F10F1	md-hand_heart
󱃲	U+F10F2	md-hexagon_multiple_outline
󱃳	U+F10F3	md-horizontal_rotate_clockwise
󱃴	U+F10F4	md-horizontal_rotate_counterclockwise
󱃵	U+F10F5	md-application_array
󱃶	U+F10F6	md-application_array_outline
󱃷	U+F10F7	md-application_braces
󱃸	U+F10F8	md-application_braces_outline
󱃹	U+F10F9	md-application_parentheses
󱃺	U+F10FA	md-application_parentheses_outline
󱃻	U+F10FB	md-application_variable
󱃼	U+F10FC	md-application_variable_outline
󱃽	U+F10FD	md-khanda
󱃾	U+F10FE	md-kubernetes
󱃿	U+F10FF	md-link_variant_minus
󱄀	U+F1100	md-link_variant_plus
󱄁	U+F1101	md-link_variant_remove
󱄂	U+F1102	md-map_marker_down
󱄃	U+F1103	md-map_marker_up
󱄄	U+F1104	md-monitor_shimmer
󱄅	U+F1105	md-nix
󱄆	U+F1106	md-nuxt
󱄇	U+F1107	md-power_socket_de
󱄈	U+F1108	md-power_socket_fr
󱄉	U+F1109	md-power_socket_jp
󱄊	U+F110A	md-progress_close
󱄋	U+F110B	md-reload_alert
󱄌	U+F110C	md-restart_alert
󱄍	U+F110D	md-restore_alert
󱄎	U+F110E	md-shaker
󱄏	U+F110F	md-shaker_outline
󱄐	U+F1110	md-television_shimmer
󱄑	U+F1111	md-variable_box
󱄒	U+F1112	md-filter_variant_minus
󱄓	U+F1113	md-filter_variant_plus
󱄔	U+F1114	md-slot_machine
󱄕	U+F1115	md-slot_machine_outline
󱄖	U+F1116	md-glass_mug_variant
󱄗	U+F1117	md-clipboard_flow_outline
󱄘	U+F1118	md-sign_real_estate
󱄙	U+F1119	md-antenna
󱄚	U+F111A	md-centos
󱄛	U+F111B	md-redhat
󱄜	U+F111C	md-window_shutter
󱄝	U+F111D	md-window_shutter_alert
󱄞	U+F111E	md-window_shutter_open
󱄟	U+F111F	md-bike_fast
󱄠	U+F1120	md-volume_source
󱄡	U+F1121	md-volume_vibrate
󱄢	U+F1122	md-movie_edit
󱄣	U+F1123	md-movie_edit_outline
󱄤	U+F1124	md-movie_filter
󱄥	U+F1125	md-movie_filter_outline
󱄦	U+F1126	md-diabetes
󱄧	U+F1127	md-cursor_default_gesture
󱄨	U+F1128	md-cursor_default_gesture_outline
󱄩	U+F1129	md-toothbrush
󱄪	U+F112A	md-toothbrush_paste
󱄫	U+F112B	md-home_roof
󱄬	U+F112C	md-toothbrush_electric
󱄭	U+F112D	md-account_supervisor_outline
󱄮	U+F112E	md-bottle_tonic
󱄯	U+F112F	md-bottle_tonic_outline
󱄰	U+F1130	md-bottle_tonic_plus
󱄱	U+F1131	md-bottle_tonic_plus_outline
󱄲	U+F1132	md-bottle_tonic_skull
󱄳	U+F1133	md-bottle_tonic_skull_outline
󱄴	U+F1134	md-calendar_arrow_left
󱄵	U+F1135	md-calendar_arrow_right
󱄶	U+F1136	md-crosshairs_question
󱄷	U+F1137	md-fire_hydrant
󱄸	U+F1138	md-fire_hydrant_alert
󱄹	U+F1139	md-fire_hydrant_off
󱄺	U+F113A	md-ocr
󱄻	U+F113B	md-shield_star
󱄼	U+F113C	md-shield_star_outline
󱄽	U+F113D	md-text_recognition
󱄾	U+F113E	md-handcuffs
󱄿	U+F113F	md-gender_male_female_variant
󱅀	U+F1140	md-gender_non_binary
󱅁	U+F1141	md-minus_box_multiple
󱅂	U+F1142	md-minus_box_multiple_outline
󱅃	U+F1143	md-plus_box_multiple_outline
󱅄	U+F1144	md-pencil_box_multiple
󱅅	U+F1145	md-pencil_box_multiple_outline
󱅆	U+F1146	md-printer_check
󱅇	U+F1147	md-sort_variant_remove
󱅈	U+F1148	md-sort_alphabetical_ascending_variant
󱅉	U+F1149	md-sort_alphabetical_descending_variant
󱅊	U+F114A	md-dice_1_outline
󱅋	U+F114B	md-dice_2_outline
󱅌	U+F114C	md-dice_3_outline
󱅍	U+F114D	md-dice_4_outline
󱅎	U+F114E	md-dice_5_outline
󱅏	U+F114F	md-dice_6_outline
󱅐	U+F1150	md-dice_d4
󱅑	U+F1151	md-dice_d6
󱅒	U+F1152	md-dice_d8
󱅓	U+F1153	md-dice_d10
󱅔	U+F1154	md-dice_d12
󱅕	U+F1155	md-dice_d20
󱅖	U+F1156	md-dice_multiple_outline
󱅗	U+F1157	md-paper_roll
󱅘	U+F1158	md-paper_roll_outline
󱅙	U+F1159	md-home_edit
󱅚	U+F115A	md-home_edit_outline
󱅛	U+F115B	md-arrow_horizontal_lock
󱅜	U+F115C	md-arrow_vertical_lock
󱅝	U+F115D	md-weight_lifter
󱅞	U+F115E	md-account_lock
󱅟	U+F115F	md-account_lock_outline
󱅠	U+F1160	md-pasta
󱅡	U+F1161	md-send_check
󱅢	U+F1162	md-send_check_outline
󱅣	U+F1163	md-send_clock
󱅤	U+F1164	md-send_clock_outline
󱅥	U+F1165	md-send_outline
󱅦	U+F1166	md-send_lock_outline
󱅧	U+F1167	md-police_badge
󱅨	U+F1168	md-police_badge_outline
󱅩	U+F1169	md-gate_arrow_right
󱅪	U+F116A	md-gate_open
󱅫	U+F116B	md-bell_badge
󱅬	U+F116C	md-message_image_outline
󱅭	U+F116D	md-message_lock_outline
󱅮	U+F116E	md-message_minus
󱅯	U+F116F	md-message_minus_outline
󱅰	U+F1170	md-message_processing_outline
󱅱	U+F1171	md-message_settings_outline
󱅲	U+F1172	md-message_cog_outline
󱅳	U+F1173	md-message_text_clock
󱅴	U+F1174	md-message_text_clock_outline
󱅵	U+F1175	md-message_text_lock_outline
󱅶	U+F1176	md-checkbox_blank_badge
󱅷	U+F1177	md-file_link
󱅸	U+F1178	md-file_link_outline
󱅹	U+F1179	md-file_phone
󱅺	U+F117A	md-file_phone_outline
󱅻	U+F117B	md-meditation
󱅼	U+F117C	md-yoga
󱅽	U+F117D	md-leek
󱅾	U+F117E	md-noodles
󱅿	U+F117F	md-pound_box_outline
󱆀	U+F1180	md-school_outline
󱆁	U+F1181	md-basket_outline
󱆂	U+F1182	md-phone_in_talk_outline
󱆃	U+F1183	md-bash
󱆄	U+F1184	md-file_key
󱆅	U+F1185	md-file_key_outline
󱆆	U+F1186	md-file_certificate
󱆇	U+F1187	md-file_certificate_outline
󱆈	U+F1188	md-certificate_outline
󱆉	U+F1189	md-cigar
󱆊	U+F118A	md-grill_outline
󱆋	U+F118B	md-qrcode_plus
󱆌	U+F118C	md-qrcode_minus
󱆍	U+F118D	md-qrcode_remove
󱆎	U+F118E	md-phone_alert_outline
󱆏	U+F118F	md-phone_bluetooth_outline
󱆐	U+F1190	md-phone_cancel_outline
󱆑	U+F1191	md-phone_forward_outline
󱆒	U+F1192	md-phone_hangup_outline
󱆓	U+F1193	md-phone_incoming_outline
󱆔	U+F1194	md-phone_lock_outline
󱆕	U+F1195	md-phone_log_outline
󱆖	U+F1196	md-phone_message
󱆗	U+F1197	md-phone_message_outline
󱆘	U+F1198	md-phone_minus_outline
󱆙	U+F1199	md-phone_outgoing_outline
󱆚	U+F119A	md-phone_paused_outline
󱆛	U+F119B	md-phone_plus_outline
󱆜	U+F119C	md-phone_return_outline
󱆝	U+F119D	md-phone_settings_outline
󱆞	U+F119E	md-key_star
󱆟	U+F119F	md-key_link
󱆠	U+F11A0	md-shield_edit
󱆡	U+F11A1	md-shield_edit_outline
󱆢	U+F11A2	md-shield_sync
󱆣	U+F11A3	md-shield_sync_outline
󱆤	U+F11A4	md-golf_cart
󱆥	U+F11A5	md-phone_missed_outline
󱆦	U+F11A6	md-phone_off_outline
󱆧	U+F11A7	md-format_quote_open_outline
󱆨	U+F11A8	md-format_quote_close_outline
󱆩	U+F11A9	md-phone_check
󱆪	U+F11AA	md-phone_check_outline
󱆫	U+F11AB	md-phone_ring
󱆬	U+F11AC	md-phone_ring_outline
󱆭	U+F11AD	md-share_circle
󱆮	U+F11AE	md-reply_circle
󱆯	U+F11AF	md-fridge_off
󱆰	U+F11B0	md-fridge_off_outline
󱆱	U+F11B1	md-fridge_alert
󱆲	U+F11B2	md-fridge_alert_outline
󱆳	U+F11B3	md-water_boiler_alert
󱆴	U+F11B4	md-water_boiler_off
󱆵	U+F11B5	md-amplifier_off
󱆶	U+F11B6	md-audio_video_off
󱆷	U+F11B7	md-toaster_off
󱆸	U+F11B8	md-dishwasher_alert
󱆹	U+F11B9	md-dishwasher_off
󱆺	U+F11BA	md-tumble_dryer_alert
󱆻	U+F11BB	md-tumble_dryer_off
󱆼	U+F11BC	md-washing_machine_alert
󱆽	U+F11BD	md-washing_machine_off
󱆾	U+F11BE	md-car_info
󱆿	U+F11BF	md-comment_edit
󱇀	U+F11C0	md-printer_3d_nozzle_alert
󱇁	U+F11C1	md-printer_3d_nozzle_alert_outline
󱇂	U+F11C2	md-align_horizontal_left
󱇃	U+F11C3	md-align_horizontal_center
󱇄	U+F11C4	md-align_horizontal_right
󱇅	U+F11C5	md-align_vertical_bottom
󱇆	U+F11C6	md-align_vertical_center
󱇇	U+F11C7	md-align_vertical_top
󱇈	U+F11C8	md-distribute_horizontal_left
󱇉	U+F11C9	md-distribute_horizontal_center
󱇊	U+F11CA	md-distribute_horizontal_right
󱇋	U+F11CB	md-distribute_vertical_bottom
󱇌	U+F11CC	md-distribute_vertical_center
󱇍	U+F11CD	md-distribute_vertical_top
󱇎	U+F11CE	md-alert_rhombus
󱇏	U+F11CF	md-alert_rhombus_outline
󱇐	U+F11D0	md-crown_outline
󱇑	U+F11D1	md-image_off_outline
󱇒	U+F11D2	md-movie_search
󱇓	U+F11D3	md-movie_search_outline
󱇔	U+F11D4	md-rv_truck
󱇕	U+F11D5	md-shopping_outline
󱇖	U+F11D6	md-strategy
󱇗	U+F11D7	md-note_text_outline
󱇘	U+F11D8	md-view_agenda_outline
󱇙	U+F11D9	md-view_grid_outline
󱇚	U+F11DA	md-view_grid_plus_outline
󱇛	U+F11DB	md-window_closed_variant
󱇜	U+F11DC	md-window_open_variant
󱇝	U+F11DD	md-cog_clockwise
󱇞	U+F11DE	md-cog_counterclockwise
󱇟	U+F11DF	md-chart_sankey
󱇠	U+F11E0	md-chart_sankey_variant
󱇡	U+F11E1	md-vanity_light
󱇢	U+F11E2	md-router
󱇣	U+F11E3	md-image_edit
󱇤	U+F11E4	md-image_edit_outline
󱇥	U+F11E5	md-bell_check
󱇦	U+F11E6	md-bell_check_outline
󱇧	U+F11E7	md-file_edit
󱇨	U+F11E8	md-file_edit_outline
󱇩	U+F11E9	md-human_scooter
󱇪	U+F11EA	md-spider
󱇫	U+F11EB	md-spider_thread
󱇬	U+F11EC	md-plus_thick
󱇭	U+F11ED	md-alert_circle_check
󱇮	U+F11EE	md-alert_circle_check_outline
󱇯	U+F11EF	md-state_machine
󱇰	U+F11F0	md-usb_port
󱇱	U+F11F1	md-cloud_lock
󱇲	U+F11F2	md-cloud_lock_outline
󱇳	U+F11F3	md-robot_mower_outline
󱇴	U+F11F4	md-share_all
󱇵	U+F11F5	md-share_all_outline
󱇶	U+F11F6	md-google_cloud
󱇷	U+F11F7	md-robot_mower
󱇸	U+F11F8	md-fast_forward_5
󱇹	U+F11F9	md-rewind_5
󱇺	U+F11FA	md-shape_oval_plus
󱇻	U+F11FB	md-timeline_clock
󱇼	U+F11FC	md-timeline_clock_outline
󱇽	U+F11FD	md-mirror
󱇾	U+F11FE	md-account_multiple_check_outline
󱇿	U+F11FF	md-card_plus
󱈀	U+F1200	md-card_plus_outline
󱈁	U+F1201	md-checkerboard_plus
󱈂	U+F1202	md-checkerboard_minus
󱈃	U+F1203	md-checkerboard_remove
󱈄	U+F1204	md-select_search
󱈅	U+F1205	md-selection_search
󱈆	U+F1206	md-layers_search
󱈇	U+F1207	md-layers_search_outline
󱈈	U+F1208	md-lightbulb_cfl
󱈉	U+F1209	md-lightbulb_cfl_off
󱈊	U+F120A	md-account_multiple_remove
󱈋	U+F120B	md-account_multiple_remove_outline
󱈌	U+F120C	md-magnify_remove_cursor
󱈍	U+F120D	md-magnify_remove_outline
󱈎	U+F120E	md-archive_outline
󱈏	U+F120F	md-battery_heart
󱈐	U+F1210	md-battery_heart_outline
󱈑	U+F1211	md-battery_heart_variant
󱈒	U+F1212	md-bus_marker
󱈓	U+F1213	md-chart_multiple
󱈔	U+F1214	md-emoticon_lol
󱈕	U+F1215	md-emoticon_lol_outline
󱈖	U+F1216	md-file_sync
󱈗	U+F1217	md-file_sync_outline
󱈘	U+F1218	md-handshake
󱈙	U+F1219	md-language_kotlin
󱈚	U+F121A	md-language_fortran
󱈛	U+F121B	md-offer
󱈜	U+F121C	md-radio_off
󱈝	U+F121D	md-table_headers_eye
󱈞	U+F121E	md-table_headers_eye_off
󱈟	U+F121F	md-tag_minus_outline
󱈠	U+F1220	md-tag_off
󱈡	U+F1221	md-tag_off_outline
󱈢	U+F1222	md-tag_plus_outline
󱈣	U+F1223	md-tag_remove_outline
󱈤	U+F1224	md-tag_text
󱈥	U+F1225	md-vector_polyline_edit
󱈦	U+F1226	md-vector_polyline_minus
󱈧	U+F1227	md-vector_polyline_plus
󱈨	U+F1228	md-vector_polyline_remove
󱈩	U+F1229	md-beaker_alert
󱈪	U+F122A	md-beaker_alert_outline
󱈫	U+F122B	md-beaker_check
󱈬	U+F122C	md-beaker_check_outline
󱈭	U+F122D	md-beaker_minus
󱈮	U+F122E	md-beaker_minus_outline
󱈯	U+F122F	md-beaker_plus
󱈰	U+F1230	md-beaker_plus_outline
󱈱	U+F1231	md-beaker_question
󱈲	U+F1232	md-beaker_question_outline
󱈳	U+F1233	md-beaker_remove
󱈴	U+F1234	md-beaker_remove_outline
󱈵	U+F1235	md-bicycle_basket
󱈶	U+F1236	md-barcode_off
󱈷	U+F1237	md-digital_ocean
󱈸	U+F1238	md-exclamation_thick
󱈹	U+F1239	md-desk
󱈺	U+F123A	md-flask_empty_minus
󱈻	U+F123B	md-flask_empty_minus_outline
󱈼	U+F123C	md-flask_empty_plus
󱈽	U+F123D	md-flask_empty_plus_outline
󱈾	U+F123E	md-flask_empty_remove
󱈿	U+F123F	md-flask_empty_remove_outline
󱉀	U+F1240	md-flask_minus
󱉁	U+F1241	md-flask_minus_outline
󱉂	U+F1242	md-flask_plus
󱉃	U+F1243	md-flask_plus_outline
󱉄	U+F1244	md-flask_remove
󱉅	U+F1245	md-flask_remove_outline
󱉆	U+F1246	md-folder_move_outline
󱉇	U+F1247	md-home_remove
󱉈	U+F1248	md-webrtc
󱉉	U+F1249	md-seat_passenger
󱉊	U+F124A	md-web_clock
󱉋	U+F124B	md-flask_round_bottom
󱉌	U+F124C	md-flask_round_bottom_empty
󱉍	U+F124D	md-flask_round_bottom_empty_outline
󱉎	U+F124E	md-flask_round_bottom_outline
󱉏	U+F124F	md-gold
󱉐	U+F1250	md-message_star_outline
󱉑	U+F1251	md-home_lightbulb
󱉒	U+F1252	md-home_lightbulb_outline
󱉓	U+F1253	md-lightbulb_group
󱉔	U+F1254	md-lightbulb_group_outline
󱉕	U+F1255	md-lightbulb_multiple
󱉖	U+F1256	md-lightbulb_multiple_outline
󱉗	U+F1257	md-api_off
󱉘	U+F1258	md-allergy
󱉙	U+F1259	md-archive_arrow_down
󱉚	U+F125A	md-archive_arrow_down_outline
󱉛	U+F125B	md-archive_arrow_up
󱉜	U+F125C	md-archive_arrow_up_outline
󱉝	U+F125D	md-battery_off
󱉞	U+F125E	md-battery_off_outline
󱉟	U+F125F	md-bookshelf
󱉠	U+F1260	md-cash_minus
󱉡	U+F1261	md-cash_plus
󱉢	U+F1262	md-cash_remove
󱉣	U+F1263	md-clipboard_check_multiple
󱉤	U+F1264	md-clipboard_check_multiple_outline
󱉥	U+F1265	md-clipboard_file
󱉦	U+F1266	md-clipboard_file_outline
󱉧	U+F1267	md-clipboard_multiple
󱉨	U+F1268	md-clipboard_multiple_outline
󱉩	U+F1269	md-clipboard_play_multiple
󱉪	U+F126A	md-clipboard_play_multiple_outline
󱉫	U+F126B	md-clipboard_text_multiple
󱉬	U+F126C	md-clipboard_text_multiple_outline
󱉭	U+F126D	md-folder_marker
󱉮	U+F126E	md-folder_marker_outline
󱉯	U+F126F	md-format_list_text
󱉰	U+F1270	md-inbox_arrow_down_outline
󱉱	U+F1271	md-inbox_arrow_up_outline
󱉲	U+F1272	md-inbox_full
󱉳	U+F1273	md-inbox_full_outline
󱉴	U+F1274	md-inbox_outline
󱉵	U+F1275	md-lightbulb_cfl_spiral
󱉶	U+F1276	md-magnify_scan
󱉷	U+F1277	md-map_marker_multiple_outline
󱉸	U+F1278	md-percent_outline
󱉹	U+F1279	md-phone_classic_off
󱉺	U+F127A	md-play_box
󱉻	U+F127B	md-account_eye_outline
󱉼	U+F127C	md-safe_square
󱉽	U+F127D	md-safe_square_outline
󱉾	U+F127E	md-scoreboard
󱉿	U+F127F	md-scoreboard_outline
󱊀	U+F1280	md-select_marker
󱊁	U+F1281	md-select_multiple
󱊂	U+F1282	md-select_multiple_marker
󱊃	U+F1283	md-selection_marker
󱊄	U+F1284	md-selection_multiple_marker
󱊅	U+F1285	md-selection_multiple
󱊆	U+F1286	md-star_box_multiple
󱊇	U+F1287	md-star_box_multiple_outline
󱊈	U+F1288	md-toy_brick
󱊉	U+F1289	md-toy_brick_marker
󱊊	U+F128A	md-toy_brick_marker_outline
󱊋	U+F128B	md-toy_brick_minus
󱊌	U+F128C	md-toy_brick_minus_outline
󱊍	U+F128D	md-toy_brick_outline
󱊎	U+F128E	md-toy_brick_plus
󱊏	U+F128F	md-toy_brick_plus_outline
󱊐	U+F1290	md-toy_brick_remove
󱊑	U+F1291	md-toy_brick_remove_outline
󱊒	U+F1292	md-toy_brick_search
󱊓	U+F1293	md-toy_brick_search_outline
󱊔	U+F1294	md-tray
󱊕	U+F1295	md-tray_alert
󱊖	U+F1296	md-tray_full
󱊗	U+F1297	md-tray_minus
󱊘	U+F1298	md-tray_plus
󱊙	U+F1299	md-tray_remove
󱊚	U+F129A	md-truck_check_outline
󱊛	U+F129B	md-truck_delivery_outline
󱊜	U+F129C	md-truck_fast_outline
󱊝	U+F129D	md-truck_outline
󱊞	U+F129E	md-usb_flash_drive
󱊟	U+F129F	md-usb_flash_drive_outline
󱊠	U+F12A0	md-water_polo
󱊡	U+F12A1	md-battery_low
󱊢	U+F12A2	md-battery_medium
󱊣	U+F12A3	md-battery_high
󱊤	U+F12A4	md-battery_charging_low
󱊥	U+F12A5	md-battery_charging_medium
󱊦	U+F12A6	md-battery_charging_high
󱊧	U+F12A7	md-hexadecimal
󱊨	U+F12A8	md-gesture_tap_button
󱊩	U+F12A9	md-gesture_tap_box
󱊪	U+F12AA	md-lan_check
󱊫	U+F12AB	md-keyboard_f1
󱊬	U+F12AC	md-keyboard_f2
󱊭	U+F12AD	md-keyboard_f3
󱊮	U+F12AE	md-keyboard_f4
󱊯	U+F12AF	md-keyboard_f5
󱊰	U+F12B0	md-keyboard_f6
󱊱	U+F12B1	md-keyboard_f7
󱊲	U+F12B2	md-keyboard_f8
󱊳	U+F12B3	md-keyboard_f9
󱊴	U+F12B4	md-keyboard_f10
󱊵	U+F12B5	md-keyboard_f11
󱊶	U+F12B6	md-keyboard_f12
󱊷	U+F12B7	md-keyboard_esc
󱊸	U+F12B8	md-toslink
󱊹	U+F12B9	md-cheese
󱊺	U+F12BA	md-string_lights
󱊻	U+F12BB	md-string_lights_off
󱊼	U+F12BC	md-whistle_outline
󱊽	U+F12BD	md-stairs_up
󱊾	U+F12BE	md-stairs_down
󱊿	U+F12BF	md-escalator_up
󱋀	U+F12C0	md-escalator_down
󱋁	U+F12C1	md-elevator_up
󱋂	U+F12C2	md-elevator_down
󱋃	U+F12C3	md-lightbulb_cfl_spiral_off
󱋄	U+F12C4	md-comment_edit_outline
󱋅	U+F12C5	md-tooltip_edit_outline
󱋆	U+F12C6	md-monitor_edit
󱋇	U+F12C7	md-email_sync
󱋈	U+F12C8	md-email_sync_outline
󱋉	U+F12C9	md-chat_alert_outline
󱋊	U+F12CA	md-chat_processing_outline
󱋋	U+F12CB	md-snowflake_melt
󱋌	U+F12CC	md-cloud_check_outline
󱋍	U+F12CD	md-lightbulb_group_off
󱋎	U+F12CE	md-lightbulb_group_off_outline
󱋏	U+F12CF	md-lightbulb_multiple_off
󱋐	U+F12D0	md-lightbulb_multiple_off_outline
󱋑	U+F12D1	md-chat_sleep
󱋒	U+F12D2	md-chat_sleep_outline
󱋓	U+F12D3	md-garage_variant
󱋔	U+F12D4	md-garage_open_variant
󱋕	U+F12D5	md-garage_alert_variant
󱋖	U+F12D6	md-cloud_sync_outline
󱋗	U+F12D7	md-globe_light
󱋘	U+F12D8	md-cellphone_nfc_off
󱋙	U+F12D9	md-leaf_off
󱋚	U+F12DA	md-leaf_maple_off
󱋛	U+F12DB	md-map_marker_left
󱋜	U+F12DC	md-map_marker_right
󱋝	U+F12DD	md-map_marker_left_outline
󱋞	U+F12DE	md-map_marker_right_outline
󱋟	U+F12DF	md-account_cancel
󱋠	U+F12E0	md-account_cancel_outline
󱋡	U+F12E1	md-file_clock
󱋢	U+F12E2	md-file_clock_outline
󱋣	U+F12E3	md-folder_table
󱋤	U+F12E4	md-folder_table_outline
󱋥	U+F12E5	md-hydro_power
󱋦	U+F12E6	md-doorbell
󱋧	U+F12E7	md-bulma
󱋨	U+F12E8	md-iobroker
󱋩	U+F12E9	md-oci
󱋪	U+F12EA	md-label_percent
󱋫	U+F12EB	md-label_percent_outline
󱋬	U+F12EC	md-checkbox_blank_off
󱋭	U+F12ED	md-checkbox_blank_off_outline
󱋮	U+F12EE	md-square_off
󱋯	U+F12EF	md-square_off_outline
󱋰	U+F12F0	md-drag_horizontal_variant
󱋱	U+F12F1	md-drag_vertical_variant
󱋲	U+F12F2	md-message_arrow_left
󱋳	U+F12F3	md-message_arrow_left_outline
󱋴	U+F12F4	md-message_arrow_right
󱋵	U+F12F5	md-message_arrow_right_outline
󱋶	U+F12F6	md-database_marker
󱋷	U+F12F7	md-tag_multiple_outline
󱋸	U+F12F8	md-map_marker_plus_outline
󱋹	U+F12F9	md-map_marker_minus_outline
󱋺	U+F12FA	md-map_marker_remove_outline
󱋻	U+F12FB	md-map_marker_check_outline
󱋼	U+F12FC	md-map_marker_radius_outline
󱋽	U+F12FD	md-map_marker_off_outline
󱋾	U+F12FE	md-molecule_co
󱋿	U+F12FF	md-jump_rope
󱌀	U+F1300	md-kettlebell
󱌁	U+F1301	md-account_convert_outline
󱌂	U+F1302	md-bunk_bed
󱌃	U+F1303	md-fleur_de_lis
󱌄	U+F1304	md-ski
󱌅	U+F1305	md-ski_cross_country
󱌆	U+F1306	md-ski_water
󱌇	U+F1307	md-snowboard
󱌈	U+F1308	md-account_tie_voice
󱌉	U+F1309	md-account_tie_voice_outline
󱌊	U+F130A	md-account_tie_voice_off
󱌋	U+F130B	md-account_tie_voice_off_outline
󱌌	U+F130C	md-beer_outline
󱌍	U+F130D	md-glass_pint_outline
󱌎	U+F130E	md-coffee_to_go_outline
󱌏	U+F130F	md-cup_outline
󱌐	U+F1310	md-bottle_wine_outline
󱌑	U+F1311	md-earth_arrow_right
󱌒	U+F1312	md-key_arrow_right
󱌓	U+F1313	md-format_color_marker_cancel
󱌔	U+F1314	md-mother_heart
󱌕	U+F1315	md-currency_eur_off
󱌖	U+F1316	md-semantic_web
󱌗	U+F1317	md-kettle_alert
󱌘	U+F1318	md-kettle_alert_outline
󱌙	U+F1319	md-kettle_steam
󱌚	U+F131A	md-kettle_steam_outline
󱌛	U+F131B	md-kettle_off
󱌜	U+F131C	md-kettle_off_outline
󱌝	U+F131D	md-simple_icons
󱌞	U+F131E	md-briefcase_check_outline
󱌟	U+F131F	md-clipboard_plus_outline
󱌠	U+F1320	md-download_lock
󱌡	U+F1321	md-download_lock_outline
󱌢	U+F1322	md-hammer_screwdriver
󱌣	U+F1323	md-hammer_wrench
󱌤	U+F1324	md-hydraulic_oil_level
󱌥	U+F1325	md-hydraulic_oil_temperature
󱌦	U+F1326	md-medal_outline
󱌧	U+F1327	md-rodent
󱌨	U+F1328	md-abjad_arabic
󱌩	U+F1329	md-abjad_hebrew
󱌪	U+F132A	md-abugida_devanagari
󱌫	U+F132B	md-abugida_thai
󱌬	U+F132C	md-alphabet_aurebesh
󱌭	U+F132D	md-alphabet_cyrillic
󱌮	U+F132E	md-alphabet_greek
󱌯	U+F132F	md-alphabet_latin
󱌰	U+F1330	md-alphabet_piqad
󱌱	U+F1331	md-ideogram_cjk
󱌲	U+F1332	md-ideogram_cjk_variant
󱌳	U+F1333	md-syllabary_hangul
󱌴	U+F1334	md-syllabary_hiragana
󱌵	U+F1335	md-syllabary_katakana
󱌶	U+F1336	md-syllabary_katakana_halfwidth
󱌷	U+F1337	md-alphabet_tengwar
󱌸	U+F1338	md-head_alert
󱌹	U+F1339	md-head_alert_outline
󱌺	U+F133A	md-head_check
󱌻	U+F133B	md-head_check_outline
󱌼	U+F133C	md-head_cog
󱌽	U+F133D	md-head_cog_outline
󱌾	U+F133E	md-head_dots_horizontal
󱌿	U+F133F	md-head_dots_horizontal_outline
󱍀	U+F1340	md-head_flash
󱍁	U+F1341	md-head_flash_outline
󱍂	U+F1342	md-head_heart
󱍃	U+F1343	md-head_heart_outline
󱍄	U+F1344	md-head_lightbulb
󱍅	U+F1345	md-head_lightbulb_outline
󱍆	U+F1346	md-head_minus
󱍇	U+F1347	md-head_minus_outline
󱍈	U+F1348	md-head_plus
󱍉	U+F1349	md-head_plus_outline
󱍊	U+F134A	md-head_question
󱍋	U+F134B	md-head_question_outline
󱍌	U+F134C	md-head_remove
󱍍	U+F134D	md-head_remove_outline
󱍎	U+F134E	md-head_snowflake
󱍏	U+F134F	md-head_snowflake_outline
󱍐	U+F1350	md-head_sync
󱍑	U+F1351	md-head_sync_outline
󱍒	U+F1352	md-hvac
󱍓	U+F1353	md-pencil_ruler
󱍔	U+F1354	md-pipe_wrench
󱍕	U+F1355	md-widgets_outline
󱍖	U+F1356	md-television_ambient_light
󱍗	U+F1357	md-propane_tank
󱍘	U+F1358	md-propane_tank_outline
󱍙	U+F1359	md-folder_music
󱍚	U+F135A	md-folder_music_outline
󱍛	U+F135B	md-klingon
󱍜	U+F135C	md-palette_swatch_outline
󱍝	U+F135D	md-form_textbox_lock
󱍞	U+F135E	md-head
󱍟	U+F135F	md-head_outline
󱍠	U+F1360	md-shield_half
󱍡	U+F1361	md-store_outline
󱍢	U+F1362	md-google_downasaur
󱍣	U+F1363	md-bottle_soda_classic_outline
󱍤	U+F1364	md-sticker
󱍥	U+F1365	md-sticker_alert
󱍦	U+F1366	md-sticker_alert_outline
󱍧	U+F1367	md-sticker_check
󱍨	U+F1368	md-sticker_check_outline
󱍩	U+F1369	md-sticker_minus
󱍪	U+F136A	md-sticker_minus_outline
󱍫	U+F136B	md-sticker_outline
󱍬	U+F136C	md-sticker_plus
󱍭	U+F136D	md-sticker_plus_outline
󱍮	U+F136E	md-sticker_remove
󱍯	U+F136F	md-sticker_remove_outline
󱍰	U+F1370	md-account_cog
󱍱	U+F1371	md-account_cog_outline
󱍲	U+F1372	md-account_details_outline
󱍳	U+F1373	md-upload_lock
󱍴	U+F1374	md-upload_lock_outline
󱍵	U+F1375	md-label_multiple
󱍶	U+F1376	md-label_multiple_outline
󱍷	U+F1377	md-refresh_circle
󱍸	U+F1378	md-sync_circle
󱍹	U+F1379	md-bookmark_music_outline
󱍺	U+F137A	md-bookmark_remove_outline
󱍻	U+F137B	md-bookmark_check_outline
󱍼	U+F137C	md-traffic_cone
󱍽	U+F137D	md-cup_off_outline
󱍾	U+F137E	md-auto_download
󱍿	U+F137F	md-shuriken
󱎀	U+F1380	md-chart_ppf
󱎁	U+F1381	md-elevator_passenger
󱎂	U+F1382	md-compass_rose
󱎃	U+F1383	md-space_station
󱎄	U+F1384	md-order_bool_descending
󱎅	U+F1385	md-sort_bool_ascending
󱎆	U+F1386	md-sort_bool_ascending_variant
󱎇	U+F1387	md-sort_bool_descending
󱎈	U+F1388	md-sort_bool_descending_variant
󱎉	U+F1389	md-sort_numeric_ascending
󱎊	U+F138A	md-sort_numeric_descending
󱎋	U+F138B	md-human_baby_changing_table
󱎌	U+F138C	md-human_male_child
󱎍	U+F138D	md-human_wheelchair
󱎎	U+F138E	md-microsoft_access
󱎏	U+F138F	md-microsoft_excel
󱎐	U+F1390	md-microsoft_powerpoint
󱎑	U+F1391	md-microsoft_sharepoint
󱎒	U+F1392	md-microsoft_word
󱎓	U+F1393	md-nintendo_game_boy
󱎔	U+F1394	md-cable_data
󱎕	U+F1395	md-circle_half
󱎖	U+F1396	md-circle_half_full
󱎗	U+F1397	md-cellphone_charging
󱎘	U+F1398	md-close_thick
󱎙	U+F1399	md-escalator_box
󱎚	U+F139A	md-lock_check
󱎛	U+F139B	md-lock_open_alert
󱎜	U+F139C	md-lock_open_check
󱎝	U+F139D	md-recycle_variant
󱎞	U+F139E	md-stairs_box
󱎟	U+F139F	md-hand_water
󱎠	U+F13A0	md-table_refresh
󱎡	U+F13A1	md-table_sync
󱎢	U+F13A2	md-size_xxs
󱎣	U+F13A3	md-size_xs
󱎤	U+F13A4	md-size_s
󱎥	U+F13A5	md-size_m
󱎦	U+F13A6	md-size_l
󱎧	U+F13A7	md-size_xl
󱎨	U+F13A8	md-size_xxl
󱎩	U+F13A9	md-size_xxxl
󱎪	U+F13AA	md-ticket_confirmation_outline
󱎫	U+F13AB	md-timer
󱎬	U+F13AC	md-timer_off
󱎭	U+F13AD	md-book_account
󱎮	U+F13AE	md-book_account_outline
󱎯	U+F13AF	md-rocket_outline
󱎰	U+F13B0	md-home_search
󱎱	U+F13B1	md-home_search_outline
󱎲	U+F13B2	md-car_arrow_left
󱎳	U+F13B3	md-car_arrow_right
󱎴	U+F13B4	md-monitor_eye
󱎵	U+F13B5	md-lipstick
󱎶	U+F13B6	md-virus
󱎷	U+F13B7	md-virus_outline
󱎸	U+F13B8	md-text_search
󱎹	U+F13B9	md-table_account
󱎺	U+F13BA	md-table_alert
󱎻	U+F13BB	md-table_arrow_down
󱎼	U+F13BC	md-table_arrow_left
󱎽	U+F13BD	md-table_arrow_right
󱎾	U+F13BE	md-table_arrow_up
󱎿	U+F13BF	md-table_cancel
󱏀	U+F13C0	md-table_check
󱏁	U+F13C1	md-table_clock
󱏂	U+F13C2	md-table_cog
󱏃	U+F13C3	md-table_eye_off
󱏄	U+F13C4	md-table_heart
󱏅	U+F13C5	md-table_key
󱏆	U+F13C6	md-table_lock
󱏇	U+F13C7	md-table_minus
󱏈	U+F13C8	md-table_multiple
󱏉	U+F13C9	md-table_network
󱏊	U+F13CA	md-table_off
󱏋	U+F13CB	md-table_star
󱏌	U+F13CC	md-car_cog
󱏍	U+F13CD	md-car_settings
󱏎	U+F13CE	md-cog_off
󱏏	U+F13CF	md-cog_off_outline
󱏐	U+F13D0	md-credit_card_check
󱏑	U+F13D1	md-credit_card_check_outline
󱏒	U+F13D2	md-file_tree_outline
󱏓	U+F13D3	md-folder_star_multiple
󱏔	U+F13D4	md-folder_star_multiple_outline
󱏕	U+F13D5	md-home_minus_outline
󱏖	U+F13D6	md-home_plus_outline
󱏗	U+F13D7	md-home_remove_outline
󱏘	U+F13D8	md-scan_helper
󱏙	U+F13D9	md-video_3d_off
󱏚	U+F13DA	md-shield_bug
󱏛	U+F13DB	md-shield_bug_outline
󱏜	U+F13DC	md-eyedropper_plus
󱏝	U+F13DD	md-eyedropper_minus
󱏞	U+F13DE	md-eyedropper_remove
󱏟	U+F13DF	md-eyedropper_off
󱏠	U+F13E0	md-baby_buggy
󱏡	U+F13E1	md-umbrella_closed_variant
󱏢	U+F13E2	md-umbrella_closed_outline
󱏣	U+F13E3	md-email_off
󱏤	U+F13E4	md-email_off_outline
󱏥	U+F13E5	md-food_variant_off
󱏦	U+F13E6	md-play_box_multiple_outline
󱏧	U+F13E7	md-bell_cancel
󱏨	U+F13E8	md-bell_cancel_outline
󱏩	U+F13E9	md-bell_minus
󱏪	U+F13EA	md-bell_minus_outline
󱏫	U+F13EB	md-bell_remove
󱏬	U+F13EC	md-bell_remove_outline
󱏭	U+F13ED	md-beehive_off_outline
󱏮	U+F13EE	md-cheese_off
󱏯	U+F13EF	md-corn_off
󱏰	U+F13F0	md-egg_off
󱏱	U+F13F1	md-egg_off_outline
󱏲	U+F13F2	md-egg_outline
󱏳	U+F13F3	md-fish_off
󱏴	U+F13F4	md-flask_empty_off
󱏵	U+F13F5	md-flask_empty_off_outline
󱏶	U+F13F6	md-flask_off
󱏷	U+F13F7	md-flask_off_outline
󱏸	U+F13F8	md-fruit_cherries_off
󱏹	U+F13F9	md-fruit_citrus_off
󱏺	U+F13FA	md-mushroom_off
󱏻	U+F13FB	md-mushroom_off_outline
󱏼	U+F13FC	md-soy_sauce_off
󱏽	U+F13FD	md-seed_off
󱏾	U+F13FE	md-seed_off_outline
󱏿	U+F13FF	md-tailwind
󱐀	U+F1400	md-form_dropdown
󱐁	U+F1401	md-form_select
󱐂	U+F1402	md-pump
󱐃	U+F1403	md-earth_plus
󱐄	U+F1404	md-earth_minus
󱐅	U+F1405	md-earth_remove
󱐆	U+F1406	md-earth_box_plus
󱐇	U+F1407	md-earth_box_minus
󱐈	U+F1408	md-earth_box_remove
󱐉	U+F1409	md-gas_station_off
󱐊	U+F140A	md-gas_station_off_outline
󱐋	U+F140B	md-lightning_bolt
󱐌	U+F140C	md-lightning_bolt_outline
󱐍	U+F140D	md-smoking_pipe
󱐎	U+F140E	md-axis_arrow_info
󱐏	U+F140F	md-chat_plus
󱐐	U+F1410	md-chat_minus
󱐑	U+F1411	md-chat_remove
󱐒	U+F1412	md-chat_plus_outline
󱐓	U+F1413	md-chat_minus_outline
󱐔	U+F1414	md-chat_remove_outline
󱐕	U+F1415	md-bucket
󱐖	U+F1416	md-bucket_outline
󱐗	U+F1417	md-pail
󱐘	U+F1418	md-image_remove
󱐙	U+F1419	md-image_minus
󱐚	U+F141A	md-pine_tree_fire
󱐛	U+F141B	md-cigar_off
󱐜	U+F141C	md-cube_off
󱐝	U+F141D	md-cube_off_outline
󱐞	U+F141E	md-dome_light
󱐟	U+F141F	md-food_drumstick
󱐠	U+F1420	md-food_drumstick_outline
󱐡	U+F1421	md-incognito_circle
󱐢	U+F1422	md-incognito_circle_off
󱐣	U+F1423	md-microwave_off
󱐤	U+F1424	md-power_plug_off_outline
󱐥	U+F1425	md-power_plug_outline
󱐦	U+F1426	md-puzzle_check
󱐧	U+F1427	md-puzzle_check_outline
󱐨	U+F1428	md-smoking_pipe_off
󱐩	U+F1429	md-spoon_sugar
󱐪	U+F142A	md-table_split_cell
󱐫	U+F142B	md-ticket_percent_outline
󱐬	U+F142C	md-fuse_off
󱐭	U+F142D	md-fuse_alert
󱐮	U+F142E	md-heart_plus
󱐯	U+F142F	md-heart_minus
󱐰	U+F1430	md-heart_remove
󱐱	U+F1431	md-heart_plus_outline
󱐲	U+F1432	md-heart_minus_outline
󱐳	U+F1433	md-heart_remove_outline
󱐴	U+F1434	md-heart_off_outline
󱐵	U+F1435	md-motion_sensor_off
󱐶	U+F1436	md-pail_plus
󱐷	U+F1437	md-pail_minus
󱐸	U+F1438	md-pail_remove
󱐹	U+F1439	md-pail_off
󱐺	U+F143A	md-pail_outline
󱐻	U+F143B	md-pail_plus_outline
󱐼	U+F143C	md-pail_minus_outline
󱐽	U+F143D	md-pail_remove_outline
󱐾	U+F143E	md-pail_off_outline
󱐿	U+F143F	md-clock_time_one
󱑀	U+F1440	md-clock_time_two
󱑁	U+F1441	md-clock_time_three
󱑂	U+F1442	md-clock_time_four
󱑃	U+F1443	md-clock_time_five
󱑄	U+F1444	md-clock_time_six
󱑅	U+F1445	md-clock_time_seven
󱑆	U+F1446	md-clock_time_eight
󱑇	U+F1447	md-clock_time_nine
󱑈	U+F1448	md-clock_time_ten
󱑉	U+F1449	md-clock_time_eleven
󱑊	U+F144A	md-clock_time_twelve
󱑋	U+F144B	md-clock_time_one_outline
󱑌	U+F144C	md-clock_time_two_outline
󱑍	U+F144D	md-clock_time_three_outline
󱑎	U+F144E	md-clock_time_four_outline
󱑏	U+F144F	md-clock_time_five_outline
󱑐	U+F1450	md-clock_time_six_outline
󱑑	U+F1451	md-clock_time_seven_outline
󱑒	U+F1452	md-clock_time_eight_outline
󱑓	U+F1453	md-clock_time_nine_outline
󱑔	U+F1454	md-clock_time_ten_outline
󱑕	U+F1455	md-clock_time_eleven_outline
󱑖	U+F1456	md-clock_time_twelve_outline
󱑗	U+F1457	md-printer_search
󱑘	U+F1458	md-printer_eye
󱑙	U+F1459	md-minus_circle_off
󱑚	U+F145A	md-minus_circle_off_outline
󱑛	U+F145B	md-content_save_cog
󱑜	U+F145C	md-content_save_cog_outline
󱑝	U+F145D	md-set_square
󱑞	U+F145E	md-cog_refresh
󱑟	U+F145F	md-cog_refresh_outline
󱑠	U+F1460	md-cog_sync
󱑡	U+F1461	md-cog_sync_outline
󱑢	U+F1462	md-download_box
󱑣	U+F1463	md-download_box_outline
󱑤	U+F1464	md-download_circle
󱑥	U+F1465	md-download_circle_outline
󱑦	U+F1466	md-air_humidifier_off
󱑧	U+F1467	md-chili_off
󱑨	U+F1468	md-food_drumstick_off
󱑩	U+F1469	md-food_drumstick_off_outline
󱑪	U+F146A	md-food_steak
󱑫	U+F146B	md-food_steak_off
󱑬	U+F146C	md-fan_alert
󱑭	U+F146D	md-fan_chevron_down
󱑮	U+F146E	md-fan_chevron_up
󱑯	U+F146F	md-fan_plus
󱑰	U+F1470	md-fan_minus
󱑱	U+F1471	md-fan_remove
󱑲	U+F1472	md-fan_speed_1
󱑳	U+F1473	md-fan_speed_2
󱑴	U+F1474	md-fan_speed_3
󱑵	U+F1475	md-rug
󱑶	U+F1476	md-lingerie
󱑷	U+F1477	md-wizard_hat
󱑸	U+F1478	md-hours_24
󱑹	U+F1479	md-cosine_wave
󱑺	U+F147A	md-sawtooth_wave
󱑻	U+F147B	md-square_wave
󱑼	U+F147C	md-triangle_wave
󱑽	U+F147D	md-waveform
󱑾	U+F147E	md-folder_multiple_plus
󱑿	U+F147F	md-folder_multiple_plus_outline
󱒀	U+F1480	md-current_ac
󱒁	U+F1481	md-watering_can
󱒂	U+F1482	md-watering_can_outline
󱒃	U+F1483	md-monitor_share
󱒄	U+F1484	md-laser_pointer
󱒅	U+F1485	md-view_array_outline
󱒆	U+F1486	md-view_carousel_outline
󱒇	U+F1487	md-view_column_outline
󱒈	U+F1488	md-view_comfy_outline
󱒉	U+F1489	md-view_dashboard_variant_outline
󱒊	U+F148A	md-view_day_outline
󱒋	U+F148B	md-view_list_outline
󱒌	U+F148C	md-view_module_outline
󱒍	U+F148D	md-view_parallel_outline
󱒎	U+F148E	md-view_quilt_outline
󱒏	U+F148F	md-view_sequential_outline
󱒐	U+F1490	md-view_stream_outline
󱒑	U+F1491	md-view_week_outline
󱒒	U+F1492	md-compare_horizontal
󱒓	U+F1493	md-compare_vertical
󱒔	U+F1494	md-briefcase_variant
󱒕	U+F1495	md-briefcase_variant_outline
󱒖	U+F1496	md-relation_many_to_many
󱒗	U+F1497	md-relation_many_to_one
󱒘	U+F1498	md-relation_many_to_one_or_many
󱒙	U+F1499	md-relation_many_to_only_one
󱒚	U+F149A	md-relation_many_to_zero_or_many
󱒛	U+F149B	md-relation_many_to_zero_or_one
󱒜	U+F149C	md-relation_one_or_many_to_many
󱒝	U+F149D	md-relation_one_or_many_to_one
󱒞	U+F149E	md-relation_one_or_many_to_one_or_many
󱒟	U+F149F	md-relation_one_or_many_to_only_one
󱒠	U+F14A0	md-relation_one_or_many_to_zero_or_many
󱒡	U+F14A1	md-relation_one_or_many_to_zero_or_one
󱒢	U+F14A2	md-relation_one_to_many
󱒣	U+F14A3	md-relation_one_to_one
󱒤	U+F14A4	md-relation_one_to_one_or_many
󱒥	U+F14A5	md-relation_one_to_only_one
󱒦	U+F14A6	md-relation_one_to_zero_or_many
󱒧	U+F14A7	md-relation_one_to_zero_or_one
󱒨	U+F14A8	md-relation_only_one_to_many
󱒩	U+F14A9	md-relation_only_one_to_one
󱒪	U+F14AA	md-relation_only_one_to_one_or_many
󱒫	U+F14AB	md-relation_only_one_to_only_one
󱒬	U+F14AC	md-relation_only_one_to_zero_or_many
󱒭	U+F14AD	md-relation_only_one_to_zero_or_one
󱒮	U+F14AE	md-relation_zero_or_many_to_many
󱒯	U+F14AF	md-relation_zero_or_many_to_one
󱒰	U+F14B0	md-relation_zero_or_many_to_one_or_many
󱒱	U+F14B1	md-relation_zero_or_many_to_only_one
󱒲	U+F14B2	md-relation_zero_or_many_to_zero_or_many
󱒳	U+F14B3	md-relation_zero_or_many_to_zero_or_one
󱒴	U+F14B4	md-relation_zero_or_one_to_many
󱒵	U+F14B5	md-relation_zero_or_one_to_one
󱒶	U+F14B6	md-relation_zero_or_one_to_one_or_many
󱒷	U+F14B7	md-relation_zero_or_one_to_only_one
󱒸	U+F14B8	md-relation_zero_or_one_to_zero_or_many
󱒹	U+F14B9	md-relation_zero_or_one_to_zero_or_one
󱒺	U+F14BA	md-alert_plus
󱒻	U+F14BB	md-alert_minus
󱒼	U+F14BC	md-alert_remove
󱒽	U+F14BD	md-alert_plus_outline
󱒾	U+F14BE	md-alert_minus_outline
󱒿	U+F14BF	md-alert_remove_outline
󱓀	U+F14C0	md-carabiner
󱓁	U+F14C1	md-fencing
󱓂	U+F14C2	md-skateboard
󱓃	U+F14C3	md-polo
󱓄	U+F14C4	md-tractor_variant
󱓅	U+F14C5	md-radiology_box
󱓆	U+F14C6	md-radiology_box_outline
󱓇	U+F14C7	md-skull_scan
󱓈	U+F14C8	md-skull_scan_outline
󱓉	U+F14C9	md-plus_minus_variant
󱓊	U+F14CA	md-source_branch_plus
󱓋	U+F14CB	md-source_branch_minus
󱓌	U+F14CC	md-source_branch_remove
󱓍	U+F14CD	md-source_branch_refresh
󱓎	U+F14CE	md-source_branch_sync
󱓏	U+F14CF	md-source_branch_check
󱓐	U+F14D0	md-puzzle_plus
󱓑	U+F14D1	md-puzzle_minus
󱓒	U+F14D2	md-puzzle_remove
󱓓	U+F14D3	md-puzzle_edit
󱓔	U+F14D4	md-puzzle_heart
󱓕	U+F14D5	md-puzzle_star
󱓖	U+F14D6	md-puzzle_plus_outline
󱓗	U+F14D7	md-puzzle_minus_outline
󱓘	U+F14D8	md-puzzle_remove_outline
󱓙	U+F14D9	md-puzzle_edit_outline
󱓚	U+F14DA	md-puzzle_heart_outline
󱓛	U+F14DB	md-puzzle_star_outline
󱓜	U+F14DC	md-rhombus_medium_outline
󱓝	U+F14DD	md-rhombus_split_outline
󱓞	U+F14DE	md-rocket_launch
󱓟	U+F14DF	md-rocket_launch_outline
󱓠	U+F14E0	md-set_merge
󱓡	U+F14E1	md-set_split
󱓢	U+F14E2	md-beekeeper
󱓣	U+F14E3	md-snowflake_off
󱓤	U+F14E4	md-weather_sunny_off
󱓥	U+F14E5	md-clipboard_edit
󱓦	U+F14E6	md-clipboard_edit_outline
󱓧	U+F14E7	md-notebook_edit
󱓨	U+F14E8	md-human_edit
󱓩	U+F14E9	md-notebook_edit_outline
󱓪	U+F14EA	md-cash_lock
󱓫	U+F14EB	md-cash_lock_open
󱓬	U+F14EC	md-account_supervisor_circle_outline
󱓭	U+F14ED	md-car_outline
󱓮	U+F14EE	md-cash_check
󱓯	U+F14EF	md-filter_off
󱓰	U+F14F0	md-filter_off_outline
󱓱	U+F14F1	md-spirit_level
󱓲	U+F14F2	md-wheel_barrow
󱓳	U+F14F3	md-book_check
󱓴	U+F14F4	md-book_check_outline
󱓵	U+F14F5	md-notebook_check
󱓶	U+F14F6	md-notebook_check_outline
󱓷	U+F14F7	md-book_open_variant
󱓸	U+F14F8	md-sign_pole
󱓹	U+F14F9	md-shore
󱓺	U+F14FA	md-shape_square_rounded_plus
󱓻	U+F14FB	md-square_rounded
󱓼	U+F14FC	md-square_rounded_outline
󱓽	U+F14FD	md-archive_alert
󱓾	U+F14FE	md-archive_alert_outline
󱓿	U+F14FF	md-power_socket_it
󱔀	U+F1500	md-square_circle
󱔁	U+F1501	md-symbol
󱔂	U+F1502	md-water_alert
󱔃	U+F1503	md-water_alert_outline
󱔄	U+F1504	md-water_check
󱔅	U+F1505	md-water_check_outline
󱔆	U+F1506	md-water_minus
󱔇	U+F1507	md-water_minus_outline
󱔈	U+F1508	md-water_off_outline
󱔉	U+F1509	md-water_percent_alert
󱔊	U+F150A	md-water_plus
󱔋	U+F150B	md-water_plus_outline
󱔌	U+F150C	md-water_remove
󱔍	U+F150D	md-water_remove_outline
󱔎	U+F150E	md-snake
󱔏	U+F150F	md-format_text_variant_outline
󱔐	U+F1510	md-grass
󱔑	U+F1511	md-access_point_off
󱔒	U+F1512	md-currency_mnt
󱔓	U+F1513	md-dock_top
󱔔	U+F1514	md-share_variant_outline
󱔕	U+F1515	md-transit_skip
󱔖	U+F1516	md-yurt
󱔗	U+F1517	md-file_document_multiple
󱔘	U+F1518	md-file_document_multiple_outline
󱔙	U+F1519	md-ev_plug_ccs1
󱔚	U+F151A	md-ev_plug_ccs2
󱔛	U+F151B	md-ev_plug_chademo
󱔜	U+F151C	md-ev_plug_tesla
󱔝	U+F151D	md-ev_plug_type1
󱔞	U+F151E	md-ev_plug_type2
󱔟	U+F151F	md-office_building_outline
󱔠	U+F1520	md-office_building_marker
󱔡	U+F1521	md-office_building_marker_outline
󱔢	U+F1522	md-progress_question
󱔣	U+F1523	md-basket_minus
󱔤	U+F1524	md-basket_minus_outline
󱔥	U+F1525	md-basket_off
󱔦	U+F1526	md-basket_off_outline
󱔧	U+F1527	md-basket_plus
󱔨	U+F1528	md-basket_plus_outline
󱔩	U+F1529	md-basket_remove
󱔪	U+F152A	md-basket_remove_outline
󱔫	U+F152B	md-account_reactivate
󱔬	U+F152C	md-account_reactivate_outline
󱔭	U+F152D	md-car_lifted_pickup
󱔮	U+F152E	md-video_high_definition
󱔯	U+F152F	md-phone_remove
󱔰	U+F1530	md-phone_remove_outline
󱔱	U+F1531	md-thermometer_off
󱔲	U+F1532	md-timeline_check
󱔳	U+F1533	md-timeline_check_outline
󱔴	U+F1534	md-timeline_minus
󱔵	U+F1535	md-timeline_minus_outline
󱔶	U+F1536	md-timeline_remove
󱔷	U+F1537	md-timeline_remove_outline
󱔸	U+F1538	md-access_point_check
󱔹	U+F1539	md-access_point_minus
󱔺	U+F153A	md-access_point_plus
󱔻	U+F153B	md-access_point_remove
󱔼	U+F153C	md-data_matrix
󱔽	U+F153D	md-data_matrix_edit
󱔾	U+F153E	md-data_matrix_minus
󱔿	U+F153F	md-data_matrix_plus
󱕀	U+F1540	md-data_matrix_remove
󱕁	U+F1541	md-data_matrix_scan
󱕂	U+F1542	md-tune_variant
󱕃	U+F1543	md-tune_vertical_variant
󱕄	U+F1544	md-rake
󱕅	U+F1545	md-shimmer
󱕆	U+F1546	md-transit_connection_horizontal
󱕇	U+F1547	md-sort_calendar_ascending
󱕈	U+F1548	md-sort_calendar_descending
󱕉	U+F1549	md-sort_clock_ascending
󱕊	U+F154A	md-sort_clock_ascending_outline
󱕋	U+F154B	md-sort_clock_descending
󱕌	U+F154C	md-sort_clock_descending_outline
󱕍	U+F154D	md-chart_box
󱕎	U+F154E	md-chart_box_outline
󱕏	U+F154F	md-chart_box_plus_outline
󱕐	U+F1550	md-mouse_move_down
󱕑	U+F1551	md-mouse_move_up
󱕒	U+F1552	md-mouse_move_vertical
󱕓	U+F1553	md-pitchfork
󱕔	U+F1554	md-vanish_quarter
󱕕	U+F1555	md-application_settings_outline
󱕖	U+F1556	md-delete_clock
󱕗	U+F1557	md-delete_clock_outline
󱕘	U+F1558	md-kangaroo
󱕙	U+F1559	md-phone_dial
󱕚	U+F155A	md-phone_dial_outline
󱕛	U+F155B	md-star_off_outline
󱕜	U+F155C	md-tooltip_check
󱕝	U+F155D	md-tooltip_check_outline
󱕞	U+F155E	md-tooltip_minus
󱕟	U+F155F	md-tooltip_minus_outline
󱕠	U+F1560	md-tooltip_remove
󱕡	U+F1561	md-tooltip_remove_outline
󱕢	U+F1562	md-pretzel
󱕣	U+F1563	md-star_plus
󱕤	U+F1564	md-star_minus
󱕥	U+F1565	md-star_remove
󱕦	U+F1566	md-star_check
󱕧	U+F1567	md-star_plus_outline
󱕨	U+F1568	md-star_minus_outline
󱕩	U+F1569	md-star_remove_outline
󱕪	U+F156A	md-star_check_outline
󱕫	U+F156B	md-eiffel_tower
󱕬	U+F156C	md-submarine
󱕭	U+F156D	md-sofa_outline
󱕮	U+F156E	md-sofa_single
󱕯	U+F156F	md-sofa_single_outline
󱕰	U+F1570	md-text_account
󱕱	U+F1571	md-human_queue
󱕲	U+F1572	md-food_halal
󱕳	U+F1573	md-food_kosher
󱕴	U+F1574	md-key_chain
󱕵	U+F1575	md-key_chain_variant
󱕶	U+F1576	md-lamps
󱕷	U+F1577	md-application_cog_outline
󱕸	U+F1578	md-dance_pole
󱕹	U+F1579	md-social_distance_2_meters
󱕺	U+F157A	md-social_distance_6_feet
󱕻	U+F157B	md-calendar_cursor
󱕼	U+F157C	md-emoticon_sick
󱕽	U+F157D	md-emoticon_sick_outline
󱕾	U+F157E	md-hand_heart_outline
󱕿	U+F157F	md-hand_wash
󱖀	U+F1580	md-hand_wash_outline
󱖁	U+F1581	md-human_cane
󱖂	U+F1582	md-lotion
󱖃	U+F1583	md-lotion_outline
󱖄	U+F1584	md-lotion_plus
󱖅	U+F1585	md-lotion_plus_outline
󱖆	U+F1586	md-face_mask
󱖇	U+F1587	md-face_mask_outline
󱖈	U+F1588	md-reiterate
󱖉	U+F1589	md-butterfly
󱖊	U+F158A	md-butterfly_outline
󱖋	U+F158B	md-bag_suitcase
󱖌	U+F158C	md-bag_suitcase_outline
󱖍	U+F158D	md-bag_suitcase_off
󱖎	U+F158E	md-bag_suitcase_off_outline
󱖏	U+F158F	md-motion_play
󱖐	U+F1590	md-motion_pause
󱖑	U+F1591	md-motion_play_outline
󱖒	U+F1592	md-motion_pause_outline
󱖓	U+F1593	md-arrow_top_left_thin_circle_outline
󱖔	U+F1594	md-arrow_top_right_thin_circle_outline
󱖕	U+F1595	md-arrow_bottom_right_thin_circle_outline
󱖖	U+F1596	md-arrow_bottom_left_thin_circle_outline
󱖗	U+F1597	md-arrow_up_thin_circle_outline
󱖘	U+F1598	md-arrow_right_thin_circle_outline
󱖙	U+F1599	md-arrow_down_thin_circle_outline
󱖚	U+F159A	md-arrow_left_thin_circle_outline
󱖛	U+F159B	md-human_capacity_decrease
󱖜	U+F159C	md-human_capacity_increase
󱖝	U+F159D	md-human_greeting_proximity
󱖞	U+F159E	md-hvac_off
󱖟	U+F159F	md-inbox_remove
󱖠	U+F15A0	md-inbox_remove_outline
󱖡	U+F15A1	md-handshake_outline
󱖢	U+F15A2	md-ladder
󱖣	U+F15A3	md-router_wireless_off
󱖤	U+F15A4	md-seesaw
󱖥	U+F15A5	md-slide
󱖦	U+F15A6	md-calculator_variant_outline
󱖧	U+F15A7	md-shield_account_variant
󱖨	U+F15A8	md-shield_account_variant_outline
󱖩	U+F15A9	md-message_flash
󱖪	U+F15AA	md-message_flash_outline
󱖫	U+F15AB	md-list_status
󱖬	U+F15AC	md-message_bookmark
󱖭	U+F15AD	md-message_bookmark_outline
󱖮	U+F15AE	md-comment_bookmark
󱖯	U+F15AF	md-comment_bookmark_outline
󱖰	U+F15B0	md-comment_flash
󱖱	U+F15B1	md-comment_flash_outline
󱖲	U+F15B2	md-motion
󱖳	U+F15B3	md-motion_outline
󱖴	U+F15B4	md-bicycle_electric
󱖵	U+F15B5	md-car_electric_outline
󱖶	U+F15B6	md-chart_timeline_variant_shimmer
󱖷	U+F15B7	md-moped_electric
󱖸	U+F15B8	md-moped_electric_outline
󱖹	U+F15B9	md-moped_outline
󱖺	U+F15BA	md-motorbike_electric
󱖻	U+F15BB	md-rickshaw
󱖼	U+F15BC	md-rickshaw_electric
󱖽	U+F15BD	md-scooter
󱖾	U+F15BE	md-scooter_electric
󱖿	U+F15BF	md-horse
󱗀	U+F15C0	md-horse_human
󱗁	U+F15C1	md-horse_variant
󱗂	U+F15C2	md-unicorn
󱗃	U+F15C3	md-unicorn_variant
󱗄	U+F15C4	md-alarm_panel
󱗅	U+F15C5	md-alarm_panel_outline
󱗆	U+F15C6	md-bird
󱗇	U+F15C7	md-shoe_cleat
󱗈	U+F15C8	md-shoe_sneaker
󱗉	U+F15C9	md-human_female_dance
󱗊	U+F15CA	md-shoe_ballet
󱗋	U+F15CB	md-numeric_positive_1
󱗌	U+F15CC	md-face_man_shimmer
󱗍	U+F15CD	md-face_man_shimmer_outline
󱗎	U+F15CE	md-face_woman_shimmer
󱗏	U+F15CF	md-face_woman_shimmer_outline
󱗐	U+F15D0	md-home_alert_outline
󱗑	U+F15D1	md-lock_alert_outline
󱗒	U+F15D2	md-lock_open_alert_outline
󱗓	U+F15D3	md-sim_alert_outline
󱗔	U+F15D4	md-sim_off_outline
󱗕	U+F15D5	md-sim_outline
󱗖	U+F15D6	md-book_open_page_variant_outline
󱗗	U+F15D7	md-fire_alert
󱗘	U+F15D8	md-ray_start_vertex_end
󱗙	U+F15D9	md-camera_flip
󱗚	U+F15DA	md-camera_flip_outline
󱗛	U+F15DB	md-orbit_variant
󱗜	U+F15DC	md-circle_box
󱗝	U+F15DD	md-circle_box_outline
󱗞	U+F15DE	md-mustache
󱗟	U+F15DF	md-comment_minus
󱗠	U+F15E0	md-comment_minus_outline
󱗡	U+F15E1	md-comment_off
󱗢	U+F15E2	md-comment_off_outline
󱗣	U+F15E3	md-eye_remove
󱗤	U+F15E4	md-eye_remove_outline
󱗥	U+F15E5	md-unicycle
󱗦	U+F15E6	md-glass_cocktail_off
󱗧	U+F15E7	md-glass_mug_off
󱗨	U+F15E8	md-glass_mug_variant_off
󱗩	U+F15E9	md-bicycle_penny_farthing
󱗪	U+F15EA	md-cart_check
󱗫	U+F15EB	md-cart_variant
󱗬	U+F15EC	md-baseball_diamond
󱗭	U+F15ED	md-baseball_diamond_outline
󱗮	U+F15EE	md-fridge_industrial
󱗯	U+F15EF	md-fridge_industrial_alert
󱗰	U+F15F0	md-fridge_industrial_alert_outline
󱗱	U+F15F1	md-fridge_industrial_off
󱗲	U+F15F2	md-fridge_industrial_off_outline
󱗳	U+F15F3	md-fridge_industrial_outline
󱗴	U+F15F4	md-fridge_variant
󱗵	U+F15F5	md-fridge_variant_alert
󱗶	U+F15F6	md-fridge_variant_alert_outline
󱗷	U+F15F7	md-fridge_variant_off
󱗸	U+F15F8	md-fridge_variant_off_outline
󱗹	U+F15F9	md-fridge_variant_outline
󱗺	U+F15FA	md-windsock
󱗻	U+F15FB	md-dance_ballroom
󱗼	U+F15FC	md-dots_grid
󱗽	U+F15FD	md-dots_square
󱗾	U+F15FE	md-dots_triangle
󱗿	U+F15FF	md-dots_hexagon
󱘀	U+F1600	md-card_minus
󱘁	U+F1601	md-card_minus_outline
󱘂	U+F1602	md-card_off
󱘃	U+F1603	md-card_off_outline
󱘄	U+F1604	md-card_remove
󱘅	U+F1605	md-card_remove_outline
󱘆	U+F1606	md-torch
󱘇	U+F1607	md-navigation_outline
󱘈	U+F1608	md-map_marker_star
󱘉	U+F1609	md-map_marker_star_outline
󱘊	U+F160A	md-manjaro
󱘋	U+F160B	md-fast_forward_60
󱘌	U+F160C	md-rewind_60
󱘍	U+F160D	md-image_text
󱘎	U+F160E	md-family_tree
󱘏	U+F160F	md-car_emergency
󱘐	U+F1610	md-notebook_minus
󱘑	U+F1611	md-notebook_minus_outline
󱘒	U+F1612	md-notebook_plus
󱘓	U+F1613	md-notebook_plus_outline
󱘔	U+F1614	md-notebook_remove
󱘕	U+F1615	md-notebook_remove_outline
󱘖	U+F1616	md-connection
󱘗	U+F1617	md-language_rust
󱘘	U+F1618	md-clipboard_minus
󱘙	U+F1619	md-clipboard_minus_outline
󱘚	U+F161A	md-clipboard_off
󱘛	U+F161B	md-clipboard_off_outline
󱘜	U+F161C	md-clipboard_remove
󱘝	U+F161D	md-clipboard_remove_outline
󱘞	U+F161E	md-clipboard_search
󱘟	U+F161F	md-clipboard_search_outline
󱘠	U+F1620	md-clipboard_text_off
󱘡	U+F1621	md-clipboard_text_off_outline
󱘢	U+F1622	md-clipboard_text_search
󱘣	U+F1623	md-clipboard_text_search_outline
󱘤	U+F1624	md-database_alert_outline
󱘥	U+F1625	md-database_arrow_down_outline
󱘦	U+F1626	md-database_arrow_left_outline
󱘧	U+F1627	md-database_arrow_right_outline
󱘨	U+F1628	md-database_arrow_up_outline
󱘩	U+F1629	md-database_check_outline
󱘪	U+F162A	md-database_clock_outline
󱘫	U+F162B	md-database_edit_outline
󱘬	U+F162C	md-database_export_outline
󱘭	U+F162D	md-database_import_outline
󱘮	U+F162E	md-database_lock_outline
󱘯	U+F162F	md-database_marker_outline
󱘰	U+F1630	md-database_minus_outline
󱘱	U+F1631	md-database_off_outline
󱘲	U+F1632	md-database_outline
󱘳	U+F1633	md-database_plus_outline
󱘴	U+F1634	md-database_refresh_outline
󱘵	U+F1635	md-database_remove_outline
󱘶	U+F1636	md-database_search_outline
󱘷	U+F1637	md-database_settings_outline
󱘸	U+F1638	md-database_sync_outline
󱘹	U+F1639	md-minus_thick
󱘺	U+F163A	md-database_alert
󱘻	U+F163B	md-database_arrow_down
󱘼	U+F163C	md-database_arrow_left
󱘽	U+F163D	md-database_arrow_right
󱘾	U+F163E	md-database_arrow_up
󱘿	U+F163F	md-database_clock
󱙀	U+F1640	md-database_off
󱙁	U+F1641	md-calendar_lock
󱙂	U+F1642	md-calendar_lock_outline
󱙃	U+F1643	md-content_save_off
󱙄	U+F1644	md-content_save_off_outline
󱙅	U+F1645	md-credit_card_refresh
󱙆	U+F1646	md-credit_card_refresh_outline
󱙇	U+F1647	md-credit_card_search
󱙈	U+F1648	md-credit_card_search_outline
󱙉	U+F1649	md-credit_card_sync
󱙊	U+F164A	md-credit_card_sync_outline
󱙋	U+F164B	md-database_cog
󱙌	U+F164C	md-database_cog_outline
󱙍	U+F164D	md-message_off
󱙎	U+F164E	md-message_off_outline
󱙏	U+F164F	md-note_minus
󱙐	U+F1650	md-note_minus_outline
󱙑	U+F1651	md-note_remove
󱙒	U+F1652	md-note_remove_outline
󱙓	U+F1653	md-note_search
󱙔	U+F1654	md-note_search_outline
󱙕	U+F1655	md-bank_check
󱙖	U+F1656	md-bank_off
󱙗	U+F1657	md-bank_off_outline
󱙘	U+F1658	md-briefcase_off
󱙙	U+F1659	md-briefcase_off_outline
󱙚	U+F165A	md-briefcase_variant_off
󱙛	U+F165B	md-briefcase_variant_off_outline
󱙜	U+F165C	md-ghost_off_outline
󱙝	U+F165D	md-ghost_outline
󱙞	U+F165E	md-store_minus
󱙟	U+F165F	md-store_plus
󱙠	U+F1660	md-store_remove
󱙡	U+F1661	md-email_remove
󱙢	U+F1662	md-email_remove_outline
󱙣	U+F1663	md-heart_cog
󱙤	U+F1664	md-heart_cog_outline
󱙥	U+F1665	md-heart_settings
󱙦	U+F1666	md-heart_settings_outline
󱙧	U+F1667	md-pentagram
󱙨	U+F1668	md-star_cog
󱙩	U+F1669	md-star_cog_outline
󱙪	U+F166A	md-star_settings
󱙫	U+F166B	md-star_settings_outline
󱙬	U+F166C	md-calendar_end
󱙭	U+F166D	md-calendar_start
󱙮	U+F166E	md-cannabis_off
󱙯	U+F166F	md-mower
󱙰	U+F1670	md-mower_bag
󱙱	U+F1671	md-lock_off
󱙲	U+F1672	md-lock_off_outline
󱙳	U+F1673	md-shark_fin
󱙴	U+F1674	md-shark_fin_outline
󱙵	U+F1675	md-paw_outline
󱙶	U+F1676	md-paw_off_outline
󱙷	U+F1677	md-snail
󱙸	U+F1678	md-pig_variant_outline
󱙹	U+F1679	md-piggy_bank_outline
󱙺	U+F167A	md-robot_outline
󱙻	U+F167B	md-robot_off_outline
󱙼	U+F167C	md-book_alert
󱙽	U+F167D	md-book_alert_outline
󱙾	U+F167E	md-book_arrow_down
󱙿	U+F167F	md-book_arrow_down_outline
󱚀	U+F1680	md-book_arrow_left
󱚁	U+F1681	md-book_arrow_left_outline
󱚂	U+F1682	md-book_arrow_right
󱚃	U+F1683	md-book_arrow_right_outline
󱚄	U+F1684	md-book_arrow_up
󱚅	U+F1685	md-book_arrow_up_outline
󱚆	U+F1686	md-book_cancel
󱚇	U+F1687	md-book_cancel_outline
󱚈	U+F1688	md-book_clock
󱚉	U+F1689	md-book_clock_outline
󱚊	U+F168A	md-book_cog
󱚋	U+F168B	md-book_cog_outline
󱚌	U+F168C	md-book_edit
󱚍	U+F168D	md-book_edit_outline
󱚎	U+F168E	md-book_lock_open_outline
󱚏	U+F168F	md-book_lock_outline
󱚐	U+F1690	md-book_marker
󱚑	U+F1691	md-book_marker_outline
󱚒	U+F1692	md-book_minus_outline
󱚓	U+F1693	md-book_music_outline
󱚔	U+F1694	md-book_off
󱚕	U+F1695	md-book_off_outline
󱚖	U+F1696	md-book_plus_outline
󱚗	U+F1697	md-book_refresh
󱚘	U+F1698	md-book_refresh_outline
󱚙	U+F1699	md-book_remove_outline
󱚚	U+F169A	md-book_settings
󱚛	U+F169B	md-book_settings_outline
󱚜	U+F169C	md-book_sync
󱚝	U+F169D	md-robot_angry
󱚞	U+F169E	md-robot_angry_outline
󱚟	U+F169F	md-robot_confused
󱚠	U+F16A0	md-robot_confused_outline
󱚡	U+F16A1	md-robot_dead
󱚢	U+F16A2	md-robot_dead_outline
󱚣	U+F16A3	md-robot_excited
󱚤	U+F16A4	md-robot_excited_outline
󱚥	U+F16A5	md-robot_love
󱚦	U+F16A6	md-robot_love_outline
󱚧	U+F16A7	md-robot_off
󱚨	U+F16A8	md-lock_check_outline
󱚩	U+F16A9	md-lock_minus
󱚪	U+F16AA	md-lock_minus_outline
󱚫	U+F16AB	md-lock_open_check_outline
󱚬	U+F16AC	md-lock_open_minus
󱚭	U+F16AD	md-lock_open_minus_outline
󱚮	U+F16AE	md-lock_open_plus
󱚯	U+F16AF	md-lock_open_plus_outline
󱚰	U+F16B0	md-lock_open_remove
󱚱	U+F16B1	md-lock_open_remove_outline
󱚲	U+F16B2	md-lock_plus_outline
󱚳	U+F16B3	md-lock_remove
󱚴	U+F16B4	md-lock_remove_outline
󱚵	U+F16B5	md-wifi_alert
󱚶	U+F16B6	md-wifi_arrow_down
󱚷	U+F16B7	md-wifi_arrow_left
󱚸	U+F16B8	md-wifi_arrow_left_right
󱚹	U+F16B9	md-wifi_arrow_right
󱚺	U+F16BA	md-wifi_arrow_up
󱚻	U+F16BB	md-wifi_arrow_up_down
󱚼	U+F16BC	md-wifi_cancel
󱚽	U+F16BD	md-wifi_check
󱚾	U+F16BE	md-wifi_cog
󱚿	U+F16BF	md-wifi_lock
󱛀	U+F16C0	md-wifi_lock_open
󱛁	U+F16C1	md-wifi_marker
󱛂	U+F16C2	md-wifi_minus
󱛃	U+F16C3	md-wifi_plus
󱛄	U+F16C4	md-wifi_refresh
󱛅	U+F16C5	md-wifi_remove
󱛆	U+F16C6	md-wifi_settings
󱛇	U+F16C7	md-wifi_sync
󱛈	U+F16C8	md-book_sync_outline
󱛉	U+F16C9	md-book_education
󱛊	U+F16CA	md-book_education_outline
󱛋	U+F16CB	md-wifi_strength_1_lock_open
󱛌	U+F16CC	md-wifi_strength_2_lock_open
󱛍	U+F16CD	md-wifi_strength_3_lock_open
󱛎	U+F16CE	md-wifi_strength_4_lock_open
󱛏	U+F16CF	md-wifi_strength_lock_open_outline
󱛐	U+F16D0	md-cookie_alert
󱛑	U+F16D1	md-cookie_alert_outline
󱛒	U+F16D2	md-cookie_check
󱛓	U+F16D3	md-cookie_check_outline
󱛔	U+F16D4	md-cookie_cog
󱛕	U+F16D5	md-cookie_cog_outline
󱛖	U+F16D6	md-cookie_plus
󱛗	U+F16D7	md-cookie_plus_outline
󱛘	U+F16D8	md-cookie_remove
󱛙	U+F16D9	md-cookie_remove_outline
󱛚	U+F16DA	md-cookie_minus
󱛛	U+F16DB	md-cookie_minus_outline
󱛜	U+F16DC	md-cookie_settings
󱛝	U+F16DD	md-cookie_settings_outline
󱛞	U+F16DE	md-cookie_outline
󱛟	U+F16DF	md-tape_drive
󱛠	U+F16E0	md-abacus
󱛡	U+F16E1	md-calendar_clock_outline
󱛢	U+F16E2	md-clipboard_clock
󱛣	U+F16E3	md-clipboard_clock_outline
󱛤	U+F16E4	md-cookie_clock
󱛥	U+F16E5	md-cookie_clock_outline
󱛦	U+F16E6	md-cookie_edit
󱛧	U+F16E7	md-cookie_edit_outline
󱛨	U+F16E8	md-cookie_lock
󱛩	U+F16E9	md-cookie_lock_outline
󱛪	U+F16EA	md-cookie_off
󱛫	U+F16EB	md-cookie_off_outline
󱛬	U+F16EC	md-cookie_refresh
󱛭	U+F16ED	md-cookie_refresh_outline
󱛮	U+F16EE	md-dog_side_off
󱛯	U+F16EF	md-gift_off
󱛰	U+F16F0	md-gift_off_outline
󱛱	U+F16F1	md-gift_open
󱛲	U+F16F2	md-gift_open_outline
󱛳	U+F16F3	md-movie_check
󱛴	U+F16F4	md-movie_check_outline
󱛵	U+F16F5	md-movie_cog
󱛶	U+F16F6	md-movie_cog_outline
󱛷	U+F16F7	md-movie_minus
󱛸	U+F16F8	md-movie_minus_outline
󱛹	U+F16F9	md-movie_off
󱛺	U+F16FA	md-movie_off_outline
󱛻	U+F16FB	md-movie_open_check
󱛼	U+F16FC	md-movie_open_check_outline
󱛽	U+F16FD	md-movie_open_cog
󱛾	U+F16FE	md-movie_open_cog_outline
󱛿	U+F16FF	md-movie_open_edit
󱜀	U+F1700	md-movie_open_edit_outline
󱜁	U+F1701	md-movie_open_minus
󱜂	U+F1702	md-movie_open_minus_outline
󱜃	U+F1703	md-movie_open_off
󱜄	U+F1704	md-movie_open_off_outline
󱜅	U+F1705	md-movie_open_play
󱜆	U+F1706	md-movie_open_play_outline
󱜇	U+F1707	md-movie_open_plus
󱜈	U+F1708	md-movie_open_plus_outline
󱜉	U+F1709	md-movie_open_remove
󱜊	U+F170A	md-movie_open_remove_outline
󱜋	U+F170B	md-movie_open_settings
󱜌	U+F170C	md-movie_open_settings_outline
󱜍	U+F170D	md-movie_open_star
󱜎	U+F170E	md-movie_open_star_outline
󱜏	U+F170F	md-movie_play
󱜐	U+F1710	md-movie_play_outline
󱜑	U+F1711	md-movie_plus
󱜒	U+F1712	md-movie_plus_outline
󱜓	U+F1713	md-movie_remove
󱜔	U+F1714	md-movie_remove_outline
󱜕	U+F1715	md-movie_settings
󱜖	U+F1716	md-movie_settings_outline
󱜗	U+F1717	md-movie_star
󱜘	U+F1718	md-movie_star_outline
󱜙	U+F1719	md-robot_happy
󱜚	U+F171A	md-robot_happy_outline
󱜛	U+F171B	md-turkey
󱜜	U+F171C	md-food_turkey
󱜝	U+F171D	md-fan_auto
󱜞	U+F171E	md-alarm_light_off
󱜟	U+F171F	md-alarm_light_off_outline
󱜠	U+F1720	md-broadcast
󱜡	U+F1721	md-broadcast_off
󱜢	U+F1722	md-fire_off
󱜣	U+F1723	md-firework_off
󱜤	U+F1724	md-projector_screen_outline
󱜥	U+F1725	md-script_text_key
󱜦	U+F1726	md-script_text_key_outline
󱜧	U+F1727	md-script_text_play
󱜨	U+F1728	md-script_text_play_outline
󱜩	U+F1729	md-surround_sound_2_1
󱜪	U+F172A	md-surround_sound_5_1_2
󱜫	U+F172B	md-tag_arrow_down
󱜬	U+F172C	md-tag_arrow_down_outline
󱜭	U+F172D	md-tag_arrow_left
󱜮	U+F172E	md-tag_arrow_left_outline
󱜯	U+F172F	md-tag_arrow_right
󱜰	U+F1730	md-tag_arrow_right_outline
󱜱	U+F1731	md-tag_arrow_up
󱜲	U+F1732	md-tag_arrow_up_outline
󱜳	U+F1733	md-train_car_passenger
󱜴	U+F1734	md-train_car_passenger_door
󱜵	U+F1735	md-train_car_passenger_door_open
󱜶	U+F1736	md-train_car_passenger_variant
󱜷	U+F1737	md-webcam_off
󱜸	U+F1738	md-chat_question
󱜹	U+F1739	md-chat_question_outline
󱜺	U+F173A	md-message_question
󱜻	U+F173B	md-message_question_outline
󱜼	U+F173C	md-kettle_pour_over
󱜽	U+F173D	md-message_reply_outline
󱜾	U+F173E	md-message_reply_text_outline
󱜿	U+F173F	md-koala
󱝀	U+F1740	md-check_decagram_outline
󱝁	U+F1741	md-star_shooting
󱝂	U+F1742	md-star_shooting_outline
󱝃	U+F1743	md-table_picnic
󱝄	U+F1744	md-kitesurfing
󱝅	U+F1745	md-paragliding
󱝆	U+F1746	md-surfing
󱝇	U+F1747	md-floor_lamp_torchiere
󱝈	U+F1748	md-mortar_pestle
󱝉	U+F1749	md-cast_audio_variant
󱝊	U+F174A	md-gradient_horizontal
󱝋	U+F174B	md-archive_cancel
󱝌	U+F174C	md-archive_cancel_outline
󱝍	U+F174D	md-archive_check
󱝎	U+F174E	md-archive_check_outline
󱝏	U+F174F	md-archive_clock
󱝐	U+F1750	md-archive_clock_outline
󱝑	U+F1751	md-archive_cog
󱝒	U+F1752	md-archive_cog_outline
󱝓	U+F1753	md-archive_edit
󱝔	U+F1754	md-archive_edit_outline
󱝕	U+F1755	md-archive_eye
󱝖	U+F1756	md-archive_eye_outline
󱝗	U+F1757	md-archive_lock
󱝘	U+F1758	md-archive_lock_open
󱝙	U+F1759	md-archive_lock_open_outline
󱝚	U+F175A	md-archive_lock_outline
󱝛	U+F175B	md-archive_marker
󱝜	U+F175C	md-archive_marker_outline
󱝝	U+F175D	md-archive_minus
󱝞	U+F175E	md-archive_minus_outline
󱝟	U+F175F	md-archive_music
󱝠	U+F1760	md-archive_music_outline
󱝡	U+F1761	md-archive_off
󱝢	U+F1762	md-archive_off_outline
󱝣	U+F1763	md-archive_plus
󱝤	U+F1764	md-archive_plus_outline
󱝥	U+F1765	md-archive_refresh
󱝦	U+F1766	md-archive_refresh_outline
󱝧	U+F1767	md-archive_remove
󱝨	U+F1768	md-archive_remove_outline
󱝩	U+F1769	md-archive_search
󱝪	U+F176A	md-archive_search_outline
󱝫	U+F176B	md-archive_settings
󱝬	U+F176C	md-archive_settings_outline
󱝭	U+F176D	md-archive_star
󱝮	U+F176E	md-archive_star_outline
󱝯	U+F176F	md-archive_sync
󱝰	U+F1770	md-archive_sync_outline
󱝱	U+F1771	md-brush_off
󱝲	U+F1772	md-file_image_marker
󱝳	U+F1773	md-file_image_marker_outline
󱝴	U+F1774	md-file_marker
󱝵	U+F1775	md-file_marker_outline
󱝶	U+F1776	md-hamburger_check
󱝷	U+F1777	md-hamburger_minus
󱝸	U+F1778	md-hamburger_off
󱝹	U+F1779	md-hamburger_plus
󱝺	U+F177A	md-hamburger_remove
󱝻	U+F177B	md-image_marker
󱝼	U+F177C	md-image_marker_outline
󱝽	U+F177D	md-note_alert
󱝾	U+F177E	md-note_alert_outline
󱝿	U+F177F	md-note_check
󱞀	U+F1780	md-note_check_outline
󱞁	U+F1781	md-note_edit
󱞂	U+F1782	md-note_edit_outline
󱞃	U+F1783	md-note_off
󱞄	U+F1784	md-note_off_outline
󱞅	U+F1785	md-printer_off_outline
󱞆	U+F1786	md-printer_outline
󱞇	U+F1787	md-progress_pencil
󱞈	U+F1788	md-progress_star
󱞉	U+F1789	md-sausage_off
󱞊	U+F178A	md-folder_eye
󱞋	U+F178B	md-folder_eye_outline
󱞌	U+F178C	md-information_off
󱞍	U+F178D	md-information_off_outline
󱞎	U+F178E	md-sticker_text
󱞏	U+F178F	md-sticker_text_outline
󱞐	U+F1790	md-web_cancel
󱞑	U+F1791	md-web_refresh
󱞒	U+F1792	md-web_sync
󱞓	U+F1793	md-chandelier
󱞔	U+F1794	md-home_switch
󱞕	U+F1795	md-home_switch_outline
󱞖	U+F1796	md-sun_snowflake
󱞗	U+F1797	md-ceiling_fan
󱞘	U+F1798	md-ceiling_fan_light
󱞙	U+F1799	md-smoke
󱞚	U+F179A	md-fence
󱞛	U+F179B	md-light_recessed
󱞜	U+F179C	md-battery_lock
󱞝	U+F179D	md-battery_lock_open
󱞞	U+F179E	md-folder_hidden
󱞟	U+F179F	md-mirror_rectangle
󱞠	U+F17A0	md-mirror_variant
󱞡	U+F17A1	md-arrow_down_left
󱞢	U+F17A2	md-arrow_down_left_bold
󱞣	U+F17A3	md-arrow_down_right
󱞤	U+F17A4	md-arrow_down_right_bold
󱞥	U+F17A5	md-arrow_left_bottom
󱞦	U+F17A6	md-arrow_left_bottom_bold
󱞧	U+F17A7	md-arrow_left_top
󱞨	U+F17A8	md-arrow_left_top_bold
󱞩	U+F17A9	md-arrow_right_bottom
󱞪	U+F17AA	md-arrow_right_bottom_bold
󱞫	U+F17AB	md-arrow_right_top
󱞬	U+F17AC	md-arrow_right_top_bold
󱞭	U+F17AD	md-arrow_u_down_left
󱞮	U+F17AE	md-arrow_u_down_left_bold
󱞯	U+F17AF	md-arrow_u_down_right
󱞰	U+F17B0	md-arrow_u_down_right_bold
󱞱	U+F17B1	md-arrow_u_left_bottom
󱞲	U+F17B2	md-arrow_u_left_bottom_bold
󱞳	U+F17B3	md-arrow_u_left_top
󱞴	U+F17B4	md-arrow_u_left_top_bold
󱞵	U+F17B5	md-arrow_u_right_bottom
󱞶	U+F17B6	md-arrow_u_right_bottom_bold
󱞷	U+F17B7	md-arrow_u_right_top
󱞸	U+F17B8	md-arrow_u_right_top_bold
󱞹	U+F17B9	md-arrow_u_up_left
󱞺	U+F17BA	md-arrow_u_up_left_bold
󱞻	U+F17BB	md-arrow_u_up_right
󱞼	U+F17BC	md-arrow_u_up_right_bold
󱞽	U+F17BD	md-arrow_up_left
󱞾	U+F17BE	md-arrow_up_left_bold
󱞿	U+F17BF	md-arrow_up_right
󱟀	U+F17C0	md-arrow_up_right_bold
󱟁	U+F17C1	md-select_remove
󱟂	U+F17C2	md-selection_ellipse_remove
󱟃	U+F17C3	md-selection_remove
󱟄	U+F17C4	md-human_greeting
󱟅	U+F17C5	md-ph
󱟆	U+F17C6	md-water_sync
󱟇	U+F17C7	md-ceiling_light_outline
󱟈	U+F17C8	md-floor_lamp_outline
󱟉	U+F17C9	md-wall_sconce_flat_outline
󱟊	U+F17CA	md-wall_sconce_flat_variant_outline
󱟋	U+F17CB	md-wall_sconce_outline
󱟌	U+F17CC	md-wall_sconce_round_outline
󱟍	U+F17CD	md-wall_sconce_round_variant_outline
󱟎	U+F17CE	md-floor_lamp_dual_outline
󱟏	U+F17CF	md-floor_lamp_torchiere_variant_outline
󱟐	U+F17D0	md-lamp_outline
󱟑	U+F17D1	md-lamps_outline
󱟒	U+F17D2	md-candelabra
󱟓	U+F17D3	md-candelabra_fire
󱟔	U+F17D4	md-menorah
󱟕	U+F17D5	md-menorah_fire
󱟖	U+F17D6	md-floor_lamp_torchiere_outline
󱟗	U+F17D7	md-credit_card_edit
󱟘	U+F17D8	md-credit_card_edit_outline
󱟙	U+F17D9	md-briefcase_eye
󱟚	U+F17DA	md-briefcase_eye_outline
󱟛	U+F17DB	md-soundbar
󱟜	U+F17DC	md-crown_circle
󱟝	U+F17DD	md-crown_circle_outline
󱟞	U+F17DE	md-battery_arrow_down
󱟟	U+F17DF	md-battery_arrow_down_outline
󱟠	U+F17E0	md-battery_arrow_up
󱟡	U+F17E1	md-battery_arrow_up_outline
󱟢	U+F17E2	md-battery_check
󱟣	U+F17E3	md-battery_check_outline
󱟤	U+F17E4	md-battery_minus
󱟥	U+F17E5	md-battery_minus_outline
󱟦	U+F17E6	md-battery_plus
󱟧	U+F17E7	md-battery_plus_outline
󱟨	U+F17E8	md-battery_remove
󱟩	U+F17E9	md-battery_remove_outline
󱟪	U+F17EA	md-chili_alert
󱟫	U+F17EB	md-chili_alert_outline
󱟬	U+F17EC	md-chili_hot_outline
󱟭	U+F17ED	md-chili_medium_outline
󱟮	U+F17EE	md-chili_mild_outline
󱟯	U+F17EF	md-chili_off_outline
󱟰	U+F17F0	md-cake_variant_outline
󱟱	U+F17F1	md-card_multiple
󱟲	U+F17F2	md-card_multiple_outline
󱟳	U+F17F3	md-account_cowboy_hat_outline
󱟴	U+F17F4	md-lightbulb_spot
󱟵	U+F17F5	md-lightbulb_spot_off
󱟶	U+F17F6	md-fence_electric
󱟷	U+F17F7	md-gate_arrow_left
󱟸	U+F17F8	md-gate_alert
󱟹	U+F17F9	md-boom_gate_up
󱟺	U+F17FA	md-boom_gate_up_outline
󱟻	U+F17FB	md-garage_lock
󱟼	U+F17FC	md-garage_variant_lock
󱟽	U+F17FD	md-cellphone_check
󱟾	U+F17FE	md-sun_wireless
󱟿	U+F17FF	md-sun_wireless_outline
󱠀	U+F1800	md-lightbulb_auto
󱠁	U+F1801	md-lightbulb_auto_outline
󱠂	U+F1802	md-lightbulb_variant
󱠃	U+F1803	md-lightbulb_variant_outline
󱠄	U+F1804	md-lightbulb_fluorescent_tube
󱠅	U+F1805	md-lightbulb_fluorescent_tube_outline
󱠆	U+F1806	md-water_circle
󱠇	U+F1807	md-fire_circle
󱠈	U+F1808	md-smoke_detector_outline
󱠉	U+F1809	md-smoke_detector_off
󱠊	U+F180A	md-smoke_detector_off_outline
󱠋	U+F180B	md-smoke_detector_variant
󱠌	U+F180C	md-smoke_detector_variant_off
󱠍	U+F180D	md-projector_screen_off
󱠎	U+F180E	md-projector_screen_off_outline
󱠏	U+F180F	md-projector_screen_variant
󱠐	U+F1810	md-projector_screen_variant_off
󱠑	U+F1811	md-projector_screen_variant_off_outline
󱠒	U+F1812	md-projector_screen_variant_outline
󱠓	U+F1813	md-brush_variant
󱠔	U+F1814	md-car_wrench
󱠕	U+F1815	md-account_injury
󱠖	U+F1816	md-account_injury_outline
󱠗	U+F1817	md-balcony
󱠘	U+F1818	md-bathtub
󱠙	U+F1819	md-bathtub_outline
󱠚	U+F181A	md-blender_outline
󱠛	U+F181B	md-coffee_maker_outline
󱠜	U+F181C	md-countertop
󱠝	U+F181D	md-countertop_outline
󱠞	U+F181E	md-door_sliding
󱠟	U+F181F	md-door_sliding_lock
󱠠	U+F1820	md-door_sliding_open
󱠡	U+F1821	md-hand_wave
󱠢	U+F1822	md-hand_wave_outline
󱠣	U+F1823	md-human_male_female_child
󱠤	U+F1824	md-iron
󱠥	U+F1825	md-iron_outline
󱠦	U+F1826	md-liquid_spot
󱠧	U+F1827	md-mosque
󱠨	U+F1828	md-shield_moon
󱠩	U+F1829	md-shield_moon_outline
󱠪	U+F182A	md-traffic_light_outline
󱠫	U+F182B	md-hand_front_left
󱠬	U+F182C	md-hand_back_left_outline
󱠭	U+F182D	md-hand_back_right_outline
󱠮	U+F182E	md-hand_front_left_outline
󱠯	U+F182F	md-hand_front_right_outline
󱠰	U+F1830	md-hand_back_left_off
󱠱	U+F1831	md-hand_back_right_off
󱠲	U+F1832	md-hand_back_left_off_outline
󱠳	U+F1833	md-hand_back_right_off_outline
󱠴	U+F1834	md-battery_sync
󱠵	U+F1835	md-battery_sync_outline
󱠶	U+F1836	md-food_takeout_box
󱠷	U+F1837	md-food_takeout_box_outline
󱠸	U+F1838	md-iron_board
󱠹	U+F1839	md-police_station
󱠺	U+F183A	md-cellphone_marker
󱠻	U+F183B	md-tooltip_cellphone
󱠼	U+F183C	md-table_pivot
󱠽	U+F183D	md-tunnel
󱠾	U+F183E	md-tunnel_outline
󱠿	U+F183F	md-arrow_projectile_multiple
󱡀	U+F1840	md-arrow_projectile
󱡁	U+F1841	md-bow_arrow
󱡂	U+F1842	md-axe_battle
󱡃	U+F1843	md-mace
󱡄	U+F1844	md-magic_staff
󱡅	U+F1845	md-spear
󱡆	U+F1846	md-curtains
󱡇	U+F1847	md-curtains_closed
󱡈	U+F1848	md-human_non_binary
󱡉	U+F1849	md-waterfall
󱡊	U+F184A	md-egg_fried
󱡋	U+F184B	md-food_hot_dog
󱡌	U+F184C	md-induction
󱡍	U+F184D	md-pipe_valve
󱡎	U+F184E	md-shipping_pallet
󱡏	U+F184F	md-earbuds
󱡐	U+F1850	md-earbuds_off
󱡑	U+F1851	md-earbuds_off_outline
󱡒	U+F1852	md-earbuds_outline
󱡓	U+F1853	md-circle_opacity
󱡔	U+F1854	md-square_opacity
󱡕	U+F1855	md-water_opacity
󱡖	U+F1856	md-vector_polygon_variant
󱡗	U+F1857	md-vector_square_close
󱡘	U+F1858	md-vector_square_open
󱡙	U+F1859	md-waves_arrow_left
󱡚	U+F185A	md-waves_arrow_right
󱡛	U+F185B	md-waves_arrow_up
󱡜	U+F185C	md-cash_fast
󱡝	U+F185D	md-radioactive_circle
󱡞	U+F185E	md-radioactive_circle_outline
󱡟	U+F185F	md-cctv_off
󱡠	U+F1860	md-format_list_group
󱡡	U+F1861	md-clock_plus
󱡢	U+F1862	md-clock_plus_outline
󱡣	U+F1863	md-clock_minus
󱡤	U+F1864	md-clock_minus_outline
󱡥	U+F1865	md-clock_remove
󱡦	U+F1866	md-clock_remove_outline
󱡧	U+F1867	md-account_arrow_up
󱡨	U+F1868	md-account_arrow_down
󱡩	U+F1869	md-account_arrow_down_outline
󱡪	U+F186A	md-account_arrow_up_outline
󱡫	U+F186B	md-audio_input_rca
󱡬	U+F186C	md-audio_input_stereo_minijack
󱡭	U+F186D	md-audio_input_xlr
󱡮	U+F186E	md-horse_variant_fast
󱡯	U+F186F	md-email_fast
󱡰	U+F1870	md-email_fast_outline
󱡱	U+F1871	md-camera_document
󱡲	U+F1872	md-camera_document_off
󱡳	U+F1873	md-glass_fragile
󱡴	U+F1874	md-magnify_expand
󱡵	U+F1875	md-town_hall
󱡶	U+F1876	md-monitor_small
󱡷	U+F1877	md-diversify
󱡸	U+F1878	md-car_wireless
󱡹	U+F1879	md-car_select
󱡺	U+F187A	md-airplane_alert
󱡻	U+F187B	md-airplane_check
󱡼	U+F187C	md-airplane_clock
󱡽	U+F187D	md-airplane_cog
󱡾	U+F187E	md-airplane_edit
󱡿	U+F187F	md-airplane_marker
󱢀	U+F1880	md-airplane_minus
󱢁	U+F1881	md-airplane_plus
󱢂	U+F1882	md-airplane_remove
󱢃	U+F1883	md-airplane_search
󱢄	U+F1884	md-airplane_settings
󱢅	U+F1885	md-flower_pollen
󱢆	U+F1886	md-flower_pollen_outline
󱢇	U+F1887	md-hammer_sickle
󱢈	U+F1888	md-view_gallery
󱢉	U+F1889	md-view_gallery_outline
󱢊	U+F188A	md-umbrella_beach
󱢋	U+F188B	md-umbrella_beach_outline
󱢌	U+F188C	md-cabin_a_frame
󱢍	U+F188D	md-all_inclusive_box
󱢎	U+F188E	md-all_inclusive_box_outline
󱢏	U+F188F	md-hand_coin
󱢐	U+F1890	md-hand_coin_outline
󱢑	U+F1891	md-truck_flatbed
󱢒	U+F1892	md-layers_edit
󱢓	U+F1893	md-multicast
󱢔	U+F1894	md-hydrogen_station
󱢕	U+F1895	md-thermometer_bluetooth
󱢖	U+F1896	md-tire
󱢗	U+F1897	md-forest
󱢘	U+F1898	md-account_tie_hat
󱢙	U+F1899	md-account_tie_hat_outline
󱢚	U+F189A	md-account_wrench
󱢛	U+F189B	md-account_wrench_outline
󱢜	U+F189C	md-bicycle_cargo
󱢝	U+F189D	md-calendar_collapse_horizontal
󱢞	U+F189E	md-calendar_expand_horizontal
󱢟	U+F189F	md-cards_club_outline
󱢠	U+F18A0	md-cards_heart_outline
󱢡	U+F18A1	md-cards_playing
󱢢	U+F18A2	md-cards_playing_club
󱢣	U+F18A3	md-cards_playing_club_multiple
󱢤	U+F18A4	md-cards_playing_club_multiple_outline
󱢥	U+F18A5	md-cards_playing_club_outline
󱢦	U+F18A6	md-cards_playing_diamond
󱢧	U+F18A7	md-cards_playing_diamond_multiple
󱢨	U+F18A8	md-cards_playing_diamond_multiple_outline
󱢩	U+F18A9	md-cards_playing_diamond_outline
󱢪	U+F18AA	md-cards_playing_heart
󱢫	U+F18AB	md-cards_playing_heart_multiple
󱢬	U+F18AC	md-cards_playing_heart_multiple_outline
󱢭	U+F18AD	md-cards_playing_heart_outline
󱢮	U+F18AE	md-cards_playing_spade
󱢯	U+F18AF	md-cards_playing_spade_multiple
󱢰	U+F18B0	md-cards_playing_spade_multiple_outline
󱢱	U+F18B1	md-cards_playing_spade_outline
󱢲	U+F18B2	md-cards_spade_outline
󱢳	U+F18B3	md-compare_remove
󱢴	U+F18B4	md-dolphin
󱢵	U+F18B5	md-fuel_cell
󱢶	U+F18B6	md-hand_extended
󱢷	U+F18B7	md-hand_extended_outline
󱢸	U+F18B8	md-printer_3d_nozzle_heat
󱢹	U+F18B9	md-printer_3d_nozzle_heat_outline
󱢺	U+F18BA	md-shark
󱢻	U+F18BB	md-shark_off
󱢼	U+F18BC	md-shield_crown
󱢽	U+F18BD	md-shield_crown_outline
󱢾	U+F18BE	md-shield_sword
󱢿	U+F18BF	md-shield_sword_outline
󱣀	U+F18C0	md-sickle
󱣁	U+F18C1	md-store_alert
󱣂	U+F18C2	md-store_alert_outline
󱣃	U+F18C3	md-store_check
󱣄	U+F18C4	md-store_check_outline
󱣅	U+F18C5	md-store_clock
󱣆	U+F18C6	md-store_clock_outline
󱣇	U+F18C7	md-store_cog
󱣈	U+F18C8	md-store_cog_outline
󱣉	U+F18C9	md-store_edit
󱣊	U+F18CA	md-store_edit_outline
󱣋	U+F18CB	md-store_marker
󱣌	U+F18CC	md-store_marker_outline
󱣍	U+F18CD	md-store_minus_outline
󱣎	U+F18CE	md-store_off
󱣏	U+F18CF	md-store_off_outline
󱣐	U+F18D0	md-store_plus_outline
󱣑	U+F18D1	md-store_remove_outline
󱣒	U+F18D2	md-store_search
󱣓	U+F18D3	md-store_search_outline
󱣔	U+F18D4	md-store_settings
󱣕	U+F18D5	md-store_settings_outline
󱣖	U+F18D6	md-sun_thermometer
󱣗	U+F18D7	md-sun_thermometer_outline
󱣘	U+F18D8	md-truck_cargo_container
󱣙	U+F18D9	md-vector_square_edit
󱣚	U+F18DA	md-vector_square_minus
󱣛	U+F18DB	md-vector_square_plus
󱣜	U+F18DC	md-vector_square_remove
󱣝	U+F18DD	md-ceiling_light_multiple
󱣞	U+F18DE	md-ceiling_light_multiple_outline
󱣟	U+F18DF	md-wiper_wash_alert
󱣠	U+F18E0	md-cart_heart
󱣡	U+F18E1	md-virus_off
󱣢	U+F18E2	md-virus_off_outline
󱣣	U+F18E3	md-map_marker_account
󱣤	U+F18E4	md-map_marker_account_outline
󱣥	U+F18E5	md-basket_check
󱣦	U+F18E6	md-basket_check_outline
󱣧	U+F18E7	md-credit_card_lock
󱣨	U+F18E8	md-credit_card_lock_outline
󱣩	U+F18E9	md-format_underline_wavy
󱣪	U+F18EA	md-content_save_check
󱣫	U+F18EB	md-content_save_check_outline
󱣬	U+F18EC	md-filter_check
󱣭	U+F18ED	md-filter_check_outline
󱣮	U+F18EE	md-flag_off
󱣯	U+F18EF	md-flag_off_outline
󱣰	U+F18F0	md-navigation_variant
󱣱	U+F18F1	md-navigation_variant_outline
󱣲	U+F18F2	md-refresh_auto
󱣳	U+F18F3	md-tilde_off
󱣴	U+F18F4	md-fit_to_screen
󱣵	U+F18F5	md-fit_to_screen_outline
󱣶	U+F18F6	md-weather_cloudy_clock
󱣷	U+F18F7	md-smart_card_off
󱣸	U+F18F8	md-smart_card_off_outline
󱣹	U+F18F9	md-clipboard_text_clock
󱣺	U+F18FA	md-clipboard_text_clock_outline
󱣻	U+F18FB	md-teddy_bear
󱣼	U+F18FC	md-cow_off
󱣽	U+F18FD	md-eye_arrow_left
󱣾	U+F18FE	md-eye_arrow_left_outline
󱣿	U+F18FF	md-eye_arrow_right
󱤀	U+F1900	md-eye_arrow_right_outline
󱤁	U+F1901	md-home_battery
󱤂	U+F1902	md-home_battery_outline
󱤃	U+F1903	md-home_lightning_bolt
󱤄	U+F1904	md-home_lightning_bolt_outline
󱤅	U+F1905	md-leaf_circle
󱤆	U+F1906	md-leaf_circle_outline
󱤇	U+F1907	md-tag_search
󱤈	U+F1908	md-tag_search_outline
󱤉	U+F1909	md-car_brake_fluid_level
󱤊	U+F190A	md-car_brake_low_pressure
󱤋	U+F190B	md-car_brake_temperature
󱤌	U+F190C	md-car_brake_worn_linings
󱤍	U+F190D	md-car_light_alert
󱤎	U+F190E	md-car_speed_limiter
󱤏	U+F190F	md-credit_card_chip
󱤐	U+F1910	md-credit_card_chip_outline
󱤑	U+F1911	md-credit_card_fast
󱤒	U+F1912	md-credit_card_fast_outline
󱤓	U+F1913	md-integrated_circuit_chip
󱤔	U+F1914	md-thumbs_up_down_outline
󱤕	U+F1915	md-food_off_outline
󱤖	U+F1916	md-food_outline
󱤗	U+F1917	md-format_page_split
󱤘	U+F1918	md-chart_waterfall
󱤙	U+F1919	md-gamepad_outline
󱤚	U+F191A	md-network_strength_4_cog
󱤛	U+F191B	md-account_sync
󱤜	U+F191C	md-account_sync_outline
󱤝	U+F191D	md-bus_electric
󱤞	U+F191E	md-liquor
󱤟	U+F191F	md-database_eye
󱤠	U+F1920	md-database_eye_off
󱤡	U+F1921	md-database_eye_off_outline
󱤢	U+F1922	md-database_eye_outline
󱤣	U+F1923	md-timer_settings
󱤤	U+F1924	md-timer_settings_outline
󱤥	U+F1925	md-timer_cog
󱤦	U+F1926	md-timer_cog_outline
󱤧	U+F1927	md-checkbox_marked_circle_plus_outline
󱤨	U+F1928	md-panorama_horizontal
󱤩	U+F1929	md-panorama_vertical
󱤪	U+F192A	md-advertisements
󱤫	U+F192B	md-advertisements_off
󱤬	U+F192C	md-transmission_tower_export
󱤭	U+F192D	md-transmission_tower_import
󱤮	U+F192E	md-smoke_detector_alert
󱤯	U+F192F	md-smoke_detector_alert_outline
󱤰	U+F1930	md-smoke_detector_variant_alert
󱤱	U+F1931	md-coffee_maker_check
󱤲	U+F1932	md-coffee_maker_check_outline
󱤳	U+F1933	md-cog_pause
󱤴	U+F1934	md-cog_pause_outline
󱤵	U+F1935	md-cog_play
󱤶	U+F1936	md-cog_play_outline
󱤷	U+F1937	md-cog_stop
󱤸	U+F1938	md-cog_stop_outline
󱤹	U+F1939	md-copyleft
󱤺	U+F193A	md-fast_forward_15
󱤻	U+F193B	md-file_image_minus
󱤼	U+F193C	md-file_image_minus_outline
󱤽	U+F193D	md-file_image_plus
󱤾	U+F193E	md-file_image_plus_outline
󱤿	U+F193F	md-file_image_remove
󱥀	U+F1940	md-file_image_remove_outline
󱥁	U+F1941	md-message_badge
󱥂	U+F1942	md-message_badge_outline
󱥃	U+F1943	md-newspaper_check
󱥄	U+F1944	md-newspaper_remove
󱥅	U+F1945	md-publish_off
󱥆	U+F1946	md-rewind_15
󱥇	U+F1947	md-view_dashboard_edit
󱥈	U+F1948	md-view_dashboard_edit_outline
󱥉	U+F1949	md-office_building_cog
󱥊	U+F194A	md-office_building_cog_outline
󱥋	U+F194B	md-hand_clap
󱥌	U+F194C	md-cone
󱥍	U+F194D	md-cone_off
󱥎	U+F194E	md-cylinder
󱥏	U+F194F	md-cylinder_off
󱥐	U+F1950	md-octahedron
󱥑	U+F1951	md-octahedron_off
󱥒	U+F1952	md-pyramid
󱥓	U+F1953	md-pyramid_off
󱥔	U+F1954	md-sphere
󱥕	U+F1955	md-sphere_off
󱥖	U+F1956	md-format_letter_spacing
󱥗	U+F1957	md-french_fries
󱥘	U+F1958	md-scent
󱥙	U+F1959	md-scent_off
󱥚	U+F195A	md-palette_swatch_variant
󱥛	U+F195B	md-email_seal
󱥜	U+F195C	md-email_seal_outline
󱥝	U+F195D	md-stool
󱥞	U+F195E	md-stool_outline
󱥟	U+F195F	md-panorama_wide_angle
󱥠	U+F1960	md-account_lock_open
󱥡	U+F1961	md-account_lock_open_outline
󱥢	U+F1962	md-align_horizontal_distribute
󱥣	U+F1963	md-align_vertical_distribute
󱥤	U+F1964	md-arrow_bottom_left_bold_box
󱥥	U+F1965	md-arrow_bottom_left_bold_box_outline
󱥦	U+F1966	md-arrow_bottom_right_bold_box
󱥧	U+F1967	md-arrow_bottom_right_bold_box_outline
󱥨	U+F1968	md-arrow_top_left_bold_box
󱥩	U+F1969	md-arrow_top_left_bold_box_outline
󱥪	U+F196A	md-arrow_top_right_bold_box
󱥫	U+F196B	md-arrow_top_right_bold_box_outline
󱥬	U+F196C	md-bookmark_box_multiple
󱥭	U+F196D	md-bookmark_box_multiple_outline
󱥮	U+F196E	md-bullhorn_variant
󱥯	U+F196F	md-bullhorn_variant_outline
󱥰	U+F1970	md-candy
󱥱	U+F1971	md-candy_off
󱥲	U+F1972	md-candy_off_outline
󱥳	U+F1973	md-candy_outline
󱥴	U+F1974	md-car_clock
󱥵	U+F1975	md-crowd
󱥶	U+F1976	md-currency_rupee
󱥷	U+F1977	md-diving
󱥸	U+F1978	md-dots_circle
󱥹	U+F1979	md-elevator_passenger_off
󱥺	U+F197A	md-elevator_passenger_off_outline
󱥻	U+F197B	md-elevator_passenger_outline
󱥼	U+F197C	md-eye_refresh
󱥽	U+F197D	md-eye_refresh_outline
󱥾	U+F197E	md-folder_check
󱥿	U+F197F	md-folder_check_outline
󱦀	U+F1980	md-human_dolly
󱦁	U+F1981	md-human_white_cane
󱦂	U+F1982	md-ip_outline
󱦃	U+F1983	md-key_alert
󱦄	U+F1984	md-key_alert_outline
󱦅	U+F1985	md-kite
󱦆	U+F1986	md-kite_outline
󱦇	U+F1987	md-light_flood_down
󱦈	U+F1988	md-light_flood_up
󱦉	U+F1989	md-microphone_question
󱦊	U+F198A	md-microphone_question_outline
󱦋	U+F198B	md-cradle
󱦌	U+F198C	md-panorama_outline
󱦍	U+F198D	md-panorama_sphere
󱦎	U+F198E	md-panorama_sphere_outline
󱦏	U+F198F	md-panorama_variant
󱦐	U+F1990	md-panorama_variant_outline
󱦑	U+F1991	md-cradle_outline
󱦒	U+F1992	md-fraction_one_half
󱦓	U+F1993	md-phone_refresh
󱦔	U+F1994	md-phone_refresh_outline
󱦕	U+F1995	md-phone_sync
󱦖	U+F1996	md-phone_sync_outline
󱦗	U+F1997	md-razor_double_edge
󱦘	U+F1998	md-razor_single_edge
󱦙	U+F1999	md-rotate_360
󱦚	U+F199A	md-shield_lock_open
󱦛	U+F199B	md-shield_lock_open_outline
󱦜	U+F199C	md-sitemap_outline
󱦝	U+F199D	md-sprinkler_fire
󱦞	U+F199E	md-tab_search
󱦟	U+F199F	md-timer_sand_complete
󱦠	U+F19A0	md-timer_sand_paused
󱦡	U+F19A1	md-vacuum
󱦢	U+F19A2	md-vacuum_outline
󱦣	U+F19A3	md-wrench_clock
󱦤	U+F19A4	md-pliers
󱦥	U+F19A5	md-sun_compass
󱦦	U+F19A6	md-truck_snowflake
󱦧	U+F19A7	md-camera_marker
󱦨	U+F19A8	md-camera_marker_outline
󱦩	U+F19A9	md-video_marker
󱦪	U+F19AA	md-video_marker_outline
󱦫	U+F19AB	md-wind_turbine_alert
󱦬	U+F19AC	md-wind_turbine_check
󱦭	U+F19AD	md-truck_plus
󱦮	U+F19AE	md-truck_minus
󱦯	U+F19AF	md-truck_remove
󱦰	U+F19B0	md-arrow_right_thin
󱦱	U+F19B1	md-arrow_left_thin
󱦲	U+F19B2	md-arrow_up_thin
󱦳	U+F19B3	md-arrow_down_thin
󱦴	U+F19B4	md-arrow_top_right_thin
󱦵	U+F19B5	md-arrow_top_left_thin
󱦶	U+F19B6	md-arrow_bottom_left_thin
󱦷	U+F19B7	md-arrow_bottom_right_thin
󱦸	U+F19B8	md-scale_unbalanced
󱦹	U+F19B9	md-draw_pen
󱦺	U+F19BA	md-clock_edit
󱦻	U+F19BB	md-clock_edit_outline
󱦼	U+F19BC	md-truck_plus_outline
󱦽	U+F19BD	md-truck_minus_outline
󱦾	U+F19BE	md-truck_remove_outline
󱦿	U+F19BF	md-camera_off_outline
󱧀	U+F19C0	md-home_group_plus
󱧁	U+F19C1	md-home_group_minus
󱧂	U+F19C2	md-home_group_remove
󱧃	U+F19C3	md-file_sign
󱧄	U+F19C4	md-attachment_lock
󱧅	U+F19C5	md-cellphone_arrow_down_variant
󱧆	U+F19C6	md-file_chart_check
󱧇	U+F19C7	md-file_chart_check_outline
󱧈	U+F19C8	md-file_lock_open
󱧉	U+F19C9	md-file_lock_open_outline
󱧊	U+F19CA	md-folder_question
󱧋	U+F19CB	md-folder_question_outline
󱧌	U+F19CC	md-message_fast
󱧍	U+F19CD	md-message_fast_outline
󱧎	U+F19CE	md-message_text_fast
󱧏	U+F19CF	md-message_text_fast_outline
󱧐	U+F19D0	md-monitor_arrow_down
󱧑	U+F19D1	md-monitor_arrow_down_variant
󱧒	U+F19D2	md-needle_off
󱧓	U+F19D3	md-numeric_off
󱧔	U+F19D4	md-package_variant_closed_minus
󱧕	U+F19D5	md-package_variant_closed_plus
󱧖	U+F19D6	md-package_variant_closed_remove
󱧗	U+F19D7	md-package_variant_minus
󱧘	U+F19D8	md-package_variant_plus
󱧙	U+F19D9	md-package_variant_remove
󱧚	U+F19DA	md-paperclip_lock
󱧛	U+F19DB	md-phone_clock
󱧜	U+F19DC	md-receipt_outline
󱧝	U+F19DD	md-transmission_tower_off
󱧞	U+F19DE	md-truck_alert
󱧟	U+F19DF	md-truck_alert_outline
󱧠	U+F19E0	md-bone_off
󱧡	U+F19E1	md-lightbulb_alert
󱧢	U+F19E2	md-lightbulb_alert_outline
󱧣	U+F19E3	md-lightbulb_question
󱧤	U+F19E4	md-lightbulb_question_outline
󱧥	U+F19E5	md-battery_clock
󱧦	U+F19E6	md-battery_clock_outline
󱧧	U+F19E7	md-autorenew_off
󱧨	U+F19E8	md-folder_arrow_down
󱧩	U+F19E9	md-folder_arrow_down_outline
󱧪	U+F19EA	md-folder_arrow_left
󱧫	U+F19EB	md-folder_arrow_left_outline
󱧬	U+F19EC	md-folder_arrow_left_right
󱧭	U+F19ED	md-folder_arrow_left_right_outline
󱧮	U+F19EE	md-folder_arrow_right
󱧯	U+F19EF	md-folder_arrow_right_outline
󱧰	U+F19F0	md-folder_arrow_up
󱧱	U+F19F1	md-folder_arrow_up_down
󱧲	U+F19F2	md-folder_arrow_up_down_outline
󱧳	U+F19F3	md-folder_arrow_up_outline
󱧴	U+F19F4	md-folder_cancel
󱧵	U+F19F5	md-folder_cancel_outline
󱧶	U+F19F6	md-folder_file
󱧷	U+F19F7	md-folder_file_outline
󱧸	U+F19F8	md-folder_off
󱧹	U+F19F9	md-folder_off_outline
󱧺	U+F19FA	md-folder_play
󱧻	U+F19FB	md-folder_play_outline
󱧼	U+F19FC	md-folder_wrench
󱧽	U+F19FD	md-folder_wrench_outline
󱧾	U+F19FE	md-image_refresh
󱧿	U+F19FF	md-image_refresh_outline
󱨀	U+F1A00	md-image_sync
󱨁	U+F1A01	md-image_sync_outline
󱨂	U+F1A02	md-percent_box
󱨃	U+F1A03	md-percent_box_outline
󱨄	U+F1A04	md-percent_circle
󱨅	U+F1A05	md-percent_circle_outline
󱨆	U+F1A06	md-sale_outline
󱨇	U+F1A07	md-square_rounded_badge
󱨈	U+F1A08	md-square_rounded_badge_outline
󱨉	U+F1A09	md-triangle_small_down
󱨊	U+F1A0A	md-triangle_small_up
󱨋	U+F1A0B	md-notebook_heart
󱨌	U+F1A0C	md-notebook_heart_outline
󱨍	U+F1A0D	md-brush_outline
󱨎	U+F1A0E	md-fruit_pear
󱨏	U+F1A0F	md-raw
󱨐	U+F1A10	md-raw_off
󱨑	U+F1A11	md-wall_fire
󱨒	U+F1A12	md-home_clock
󱨓	U+F1A13	md-home_clock_outline
󱨔	U+F1A14	md-camera_lock
󱨕	U+F1A15	md-camera_lock_outline
󱨖	U+F1A16	md-play_box_lock
󱨗	U+F1A17	md-play_box_lock_open
󱨘	U+F1A18	md-play_box_lock_open_outline
󱨙	U+F1A19	md-play_box_lock_outline
󱨚	U+F1A1A	md-robot_industrial_outline
󱨛	U+F1A1B	md-gas_burner
󱨜	U+F1A1C	md-video_2d
󱨝	U+F1A1D	md-book_heart
󱨞	U+F1A1E	md-book_heart_outline
󱨟	U+F1A1F	md-account_hard_hat_outline
󱨠	U+F1A20	md-account_school
󱨡	U+F1A21	md-account_school_outline
󱨢	U+F1A22	md-library_outline
󱨣	U+F1A23	md-projector_off
󱨤	U+F1A24	md-light_switch_off
󱨥	U+F1A25	md-toggle_switch_variant
󱨦	U+F1A26	md-toggle_switch_variant_off
󱨧	U+F1A27	md-asterisk_circle_outline
󱨨	U+F1A28	md-barrel_outline
󱨩	U+F1A29	md-bell_cog
󱨪	U+F1A2A	md-bell_cog_outline
󱨫	U+F1A2B	md-blinds_horizontal
󱨬	U+F1A2C	md-blinds_horizontal_closed
󱨭	U+F1A2D	md-blinds_vertical
󱨮	U+F1A2E	md-blinds_vertical_closed
󱨯	U+F1A2F	md-bulkhead_light
󱨰	U+F1A30	md-calendar_today_outline
󱨱	U+F1A31	md-calendar_week_begin_outline
󱨲	U+F1A32	md-calendar_week_end
󱨳	U+F1A33	md-calendar_week_end_outline
󱨴	U+F1A34	md-calendar_week_outline
󱨵	U+F1A35	md-cloud_percent
󱨶	U+F1A36	md-cloud_percent_outline
󱨷	U+F1A37	md-coach_lamp_variant
󱨸	U+F1A38	md-compost
󱨹	U+F1A39	md-currency_fra
󱨺	U+F1A3A	md-fan_clock
󱨻	U+F1A3B	md-file_rotate_left
󱨼	U+F1A3C	md-file_rotate_left_outline
󱨽	U+F1A3D	md-file_rotate_right
󱨾	U+F1A3E	md-file_rotate_right_outline
󱨿	U+F1A3F	md-filter_multiple
󱩀	U+F1A40	md-filter_multiple_outline
󱩁	U+F1A41	md-gymnastics
󱩂	U+F1A42	md-hand_clap_off
󱩃	U+F1A43	md-heat_pump
󱩄	U+F1A44	md-heat_pump_outline
󱩅	U+F1A45	md-heat_wave
󱩆	U+F1A46	md-home_off
󱩇	U+F1A47	md-home_off_outline
󱩈	U+F1A48	md-landslide
󱩉	U+F1A49	md-landslide_outline
󱩊	U+F1A4A	md-laptop_account
󱩋	U+F1A4B	md-led_strip_variant_off
󱩌	U+F1A4C	md-lightbulb_night
󱩍	U+F1A4D	md-lightbulb_night_outline
󱩎	U+F1A4E	md-lightbulb_on_10
󱩏	U+F1A4F	md-lightbulb_on_20
󱩐	U+F1A50	md-lightbulb_on_30
󱩑	U+F1A51	md-lightbulb_on_40
󱩒	U+F1A52	md-lightbulb_on_50
󱩓	U+F1A53	md-lightbulb_on_60
󱩔	U+F1A54	md-lightbulb_on_70
󱩕	U+F1A55	md-lightbulb_on_80
󱩖	U+F1A56	md-lightbulb_on_90
󱩗	U+F1A57	md-meter_electric
󱩘	U+F1A58	md-meter_electric_outline
󱩙	U+F1A59	md-meter_gas
󱩚	U+F1A5A	md-meter_gas_outline
󱩛	U+F1A5B	md-monitor_account
󱩜	U+F1A5C	md-pill_off
󱩝	U+F1A5D	md-plus_lock
󱩞	U+F1A5E	md-plus_lock_open
󱩟	U+F1A5F	md-pool_thermometer
󱩠	U+F1A60	md-post_lamp
󱩡	U+F1A61	md-rabbit_variant
󱩢	U+F1A62	md-rabbit_variant_outline
󱩣	U+F1A63	md-receipt_text_check
󱩤	U+F1A64	md-receipt_text_check_outline
󱩥	U+F1A65	md-receipt_text_minus
󱩦	U+F1A66	md-receipt_text_minus_outline
󱩧	U+F1A67	md-receipt_text_plus
󱩨	U+F1A68	md-receipt_text_plus_outline
󱩩	U+F1A69	md-receipt_text_remove
󱩪	U+F1A6A	md-receipt_text_remove_outline
󱩫	U+F1A6B	md-roller_shade
󱩬	U+F1A6C	md-roller_shade_closed
󱩭	U+F1A6D	md-seed_plus
󱩮	U+F1A6E	md-seed_plus_outline
󱩯	U+F1A6F	md-shopping_search_outline
󱩰	U+F1A70	md-snowflake_check
󱩱	U+F1A71	md-snowflake_thermometer
󱩲	U+F1A72	md-snowshoeing
󱩳	U+F1A73	md-solar_power_variant
󱩴	U+F1A74	md-solar_power_variant_outline
󱩵	U+F1A75	md-storage_tank
󱩶	U+F1A76	md-storage_tank_outline
󱩷	U+F1A77	md-sun_clock
󱩸	U+F1A78	md-sun_clock_outline
󱩹	U+F1A79	md-sun_snowflake_variant
󱩺	U+F1A7A	md-tag_check
󱩻	U+F1A7B	md-tag_check_outline
󱩼	U+F1A7C	md-text_box_edit
󱩽	U+F1A7D	md-text_box_edit_outline
󱩾	U+F1A7E	md-text_search_variant
󱩿	U+F1A7F	md-thermometer_check
󱪀	U+F1A80	md-thermometer_water
󱪁	U+F1A81	md-tsunami
󱪂	U+F1A82	md-turbine
󱪃	U+F1A83	md-volcano
󱪄	U+F1A84	md-volcano_outline
󱪅	U+F1A85	md-water_thermometer
󱪆	U+F1A86	md-water_thermometer_outline
󱪇	U+F1A87	md-wheelchair
󱪈	U+F1A88	md-wind_power
󱪉	U+F1A89	md-wind_power_outline
󱪊	U+F1A8A	md-window_shutter_cog
󱪋	U+F1A8B	md-window_shutter_settings
󱪌	U+F1A8C	md-account_tie_woman
󱪍	U+F1A8D	md-briefcase_arrow_left_right
󱪎	U+F1A8E	md-briefcase_arrow_left_right_outline
󱪏	U+F1A8F	md-briefcase_arrow_up_down
󱪐	U+F1A90	md-briefcase_arrow_up_down_outline
󱪑	U+F1A91	md-cash_clock
󱪒	U+F1A92	md-cash_sync
󱪓	U+F1A93	md-file_arrow_left_right
󱪔	U+F1A94	md-file_arrow_left_right_outline
󱪕	U+F1A95	md-file_arrow_up_down
󱪖	U+F1A96	md-file_arrow_up_down_outline
󱪗	U+F1A97	md-file_document_alert
󱪘	U+F1A98	md-file_document_alert_outline
󱪙	U+F1A99	md-file_document_check
󱪚	U+F1A9A	md-file_document_check_outline
󱪛	U+F1A9B	md-file_document_minus
󱪜	U+F1A9C	md-file_document_minus_outline
󱪝	U+F1A9D	md-file_document_plus
󱪞	U+F1A9E	md-file_document_plus_outline
󱪟	U+F1A9F	md-file_document_remove
󱪠	U+F1AA0	md-file_document_remove_outline
󱪡	U+F1AA1	md-file_minus
󱪢	U+F1AA2	md-file_minus_outline
󱪣	U+F1AA3	md-filter_cog
󱪤	U+F1AA4	md-filter_cog_outline
󱪥	U+F1AA5	md-filter_settings
󱪦	U+F1AA6	md-filter_settings_outline
󱪧	U+F1AA7	md-folder_lock_open_outline
󱪨	U+F1AA8	md-folder_lock_outline
󱪩	U+F1AA9	md-forum_minus
󱪪	U+F1AAA	md-forum_minus_outline
󱪫	U+F1AAB	md-forum_plus
󱪬	U+F1AAC	md-forum_plus_outline
󱪭	U+F1AAD	md-forum_remove
󱪮	U+F1AAE	md-forum_remove_outline
󱪯	U+F1AAF	md-heating_coil
󱪰	U+F1AB0	md-image_lock
󱪱	U+F1AB1	md-image_lock_outline
󱪲	U+F1AB2	md-land_fields
󱪳	U+F1AB3	md-land_plots
󱪴	U+F1AB4	md-land_plots_circle
󱪵	U+F1AB5	md-land_plots_circle_variant
󱪶	U+F1AB6	md-land_rows_horizontal
󱪷	U+F1AB7	md-land_rows_vertical
󱪸	U+F1AB8	md-medical_cotton_swab
󱪹	U+F1AB9	md-rolodex
󱪺	U+F1ABA	md-rolodex_outline
󱪻	U+F1ABB	md-sort_variant_off
󱪼	U+F1ABC	md-tally_mark_1
󱪽	U+F1ABD	md-tally_mark_2
󱪾	U+F1ABE	md-tally_mark_3
󱪿	U+F1ABF	md-tally_mark_4
󱫀	U+F1AC0	md-tally_mark_5
󱫁	U+F1AC1	md-attachment_check
󱫂	U+F1AC2	md-attachment_minus
󱫃	U+F1AC3	md-attachment_off
󱫄	U+F1AC4	md-attachment_plus
󱫅	U+F1AC5	md-attachment_remove
󱫆	U+F1AC6	md-paperclip_check
󱫇	U+F1AC7	md-paperclip_minus
󱫈	U+F1AC8	md-paperclip_off
󱫉	U+F1AC9	md-paperclip_plus
󱫊	U+F1ACA	md-paperclip_remove
󱫋	U+F1ACB	md-network_pos
󱫌	U+F1ACC	md-timer_alert
󱫍	U+F1ACD	md-timer_alert_outline
󱫎	U+F1ACE	md-timer_cancel
󱫏	U+F1ACF	md-timer_cancel_outline
󱫐	U+F1AD0	md-timer_check
󱫑	U+F1AD1	md-timer_check_outline
󱫒	U+F1AD2	md-timer_edit
󱫓	U+F1AD3	md-timer_edit_outline
󱫔	U+F1AD4	md-timer_lock
󱫕	U+F1AD5	md-timer_lock_open
󱫖	U+F1AD6	md-timer_lock_open_outline
󱫗	U+F1AD7	md-timer_lock_outline
󱫘	U+F1AD8	md-timer_marker
󱫙	U+F1AD9	md-timer_marker_outline
󱫚	U+F1ADA	md-timer_minus
󱫛	U+F1ADB	md-timer_minus_outline
󱫜	U+F1ADC	md-timer_music
󱫝	U+F1ADD	md-timer_music_outline
󱫞	U+F1ADE	md-timer_pause
󱫟	U+F1ADF	md-timer_pause_outline
󱫠	U+F1AE0	md-timer_play
󱫡	U+F1AE1	md-timer_play_outline
󱫢	U+F1AE2	md-timer_plus
󱫣	U+F1AE3	md-timer_plus_outline
󱫤	U+F1AE4	md-timer_refresh
󱫥	U+F1AE5	md-timer_refresh_outline
󱫦	U+F1AE6	md-timer_remove
󱫧	U+F1AE7	md-timer_remove_outline
󱫨	U+F1AE8	md-timer_star
󱫩	U+F1AE9	md-timer_star_outline
󱫪	U+F1AEA	md-timer_stop
󱫫	U+F1AEB	md-timer_stop_outline
󱫬	U+F1AEC	md-timer_sync
󱫭	U+F1AED	md-timer_sync_outline
󱫮	U+F1AEE	md-ear_hearing_loop
󱫯	U+F1AEF	md-sail_boat_sink
󱫰	U+F1AF0	md-lecturn
